"../../../Engine/Content/EditorResources/S_Actor.ubulk" 0
"../../../Engine/Content/EditorResources/S_Actor.uasset" 1
"../../../Engine/Content/EditorResources/S_Actor.uexp" 2
"../../../Engine/Content/EditorResources/S_BoxReflectionCapture.uasset" 3
"../../../Engine/Content/EditorResources/S_BoxReflectionCapture.uexp" 4
"../../../Engine/Content/EngineResources/DefaultTexture.ubulk" 5
"../../../Engine/Content/EngineResources/DefaultTexture.uasset" 6
"../../../Engine/Content/EngineResources/DefaultTexture.uexp" 7
"../../../Engine/Content/EngineResources/DefaultTextureCube.uasset" 8
"../../../Engine/Content/EngineResources/DefaultTextureCube.uexp" 9
"../../../Engine/Content/EngineResources/DefaultVolumeTexture2D.uasset" 10
"../../../Engine/Content/EngineResources/DefaultVolumeTexture2D.uexp" 11
"../../../Engine/Content/EngineResources/DefaultVolumeTexture.uasset" 12
"../../../Engine/Content/EngineResources/DefaultVolumeTexture.uexp" 13
"../../../Engine/Content/EditorResources/S_Trigger.ubulk" 14
"../../../Engine/Content/EditorResources/S_Trigger.uasset" 15
"../../../Engine/Content/EditorResources/S_Trigger.uexp" 16
"../../../Engine/Content/EditorResources/S_TriggerBox.uasset" 17
"../../../Engine/Content/EditorResources/S_TriggerBox.uexp" 18
"../../../Engine/Content/EditorResources/S_TriggerCapsule.uasset" 19
"../../../Engine/Content/EditorResources/S_TriggerCapsule.uexp" 20
"../../../Engine/Content/EditorResources/S_TriggerSphere.uasset" 21
"../../../Engine/Content/EditorResources/S_TriggerSphere.uexp" 22
"../../../Engine/Content/EngineMeshes/Sphere.ubulk" 23
"../../../Engine/Content/EngineMeshes/Sphere.uasset" 24
"../../../Engine/Content/EngineMeshes/Sphere.uexp" 25
"../../../Engine/Content/EngineResources/GradientTexture0.uasset" 26
"../../../Engine/Content/EngineResources/GradientTexture0.uexp" 27
"../../../Engine/Content/EngineResources/Black.uasset" 28
"../../../Engine/Content/EngineResources/Black.uexp" 29
"../../../Engine/Content/VREditor/LaserPointer/VR_LaserPower_01.ubulk" 30
"../../../Engine/Content/VREditor/LaserPointer/VR_LaserPower_01.uasset" 31
"../../../Engine/Content/VREditor/LaserPointer/VR_LaserPower_01.uexp" 32
"../../../Engine/Content/VREditor/TransformGizmo/TransformGizmoMaterial.uasset" 33
"../../../Engine/Content/VREditor/TransformGizmo/TransformGizmoMaterial.uexp" 34
"../../../Engine/Content/VREditor/TransformGizmo/TranslucentTransformGizmoMaterial.uasset" 35
"../../../Engine/Content/VREditor/TransformGizmo/TranslucentTransformGizmoMaterial.uexp" 36
"../../../Engine/Content/VREditor/TransformGizmo/BoundingBoxCorner.ubulk" 37
"../../../Engine/Content/VREditor/TransformGizmo/BoundingBoxCorner.uasset" 38
"../../../Engine/Content/VREditor/TransformGizmo/BoundingBoxCorner.uexp" 39
"../../../Engine/Content/VREditor/TransformGizmo/BoundingBoxEdge.ubulk" 40
"../../../Engine/Content/VREditor/TransformGizmo/BoundingBoxEdge.uasset" 41
"../../../Engine/Content/VREditor/TransformGizmo/BoundingBoxEdge.uexp" 42
"../../../Engine/Content/VREditor/TransformGizmo/Main.uasset" 43
"../../../Engine/Content/VREditor/TransformGizmo/Main.uexp" 44
"../../../Engine/Content/VREditor/TransformGizmo/Xray.uasset" 45
"../../../Engine/Content/VREditor/TransformGizmo/Xray.uexp" 46
"../../../Engine/Content/VREditor/TransformGizmo/SM_Sequencer_Node.ubulk" 47
"../../../Engine/Content/VREditor/TransformGizmo/SM_Sequencer_Node.uasset" 48
"../../../Engine/Content/VREditor/TransformGizmo/SM_Sequencer_Node.uexp" 49
"../../../Engine/Content/EditorResources/S_Solver.ubulk" 50
"../../../Engine/Content/EditorResources/S_Solver.uasset" 51
"../../../Engine/Content/EditorResources/S_Solver.uexp" 52
"../../../Engine/Content/EditorMaterials/Camera/CineMat.uasset" 53
"../../../Engine/Content/EditorMaterials/Camera/CineMat.uexp" 54
"../../../Engine/Content/EditorMaterials/Camera/MI_CineMat_Rig.uasset" 55
"../../../Engine/Content/EditorMaterials/Camera/MI_CineMat_Rig.uexp" 56
"../../../Engine/Content/EditorMeshes/Camera/SM_CraneRig_Base.ubulk" 57
"../../../Engine/Content/EditorMeshes/Camera/SM_CraneRig_Base.uasset" 58
"../../../Engine/Content/EditorMeshes/Camera/SM_CraneRig_Base.uexp" 59
"../../../Engine/Content/EditorMeshes/Camera/SM_CraneRig_Arm.ubulk" 60
"../../../Engine/Content/EditorMeshes/Camera/SM_CraneRig_Arm.uasset" 61
"../../../Engine/Content/EditorMeshes/Camera/SM_CraneRig_Arm.uexp" 62
"../../../Engine/Content/EditorMeshes/Camera/SM_CraneRig_Mount.ubulk" 63
"../../../Engine/Content/EditorMeshes/Camera/SM_CraneRig_Mount.uasset" 64
"../../../Engine/Content/EditorMeshes/Camera/SM_CraneRig_Mount.uexp" 65
"../../../Engine/Content/EditorMeshes/Camera/SM_CraneRig_Body.ubulk" 66
"../../../Engine/Content/EditorMeshes/Camera/SM_CraneRig_Body.uasset" 67
"../../../Engine/Content/EditorMeshes/Camera/SM_CraneRig_Body.uexp" 68
"../../../Engine/Content/EditorMeshes/Camera/SM_RailRig_Track.ubulk" 69
"../../../Engine/Content/EditorMeshes/Camera/SM_RailRig_Track.uasset" 70
"../../../Engine/Content/EditorMeshes/Camera/SM_RailRig_Track.uexp" 71
"../../../Engine/Content/EditorMeshes/Camera/SM_RailRig_Mount.ubulk" 72
"../../../Engine/Content/EditorMeshes/Camera/SM_RailRig_Mount.uasset" 73
"../../../Engine/Content/EditorMeshes/Camera/SM_RailRig_Mount.uexp" 74
"../../../Engine/Content/EngineMaterials/T_Default_Material_Grid_M.ubulk" 75
"../../../Engine/Content/EngineMaterials/T_Default_Material_Grid_M.uasset" 76
"../../../Engine/Content/EngineMaterials/T_Default_Material_Grid_M.uexp" 77
"../../../Engine/Content/EngineMaterials/T_Default_Material_Grid_N.ubulk" 78
"../../../Engine/Content/EngineMaterials/T_Default_Material_Grid_N.uasset" 79
"../../../Engine/Content/EngineMaterials/T_Default_Material_Grid_N.uexp" 80
"../../../Engine/Content/Functions/Engine_MaterialFunctions01/Opacity/CameraDepthFade.uasset" 81
"../../../Engine/Content/Functions/Engine_MaterialFunctions01/Opacity/CameraDepthFade.uexp" 82
"../../../Engine/Content/EngineMaterials/WorldGridMaterial.uasset" 83
"../../../Engine/Content/EngineMaterials/WorldGridMaterial.uexp" 84
"../../../Engine/Content/ArtTools/RenderToTexture/Meshes/S_1_Unit_Plane.ubulk" 85
"../../../Engine/Content/ArtTools/RenderToTexture/Meshes/S_1_Unit_Plane.uasset" 86
"../../../Engine/Content/ArtTools/RenderToTexture/Meshes/S_1_Unit_Plane.uexp" 87
"../../../Engine/Content/EditorMaterials/ParticleSystems/PSysThumbnail_NoImage.ubulk" 88
"../../../Engine/Content/EditorMaterials/ParticleSystems/PSysThumbnail_NoImage.uasset" 89
"../../../Engine/Content/EditorMaterials/ParticleSystems/PSysThumbnail_NoImage.uexp" 90
"../../../Engine/Content/EditorMaterials/ParticleSystems/PSysThumbnail_OOD.ubulk" 91
"../../../Engine/Content/EditorMaterials/ParticleSystems/PSysThumbnail_OOD.uasset" 92
"../../../Engine/Content/EditorMaterials/ParticleSystems/PSysThumbnail_OOD.uexp" 93
"../../../Engine/Content/EditorLandscapeResources/SplineEditorMeshMat.uasset" 94
"../../../Engine/Content/EditorLandscapeResources/SplineEditorMeshMat.uexp" 95
"../../../Engine/Content/EditorLandscapeResources/SplineEditorMesh.ubulk" 96
"../../../Engine/Content/EditorLandscapeResources/SplineEditorMesh.uasset" 97
"../../../Engine/Content/EditorLandscapeResources/SplineEditorMesh.uexp" 98
"../../../Engine/Plugins/Media/MediaPlate/Content/SM_MediaPlateScreen.ubulk" 99
"../../../Engine/Plugins/Media/MediaPlate/Content/SM_MediaPlateScreen.uasset" 100
"../../../Engine/Plugins/Media/MediaPlate/Content/SM_MediaPlateScreen.uexp" 101
"../../../Engine/Content/EngineMaterials/DefaultBokeh.uasset" 102
"../../../Engine/Content/EngineMaterials/DefaultBokeh.uexp" 103
"../../../Engine/Content/EngineMaterials/MiniFont.uasset" 104
"../../../Engine/Content/EngineMaterials/MiniFont.uexp" 105
"../../../Engine/Content/EngineMaterials/WeightMapPlaceholderTexture.uasset" 106
"../../../Engine/Content/EngineMaterials/WeightMapPlaceholderTexture.uexp" 107
"../../../Engine/Content/EngineMaterials/WeightMapArrayPlaceholderTexture.uasset" 108
"../../../Engine/Content/EngineMaterials/WeightMapArrayPlaceholderTexture.uexp" 109
"../../../Engine/Content/EngineMaterials/DefaultWhiteGrid.ubulk" 110
"../../../Engine/Content/EngineMaterials/DefaultWhiteGrid.uasset" 111
"../../../Engine/Content/EngineMaterials/DefaultWhiteGrid.uexp" 112
"../../../Engine/Content/EngineMaterials/PreintegratedSkinBRDF.uasset" 113
"../../../Engine/Content/EngineMaterials/PreintegratedSkinBRDF.uexp" 114
"../../../Engine/Content/BasicShapes/Cube.ubulk" 115
"../../../Engine/Content/BasicShapes/Cube.uasset" 116
"../../../Engine/Content/BasicShapes/Cube.uexp" 117
"../../../Engine/Content/Animation/DefaultAnimCurveCompressionSettings.uasset" 118
"../../../Engine/Content/Animation/DefaultAnimCurveCompressionSettings.uexp" 119
"../../../Engine/Content/Animation/DefaultVariableFrameStrippingSettings.uasset" 120
"../../../Engine/Content/Animation/DefaultVariableFrameStrippingSettings.uexp" 121
"../../../Engine/Content/Animation/DefaultRecorderBoneCompression.uasset" 122
"../../../Engine/Content/Animation/DefaultRecorderBoneCompression.uexp" 123
"C:/Users/win11/Documents/GitHub/the-last-check-in/Content/tomWork/TemplateContent/FirstPersonArms/Character/Mesh/SK_Mannequin_Arms_Skeleton.uasset" 124
"C:/Users/win11/Documents/GitHub/the-last-check-in/Content/tomWork/TemplateContent/FirstPersonArms/Character/Mesh/SK_Mannequin_Arms_Skeleton.uexp" 125
"C:/Users/win11/Documents/GitHub/the-last-check-in/Content/tomWork/TemplateContent/FirstPersonArms/Animations/FP_Falling.uasset" 126
"C:/Users/win11/Documents/GitHub/the-last-check-in/Content/tomWork/TemplateContent/FirstPersonArms/Animations/FP_Falling.uexp" 127
"C:/Users/win11/Documents/GitHub/the-last-check-in/Content/tomWork/TemplateContent/FirstPersonArms/Animations/FP_Idle.uasset" 128
"C:/Users/win11/Documents/GitHub/the-last-check-in/Content/tomWork/TemplateContent/FirstPersonArms/Animations/FP_Idle.uexp" 129
"C:/Users/win11/Documents/GitHub/the-last-check-in/Content/tomWork/TemplateContent/FirstPersonArms/Animations/FP_Land.uasset" 130
"C:/Users/win11/Documents/GitHub/the-last-check-in/Content/tomWork/TemplateContent/FirstPersonArms/Animations/FP_Land.uexp" 131
"../../../Engine/Content/Animation/DefaultAnimBoneCompressionSettings.uasset" 132
"../../../Engine/Content/Animation/DefaultAnimBoneCompressionSettings.uexp" 133
"C:/Users/win11/Documents/GitHub/the-last-check-in/Content/tomWork/TemplateContent/FirstPersonArms/Animations/FP_Rifle_Run.uasset" 134
"C:/Users/win11/Documents/GitHub/the-last-check-in/Content/tomWork/TemplateContent/FirstPersonArms/Animations/FP_Rifle_Run.uexp" 135
"C:/Users/win11/Documents/GitHub/the-last-check-in/Content/tomWork/TemplateContent/FirstPersonArms/Animations/FP_Rifle_Jump.uasset" 136
"C:/Users/win11/Documents/GitHub/the-last-check-in/Content/tomWork/TemplateContent/FirstPersonArms/Animations/FP_Rifle_Jump.uexp" 137
"C:/Users/win11/Documents/GitHub/the-last-check-in/Content/tomWork/TemplateContent/FirstPersonArms/Animations/FP_Rifle_Idle.uasset" 138
"C:/Users/win11/Documents/GitHub/the-last-check-in/Content/tomWork/TemplateContent/FirstPersonArms/Animations/FP_Rifle_Idle.uexp" 139
"C:/Users/win11/Documents/GitHub/the-last-check-in/Content/tomWork/TemplateContent/FirstPersonArms/Animations/FP_Jump.uasset" 140
"C:/Users/win11/Documents/GitHub/the-last-check-in/Content/tomWork/TemplateContent/FirstPersonArms/Animations/FP_Jump.uexp" 141
"C:/Users/win11/Documents/GitHub/the-last-check-in/Content/tomWork/TemplateContent/FirstPersonArms/Animations/FP_Rifle_Land.uasset" 142
"C:/Users/win11/Documents/GitHub/the-last-check-in/Content/tomWork/TemplateContent/FirstPersonArms/Animations/FP_Rifle_Land.uexp" 143
"C:/Users/win11/Documents/GitHub/the-last-check-in/Content/tomWork/TemplateContent/FirstPersonArms/Animations/FP_Rifle_Falling.uasset" 144
"C:/Users/win11/Documents/GitHub/the-last-check-in/Content/tomWork/TemplateContent/FirstPersonArms/Animations/FP_Rifle_Falling.uexp" 145
"C:/Users/win11/Documents/GitHub/the-last-check-in/Content/tomWork/TemplateContent/FirstPersonArms/Animations/FP_Run_Fwd.uasset" 146
"C:/Users/win11/Documents/GitHub/the-last-check-in/Content/tomWork/TemplateContent/FirstPersonArms/Animations/FP_Run_Fwd.uexp" 147
"C:/Users/win11/Documents/GitHub/the-last-check-in/Content/tomWork/TemplateContent/FirstPersonArms/Animations/FirstPerson_AnimBP.uasset" 148
"C:/Users/win11/Documents/GitHub/the-last-check-in/Content/tomWork/TemplateContent/FirstPersonArms/Animations/FirstPerson_AnimBP.uexp" 149
"C:/Users/win11/Documents/GitHub/the-last-check-in/Content/tomWork/Meshes/doorFrame.ubulk" 150
"C:/Users/win11/Documents/GitHub/the-last-check-in/Content/tomWork/Meshes/doorFrame.uasset" 151
"C:/Users/win11/Documents/GitHub/the-last-check-in/Content/tomWork/Meshes/doorFrame.uexp" 152
"C:/Users/win11/Documents/GitHub/the-last-check-in/Content/tomWork/Materials/M_WhiteOutline.uasset" 153
"C:/Users/win11/Documents/GitHub/the-last-check-in/Content/tomWork/Materials/M_WhiteOutline.uexp" 154
"C:/Users/win11/Documents/GitHub/the-last-check-in/Content/tomWork/DataTypes/Struct_Item.uasset" 155
"C:/Users/win11/Documents/GitHub/the-last-check-in/Content/tomWork/DataTypes/Struct_Item.uexp" 156
"C:/Users/win11/Documents/GitHub/the-last-check-in/Content/tomWork/Actors/BP_InspectableProp.uasset" 157
"C:/Users/win11/Documents/GitHub/the-last-check-in/Content/tomWork/Actors/BP_InspectableProp.uexp" 158
"C:/Users/win11/Documents/GitHub/the-last-check-in/Content/tomWork/Interfaces/IF_Interactable.uasset" 159
"C:/Users/win11/Documents/GitHub/the-last-check-in/Content/tomWork/Interfaces/IF_Interactable.uexp" 160
"C:/Users/win11/Documents/GitHub/the-last-check-in/Content/tomWork/TemplateContent/FirstPersonArms/Character/Textures/Manny/T_Manny_02_BN.ubulk" 161
"C:/Users/win11/Documents/GitHub/the-last-check-in/Content/tomWork/TemplateContent/FirstPersonArms/Character/Textures/Manny/T_Manny_02_BN.uasset" 162
"C:/Users/win11/Documents/GitHub/the-last-check-in/Content/tomWork/TemplateContent/FirstPersonArms/Character/Textures/Manny/T_Manny_02_BN.uexp" 163
"C:/Users/win11/Documents/GitHub/the-last-check-in/Content/tomWork/TemplateContent/FirstPersonArms/Character/Textures/Manny/T_Manny_02_N.ubulk" 164
"C:/Users/win11/Documents/GitHub/the-last-check-in/Content/tomWork/TemplateContent/FirstPersonArms/Character/Textures/Manny/T_Manny_02_N.uasset" 165
"C:/Users/win11/Documents/GitHub/the-last-check-in/Content/tomWork/TemplateContent/FirstPersonArms/Character/Textures/Manny/T_Manny_02_N.uexp" 166
"C:/Users/win11/Documents/GitHub/the-last-check-in/Content/tomWork/TemplateContent/FirstPersonArms/Character/Textures/Manny/T_Manny_02_ASAOPMASK_MSK.ubulk" 167
"C:/Users/win11/Documents/GitHub/the-last-check-in/Content/tomWork/TemplateContent/FirstPersonArms/Character/Textures/Manny/T_Manny_02_ASAOPMASK_MSK.uasset" 168
"C:/Users/win11/Documents/GitHub/the-last-check-in/Content/tomWork/TemplateContent/FirstPersonArms/Character/Textures/Manny/T_Manny_02_ASAOPMASK_MSK.uexp" 169
"C:/Users/win11/Documents/GitHub/the-last-check-in/Content/tomWork/TemplateContent/FirstPersonArms/Character/Textures/Manny/T_Manny_01_N.ubulk" 170
"C:/Users/win11/Documents/GitHub/the-last-check-in/Content/tomWork/TemplateContent/FirstPersonArms/Character/Textures/Manny/T_Manny_01_N.uasset" 171
"C:/Users/win11/Documents/GitHub/the-last-check-in/Content/tomWork/TemplateContent/FirstPersonArms/Character/Textures/Manny/T_Manny_01_N.uexp" 172
"../../../Engine/Content/Functions/Engine_MaterialFunctions02/Utility/BreakOutFloat2Components.uasset" 173
"../../../Engine/Content/Functions/Engine_MaterialFunctions02/Utility/BreakOutFloat2Components.uexp" 174
"../../../Engine/Content/Functions/Engine_MaterialFunctions01/Texturing/ScaleUVsByCenter.uasset" 175
"../../../Engine/Content/Functions/Engine_MaterialFunctions01/Texturing/ScaleUVsByCenter.uexp" 176
"C:/Users/win11/Documents/GitHub/the-last-check-in/Content/tomWork/TemplateContent/FirstPersonArms/Character/Textures/Shared/T_UE_Logo_M.uasset" 177
"C:/Users/win11/Documents/GitHub/the-last-check-in/Content/tomWork/TemplateContent/FirstPersonArms/Character/Textures/Shared/T_UE_Logo_M.uexp" 178
"C:/Users/win11/Documents/GitHub/the-last-check-in/Content/tomWork/TemplateContent/FirstPersonArms/Character/Materials/Functions/MF_logo3layers.uasset" 179
"C:/Users/win11/Documents/GitHub/the-last-check-in/Content/tomWork/TemplateContent/FirstPersonArms/Character/Materials/Functions/MF_logo3layers.uexp" 180
"C:/Users/win11/Documents/GitHub/the-last-check-in/Content/tomWork/TemplateContent/FirstPersonArms/Character/Textures/Manny/T_Manny_01_ASAOPMASK_MSK.ubulk" 181
"C:/Users/win11/Documents/GitHub/the-last-check-in/Content/tomWork/TemplateContent/FirstPersonArms/Character/Textures/Manny/T_Manny_01_ASAOPMASK_MSK.uasset" 182
"C:/Users/win11/Documents/GitHub/the-last-check-in/Content/tomWork/TemplateContent/FirstPersonArms/Character/Textures/Manny/T_Manny_01_ASAOPMASK_MSK.uexp" 183
"C:/Users/win11/Documents/GitHub/the-last-check-in/Content/tomWork/TemplateContent/FirstPersonArms/Character/Textures/Manny/T_Manny_01_D.ubulk" 184
"C:/Users/win11/Documents/GitHub/the-last-check-in/Content/tomWork/TemplateContent/FirstPersonArms/Character/Textures/Manny/T_Manny_01_D.uasset" 185
"C:/Users/win11/Documents/GitHub/the-last-check-in/Content/tomWork/TemplateContent/FirstPersonArms/Character/Textures/Manny/T_Manny_01_D.uexp" 186
"C:/Users/win11/Documents/GitHub/the-last-check-in/Content/tomWork/TemplateContent/FirstPersonArms/Character/Materials/Functions/ChromaticCurve.uasset" 187
"C:/Users/win11/Documents/GitHub/the-last-check-in/Content/tomWork/TemplateContent/FirstPersonArms/Character/Materials/Functions/ChromaticCurve.uexp" 188
"C:/Users/win11/Documents/GitHub/the-last-check-in/Content/tomWork/TemplateContent/FirstPersonArms/Character/Materials/Functions/CA_Mannequin.uasset" 189
"C:/Users/win11/Documents/GitHub/the-last-check-in/Content/tomWork/TemplateContent/FirstPersonArms/Character/Materials/Functions/CA_Mannequin.uexp" 190
"C:/Users/win11/Documents/GitHub/the-last-check-in/Content/tomWork/TemplateContent/FirstPersonArms/Character/Textures/Manny/T_Manny_01_MSR_MSK.ubulk" 191
"C:/Users/win11/Documents/GitHub/the-last-check-in/Content/tomWork/TemplateContent/FirstPersonArms/Character/Textures/Manny/T_Manny_01_MSR_MSK.uasset" 192
"C:/Users/win11/Documents/GitHub/the-last-check-in/Content/tomWork/TemplateContent/FirstPersonArms/Character/Textures/Manny/T_Manny_01_MSR_MSK.uexp" 193
"C:/Users/win11/Documents/GitHub/the-last-check-in/Content/tomWork/TemplateContent/FirstPersonArms/Character/Textures/Manny/T_Manny_01_BN.ubulk" 194
"C:/Users/win11/Documents/GitHub/the-last-check-in/Content/tomWork/TemplateContent/FirstPersonArms/Character/Textures/Manny/T_Manny_01_BN.uasset" 195
"C:/Users/win11/Documents/GitHub/the-last-check-in/Content/tomWork/TemplateContent/FirstPersonArms/Character/Textures/Manny/T_Manny_01_BN.uexp" 196
"C:/Users/win11/Documents/GitHub/the-last-check-in/Content/tomWork/TemplateContent/FirstPersonArms/Character/Textures/Manny/T_Manny_01_Tan.ubulk" 197
"C:/Users/win11/Documents/GitHub/the-last-check-in/Content/tomWork/TemplateContent/FirstPersonArms/Character/Textures/Manny/T_Manny_01_Tan.uasset" 198
"C:/Users/win11/Documents/GitHub/the-last-check-in/Content/tomWork/TemplateContent/FirstPersonArms/Character/Textures/Manny/T_Manny_01_Tan.uexp" 199
"C:/Users/win11/Documents/GitHub/the-last-check-in/Content/tomWork/TemplateContent/FirstPersonArms/Character/Textures/Manny/T_Manny_01_CCRCCPlastic_MSK.ubulk" 200
"C:/Users/win11/Documents/GitHub/the-last-check-in/Content/tomWork/TemplateContent/FirstPersonArms/Character/Textures/Manny/T_Manny_01_CCRCCPlastic_MSK.uasset" 201
"C:/Users/win11/Documents/GitHub/the-last-check-in/Content/tomWork/TemplateContent/FirstPersonArms/Character/Textures/Manny/T_Manny_01_CCRCCPlastic_MSK.uexp" 202
"C:/Users/win11/Documents/GitHub/the-last-check-in/Content/tomWork/TemplateContent/FirstPersonArms/Character/Materials/Functions/MF_Diffraction.uasset" 203
"C:/Users/win11/Documents/GitHub/the-last-check-in/Content/tomWork/TemplateContent/FirstPersonArms/Character/Materials/Functions/MF_Diffraction.uexp" 204
"C:/Users/win11/Documents/GitHub/the-last-check-in/Content/tomWork/TemplateContent/FirstPersonArms/Character/Materials/Functions/ML_BaseColorFallOff.uasset" 205
"C:/Users/win11/Documents/GitHub/the-last-check-in/Content/tomWork/TemplateContent/FirstPersonArms/Character/Materials/Functions/ML_BaseColorFallOff.uexp" 206
"C:/Users/win11/Documents/GitHub/the-last-check-in/Content/tomWork/TemplateContent/FirstPersonArms/Character/Materials/M_Mannequin.uasset" 207
"C:/Users/win11/Documents/GitHub/the-last-check-in/Content/tomWork/TemplateContent/FirstPersonArms/Character/Materials/M_Mannequin.uexp" 208
"C:/Users/win11/Documents/GitHub/the-last-check-in/Content/tomWork/TemplateContent/FirstPersonArms/Character/Materials/Instances/Manny/MI_Manny_01.uasset" 209
"C:/Users/win11/Documents/GitHub/the-last-check-in/Content/tomWork/TemplateContent/FirstPersonArms/Character/Materials/Instances/Manny/MI_Manny_01.uexp" 210
"C:/Users/win11/Documents/GitHub/the-last-check-in/Content/tomWork/TemplateContent/FirstPersonArms/Character/Textures/Manny/T_Manny_02_Tan.ubulk" 211
"C:/Users/win11/Documents/GitHub/the-last-check-in/Content/tomWork/TemplateContent/FirstPersonArms/Character/Textures/Manny/T_Manny_02_Tan.uasset" 212
"C:/Users/win11/Documents/GitHub/the-last-check-in/Content/tomWork/TemplateContent/FirstPersonArms/Character/Textures/Manny/T_Manny_02_Tan.uexp" 213
"C:/Users/win11/Documents/GitHub/the-last-check-in/Content/tomWork/TemplateContent/FirstPersonArms/Character/Textures/Manny/T_Manny_02_D.ubulk" 214
"C:/Users/win11/Documents/GitHub/the-last-check-in/Content/tomWork/TemplateContent/FirstPersonArms/Character/Textures/Manny/T_Manny_02_D.uasset" 215
"C:/Users/win11/Documents/GitHub/the-last-check-in/Content/tomWork/TemplateContent/FirstPersonArms/Character/Textures/Manny/T_Manny_02_D.uexp" 216
"C:/Users/win11/Documents/GitHub/the-last-check-in/Content/tomWork/TemplateContent/FirstPersonArms/Character/Textures/Manny/T_Manny_02_CCRCCPlastic_MSK.ubulk" 217
"C:/Users/win11/Documents/GitHub/the-last-check-in/Content/tomWork/TemplateContent/FirstPersonArms/Character/Textures/Manny/T_Manny_02_CCRCCPlastic_MSK.uasset" 218
"C:/Users/win11/Documents/GitHub/the-last-check-in/Content/tomWork/TemplateContent/FirstPersonArms/Character/Textures/Manny/T_Manny_02_CCRCCPlastic_MSK.uexp" 219
"C:/Users/win11/Documents/GitHub/the-last-check-in/Content/tomWork/TemplateContent/FirstPersonArms/Character/Textures/Manny/T_Manny_02_MSR_MSK.ubulk" 220
"C:/Users/win11/Documents/GitHub/the-last-check-in/Content/tomWork/TemplateContent/FirstPersonArms/Character/Textures/Manny/T_Manny_02_MSR_MSK.uasset" 221
"C:/Users/win11/Documents/GitHub/the-last-check-in/Content/tomWork/TemplateContent/FirstPersonArms/Character/Textures/Manny/T_Manny_02_MSR_MSK.uexp" 222
"C:/Users/win11/Documents/GitHub/the-last-check-in/Content/tomWork/TemplateContent/FirstPersonArms/Character/Materials/Instances/Manny/MI_Manny_02.uasset" 223
"C:/Users/win11/Documents/GitHub/the-last-check-in/Content/tomWork/TemplateContent/FirstPersonArms/Character/Materials/Instances/Manny/MI_Manny_02.uexp" 224
"C:/Users/win11/Documents/GitHub/the-last-check-in/Content/tomWork/TemplateContent/FirstPersonArms/Character/Mesh/SK_Mannequin_Arms_PhysicsAsset.uasset" 225
"C:/Users/win11/Documents/GitHub/the-last-check-in/Content/tomWork/TemplateContent/FirstPersonArms/Character/Mesh/SK_Mannequin_Arms_PhysicsAsset.uexp" 226
"C:/Users/win11/Documents/GitHub/the-last-check-in/Content/tomWork/TemplateContent/FirstPersonArms/Character/Mesh/SK_Mannequin_Arms.uasset" 227
"C:/Users/win11/Documents/GitHub/the-last-check-in/Content/tomWork/TemplateContent/FirstPersonArms/Character/Mesh/SK_Mannequin_Arms.uexp" 228
"C:/Users/win11/Documents/GitHub/the-last-check-in/Content/tomWork/Widgets/WBP_ItemInteractWidget.uasset" 229
"C:/Users/win11/Documents/GitHub/the-last-check-in/Content/tomWork/Widgets/WBP_ItemInteractWidget.uexp" 230
"C:/Users/win11/Documents/GitHub/the-last-check-in/Content/tomWork/Actors/BP_ItemPickup.uasset" 231
"C:/Users/win11/Documents/GitHub/the-last-check-in/Content/tomWork/Actors/BP_ItemPickup.uexp" 232
"C:/Users/win11/Documents/GitHub/the-last-check-in/Content/tomWork/TemplateContent/FirstPerson/Input/Actions/IA_Jump.uasset" 233
"C:/Users/win11/Documents/GitHub/the-last-check-in/Content/tomWork/TemplateContent/FirstPerson/Input/Actions/IA_Jump.uexp" 234
"C:/Users/win11/Documents/GitHub/the-last-check-in/Content/tomWork/TemplateContent/FirstPerson/Input/Actions/IA_Move.uasset" 235
"C:/Users/win11/Documents/GitHub/the-last-check-in/Content/tomWork/TemplateContent/FirstPerson/Input/Actions/IA_Move.uexp" 236
"C:/Users/win11/Documents/GitHub/the-last-check-in/Content/tomWork/TemplateContent/FirstPerson/Input/Actions/IA_Look.uasset" 237
"C:/Users/win11/Documents/GitHub/the-last-check-in/Content/tomWork/TemplateContent/FirstPerson/Input/Actions/IA_Look.uexp" 238
"C:/Users/win11/Documents/GitHub/the-last-check-in/Content/tomWork/Widgets/WBP_InspectPropUI.uasset" 239
"C:/Users/win11/Documents/GitHub/the-last-check-in/Content/tomWork/Widgets/WBP_InspectPropUI.uexp" 240
"../../../Engine/Content/BasicShapes/Plane.ubulk" 241
"../../../Engine/Content/BasicShapes/Plane.uasset" 242
"../../../Engine/Content/BasicShapes/Plane.uexp" 243
"../../../Engine/Content/Functions/Engine_MaterialFunctions02/Utility/MakeFloat3.uasset" 244
"../../../Engine/Content/Functions/Engine_MaterialFunctions02/Utility/MakeFloat3.uexp" 245
"../../../Engine/Content/Functions/Engine_MaterialFunctions01/Gradient/LinearGradient.uasset" 246
"../../../Engine/Content/Functions/Engine_MaterialFunctions01/Gradient/LinearGradient.uexp" 247
"../../../Engine/Content/Functions/Engine_MaterialFunctions01/ImageAdjustment/CheapContrast.uasset" 248
"../../../Engine/Content/Functions/Engine_MaterialFunctions01/ImageAdjustment/CheapContrast.uexp" 249
"C:/Users/win11/Documents/GitHub/the-last-check-in/Content/tomWork/TemplateContent/LevelPrototyping/Textures/T_GridChecker_A.ubulk" 250
"C:/Users/win11/Documents/GitHub/the-last-check-in/Content/tomWork/TemplateContent/LevelPrototyping/Textures/T_GridChecker_A.uasset" 251
"C:/Users/win11/Documents/GitHub/the-last-check-in/Content/tomWork/TemplateContent/LevelPrototyping/Textures/T_GridChecker_A.uexp" 252
"../../../Engine/Content/Functions/Engine_MaterialFunctions02/Utility/BreakOutFloat3Components.uasset" 253
"../../../Engine/Content/Functions/Engine_MaterialFunctions02/Utility/BreakOutFloat3Components.uexp" 254
"C:/Users/win11/Documents/GitHub/the-last-check-in/Content/tomWork/TemplateContent/LevelPrototyping/Materials/MF_ProcGrid.uasset" 255
"C:/Users/win11/Documents/GitHub/the-last-check-in/Content/tomWork/TemplateContent/LevelPrototyping/Materials/MF_ProcGrid.uexp" 256
"C:/Users/win11/Documents/GitHub/the-last-check-in/Content/tomWork/TemplateContent/LevelPrototyping/Materials/M_PrototypeGrid.uasset" 257
"C:/Users/win11/Documents/GitHub/the-last-check-in/Content/tomWork/TemplateContent/LevelPrototyping/Materials/M_PrototypeGrid.uexp" 258
"C:/Users/win11/Documents/GitHub/the-last-check-in/Content/ollieWork/Evidence_Proto/BP_Camera.uasset" 259
"C:/Users/win11/Documents/GitHub/the-last-check-in/Content/ollieWork/Evidence_Proto/BP_Camera.uexp" 260
"C:/Users/win11/Documents/GitHub/the-last-check-in/Content/ollieWork/Evidence_Proto/BP_ObservableItem.uasset" 261
"C:/Users/win11/Documents/GitHub/the-last-check-in/Content/ollieWork/Evidence_Proto/BP_ObservableItem.uexp" 262
"C:/Users/win11/Documents/GitHub/the-last-check-in/Content/tomWork/TemplateContent/FirstPerson/Blueprints/BP_FirstPersonCharacter.uasset" 263
"C:/Users/win11/Documents/GitHub/the-last-check-in/Content/tomWork/TemplateContent/FirstPerson/Blueprints/BP_FirstPersonCharacter.uexp" 264
"C:/Users/win11/Documents/GitHub/the-last-check-in/Content/Eben_Work/Dialogue/STR_DialogueStructor.uasset" 265
"C:/Users/win11/Documents/GitHub/the-last-check-in/Content/Eben_Work/Dialogue/STR_DialogueStructor.uexp" 266
"C:/Users/win11/Documents/GitHub/the-last-check-in/Content/Eben_Work/Dialogue/DT_DialogueDataTable.uasset" 267
"C:/Users/win11/Documents/GitHub/the-last-check-in/Content/Eben_Work/Dialogue/DT_DialogueDataTable.uexp" 268
"C:/Users/win11/Documents/GitHub/the-last-check-in/Content/Eben_Work/Dialogue/WBP_TwoStageDialogue.uasset" 269
"C:/Users/win11/Documents/GitHub/the-last-check-in/Content/Eben_Work/Dialogue/WBP_TwoStageDialogue.uexp" 270
"C:/Users/win11/Documents/GitHub/the-last-check-in/Content/Eben_Work/WBP_InteractionPrompt.uasset" 271
"C:/Users/win11/Documents/GitHub/the-last-check-in/Content/Eben_Work/WBP_InteractionPrompt.uexp" 272
"C:/Users/win11/Documents/GitHub/the-last-check-in/Content/Eben_Work/BP_DialogueTest.uasset" 273
"C:/Users/win11/Documents/GitHub/the-last-check-in/Content/Eben_Work/BP_DialogueTest.uexp" 274
"../../../Engine/Content/BasicShapes/BasicShapeMaterial.uasset" 275
"../../../Engine/Content/BasicShapes/BasicShapeMaterial.uexp" 276
"C:/Users/win11/Documents/GitHub/the-last-check-in/Content/Eben_Work/BP_IAmAKey.uasset" 277
"C:/Users/win11/Documents/GitHub/the-last-check-in/Content/Eben_Work/BP_IAmAKey.uexp" 278
"../../../Engine/Plugins/Runtime/MeshModelingToolset/Content/Materials/M_DynamicMeshComponentVtxColor.uasset" 279
"../../../Engine/Plugins/Runtime/MeshModelingToolset/Content/Materials/M_DynamicMeshComponentVtxColor.uexp" 280
"../../../Engine/Plugins/Interchange/Runtime/Content/Pipelines/DefaultTexturePipeline.uasset" 281
"../../../Engine/Plugins/Interchange/Runtime/Content/Pipelines/DefaultTexturePipeline.uexp" 282
"../../../Engine/Plugins/Interchange/Runtime/Content/Pipelines/DefaultSceneLevelPipeline.uasset" 283
"../../../Engine/Plugins/Interchange/Runtime/Content/Pipelines/DefaultSceneLevelPipeline.uexp" 284
"../../../Engine/Plugins/Interchange/Runtime/Content/Pipelines/DefaultSceneAssetsPipeline.uasset" 285
"../../../Engine/Plugins/Interchange/Runtime/Content/Pipelines/DefaultSceneAssetsPipeline.uexp" 286
"../../../Engine/Plugins/Interchange/Runtime/Content/Pipelines/DefaultMaterialXPipeline.uasset" 287
"../../../Engine/Plugins/Interchange/Runtime/Content/Pipelines/DefaultMaterialXPipeline.uexp" 288
"../../../Engine/Plugins/Interchange/Runtime/Content/Pipelines/DefaultMaterialPipeline.uasset" 289
"../../../Engine/Plugins/Interchange/Runtime/Content/Pipelines/DefaultMaterialPipeline.uexp" 290
"../../../Engine/Plugins/Interchange/Runtime/Content/Pipelines/DefaultGLTFSceneAssetsPipeline.uasset" 291
"../../../Engine/Plugins/Interchange/Runtime/Content/Pipelines/DefaultGLTFSceneAssetsPipeline.uexp" 292
"../../../Engine/Plugins/Interchange/Runtime/Content/Pipelines/DefaultGLTFPipeline.uasset" 293
"../../../Engine/Plugins/Interchange/Runtime/Content/Pipelines/DefaultGLTFPipeline.uexp" 294
"../../../Engine/Plugins/Interchange/Runtime/Content/Pipelines/DefaultGLTFAssetsPipeline.uasset" 295
"../../../Engine/Plugins/Interchange/Runtime/Content/Pipelines/DefaultGLTFAssetsPipeline.uexp" 296
"../../../Engine/Plugins/Interchange/Runtime/Content/Pipelines/DefaultAssetsPipeline.uasset" 297
"../../../Engine/Plugins/Interchange/Runtime/Content/Pipelines/DefaultAssetsPipeline.uexp" 298
"../../../Engine/Plugins/Interchange/Runtime/Content/Functions/MX_UsdPreviewSurface.uasset" 299
"../../../Engine/Plugins/Interchange/Runtime/Content/Functions/MX_UsdPreviewSurface.uexp" 300
"../../../Engine/Plugins/Interchange/Runtime/Content/Functions/MX_UniformEDF.uasset" 301
"../../../Engine/Plugins/Interchange/Runtime/Content/Functions/MX_UniformEDF.uexp" 302
"../../../Engine/Plugins/Interchange/Runtime/Content/Functions/MX_TranslucentBSDF.uasset" 303
"../../../Engine/Plugins/Interchange/Runtime/Content/Functions/MX_TranslucentBSDF.uexp" 304
"../../../Engine/Plugins/Interchange/Runtime/Content/Functions/MX_ThinFilmBSDF.uasset" 305
"../../../Engine/Plugins/Interchange/Runtime/Content/Functions/MX_ThinFilmBSDF.uexp" 306
"../../../Engine/Plugins/Interchange/Runtime/Content/Functions/MX_SurfaceUnlit.uasset" 307
"../../../Engine/Plugins/Interchange/Runtime/Content/Functions/MX_SurfaceUnlit.uexp" 308
"../../../Engine/Plugins/Interchange/Runtime/Content/Functions/MX_Surface.uasset" 309
"../../../Engine/Plugins/Interchange/Runtime/Content/Functions/MX_Surface.uexp" 310
"../../../Engine/Plugins/Interchange/Runtime/Content/Functions/MX_SubsurfaceBSDF.uasset" 311
"../../../Engine/Plugins/Interchange/Runtime/Content/Functions/MX_SubsurfaceBSDF.uexp" 312
"../../../Engine/Plugins/Interchange/Runtime/Content/Functions/MX_SheenBSDF.uasset" 313
"../../../Engine/Plugins/Interchange/Runtime/Content/Functions/MX_SheenBSDF.uexp" 314
"../../../Engine/Plugins/Interchange/Runtime/Content/Functions/MX_OrenNayarBSDF.uasset" 315
"../../../Engine/Plugins/Interchange/Runtime/Content/Functions/MX_OrenNayarBSDF.uexp" 316
"../../../Engine/Content/Functions/Engine_MaterialFunctions02/Utility/CameraDirectionVector.uasset" 317
"../../../Engine/Content/Functions/Engine_MaterialFunctions02/Utility/CameraDirectionVector.uexp" 318
"../../../Engine/Content/Functions/Engine_MaterialFunctions01/Volumetrics/BeersLaw.uasset" 319
"../../../Engine/Content/Functions/Engine_MaterialFunctions01/Volumetrics/BeersLaw.uexp" 320
"../../../Engine/Content/EngineMaterials/Good64x64TilingNoiseHighFreq.uasset" 321
"../../../Engine/Content/EngineMaterials/Good64x64TilingNoiseHighFreq.uexp" 322
"../../../Engine/Content/Functions/Engine_MaterialFunctions02/Texturing/ScreenAlignedPixelToPixelUVs.uasset" 323
"../../../Engine/Content/Functions/Engine_MaterialFunctions02/Texturing/ScreenAlignedPixelToPixelUVs.uexp" 324
"../../../Engine/Plugins/Interchange/Runtime/Content/gltf/MaterialFunctions/MF_Temporal_Blur.uasset" 325
"../../../Engine/Plugins/Interchange/Runtime/Content/gltf/MaterialFunctions/MF_Temporal_Blur.uexp" 326
"../../../Engine/Plugins/Interchange/Runtime/Content/gltf/MaterialFunctions/MF_Fresnel_DS.uasset" 327
"../../../Engine/Plugins/Interchange/Runtime/Content/gltf/MaterialFunctions/MF_Fresnel_DS.uexp" 328
"../../../Engine/Plugins/Interchange/Runtime/Content/Functions/MX_Transmission.uasset" 329
"../../../Engine/Plugins/Interchange/Runtime/Content/Functions/MX_Transmission.uexp" 330
"../../../Engine/Plugins/Interchange/Runtime/Content/Functions/MF_OrenNayerView.uasset" 331
"../../../Engine/Plugins/Interchange/Runtime/Content/Functions/MF_OrenNayerView.uexp" 332
"../../../Engine/Plugins/Interchange/Runtime/Content/Functions/MF_SchlickApprox.uasset" 333
"../../../Engine/Plugins/Interchange/Runtime/Content/Functions/MF_SchlickApprox.uexp" 334
"../../../Engine/Plugins/Interchange/Runtime/Content/Utilities/New_LUT.uasset" 335
"../../../Engine/Plugins/Interchange/Runtime/Content/Utilities/New_LUT.uexp" 336
"../../../Engine/Content/Functions/Engine_MaterialFunctions03/Math/RemapValueRange.uasset" 337
"../../../Engine/Content/Functions/Engine_MaterialFunctions03/Math/RemapValueRange.uexp" 338
"../../../Engine/Plugins/Interchange/Runtime/Content/Functions/MF_Iridescence.uasset" 339
"../../../Engine/Plugins/Interchange/Runtime/Content/Functions/MF_Iridescence.uexp" 340
"../../../Engine/Plugins/Interchange/Runtime/Content/Functions/MX_StandardSurface.uasset" 341
"../../../Engine/Plugins/Interchange/Runtime/Content/Functions/MX_StandardSurface.uexp" 342
"../../../Engine/Plugins/Interchange/Runtime/Content/Functions/MX_TransmissionSurface.uasset" 343
"../../../Engine/Plugins/Interchange/Runtime/Content/Functions/MX_TransmissionSurface.uexp" 344
"../../../Engine/Plugins/Interchange/Runtime/Content/Functions/MX_OpenPBR_Translucent.uasset" 345
"../../../Engine/Plugins/Interchange/Runtime/Content/Functions/MX_OpenPBR_Translucent.uexp" 346
"../../../Engine/Plugins/Interchange/Runtime/Content/Functions/MX_OpenPBR_Opaque.uasset" 347
"../../../Engine/Plugins/Interchange/Runtime/Content/Functions/MX_OpenPBR_Opaque.uexp" 348
"../../../Engine/Plugins/Interchange/Runtime/Content/Functions/MX_MeasuredEDF.uasset" 349
"../../../Engine/Plugins/Interchange/Runtime/Content/Functions/MX_MeasuredEDF.uexp" 350
"../../../Engine/Plugins/Interchange/Runtime/Content/Functions/MX_GeneralizedSchlickBSDF.uasset" 351
"../../../Engine/Plugins/Interchange/Runtime/Content/Functions/MX_GeneralizedSchlickBSDF.uexp" 352
"../../../Engine/Plugins/Interchange/Runtime/Content/Functions/MX_DielectricBSDF.uasset" 353
"../../../Engine/Plugins/Interchange/Runtime/Content/Functions/MX_DielectricBSDF.uexp" 354
"../../../Engine/Plugins/Interchange/Runtime/Content/Functions/MX_ConicalEDF.uasset" 355
"../../../Engine/Plugins/Interchange/Runtime/Content/Functions/MX_ConicalEDF.uexp" 356
"../../../Engine/Plugins/Interchange/Runtime/Content/Functions/MX_ConductorBSDF.uasset" 357
"../../../Engine/Plugins/Interchange/Runtime/Content/Functions/MX_ConductorBSDF.uexp" 358
"../../../Engine/Plugins/Interchange/Runtime/Content/Functions/MX_BurleyDiffuseBSDF.uasset" 359
"../../../Engine/Plugins/Interchange/Runtime/Content/Functions/MX_BurleyDiffuseBSDF.uexp" 360
"../../../Engine/Plugins/Interchange/Runtime/Content/Functions/MX_AnisotropicVDF.uasset" 361
"../../../Engine/Plugins/Interchange/Runtime/Content/Functions/MX_AnisotropicVDF.uexp" 362
"../../../Engine/Plugins/Interchange/Runtime/Content/Functions/MX_AbsorptionVDF.uasset" 363
"../../../Engine/Plugins/Interchange/Runtime/Content/Functions/MX_AbsorptionVDF.uexp" 364
"../../../Engine/Plugins/Editor/SpeedTreeImporter/Content/SpeedTree9/game_wind_noise.ubulk" 365
"../../../Engine/Plugins/Editor/SpeedTreeImporter/Content/SpeedTree9/game_wind_noise.uasset" 366
"../../../Engine/Plugins/Editor/SpeedTreeImporter/Content/SpeedTree9/game_wind_noise.uexp" 367
"../../../Engine/Plugins/Editor/SpeedTreeImporter/Content/SpeedTree9/UnpackDirection.uasset" 368
"../../../Engine/Plugins/Editor/SpeedTreeImporter/Content/SpeedTree9/UnpackDirection.uexp" 369
"../../../Engine/Content/Functions/Engine_MaterialFunctions02/ObjectLocalBounds.uasset" 370
"../../../Engine/Content/Functions/Engine_MaterialFunctions02/ObjectLocalBounds.uexp" 371
"../../../Engine/Content/Functions/Engine_MaterialFunctions02/UVs/BoundingBoxBased_0-1_UVW.uasset" 372
"../../../Engine/Content/Functions/Engine_MaterialFunctions02/UVs/BoundingBoxBased_0-1_UVW.uexp" 373
"../../../Engine/Content/Functions/Engine_MaterialFunctions02/Utility/VectorLength.uasset" 374
"../../../Engine/Content/Functions/Engine_MaterialFunctions02/Utility/VectorLength.uexp" 375
"../../../Engine/Plugins/Editor/SpeedTreeImporter/Content/SpeedTree9/UnpackInteger3.uasset" 376
"../../../Engine/Plugins/Editor/SpeedTreeImporter/Content/SpeedTree9/UnpackInteger3.uexp" 377
"../../../Engine/Plugins/Editor/SpeedTreeImporter/Content/SpeedTree9/SpeedTreeCameraFacing.uasset" 378
"../../../Engine/Plugins/Editor/SpeedTreeImporter/Content/SpeedTree9/SpeedTreeCameraFacing.uexp" 379
"../../../Engine/Content/Functions/Engine_MaterialFunctions02/WorldPositionOffset/ObjectScale.uasset" 380
"../../../Engine/Content/Functions/Engine_MaterialFunctions02/WorldPositionOffset/ObjectScale.uexp" 381
"../../../Engine/Content/Functions/Engine_MaterialFunctions02/SafeNormalize.uasset" 382
"../../../Engine/Content/Functions/Engine_MaterialFunctions02/SafeNormalize.uexp" 383
"../../../Engine/Plugins/Editor/SpeedTreeImporter/Content/SpeedTree9/SpeedTreeWindMotion.uasset" 384
"../../../Engine/Plugins/Editor/SpeedTreeImporter/Content/SpeedTree9/SpeedTreeWindMotion.uexp" 385
"../../../Engine/Plugins/Editor/SpeedTreeImporter/Content/SpeedTree9/SpeedTreeBranchMotion.uasset" 386
"../../../Engine/Plugins/Editor/SpeedTreeImporter/Content/SpeedTree9/SpeedTreeBranchMotion.uexp" 387
"../../../Engine/Plugins/Editor/SpeedTreeImporter/Content/SpeedTree9/SpeedTreeWind.uasset" 388
"../../../Engine/Plugins/Editor/SpeedTreeImporter/Content/SpeedTree9/SpeedTreeWind.uexp" 389
"../../../Engine/Plugins/Editor/SpeedTreeImporter/Content/SpeedTree9/EmptyNormal.uasset" 390
"../../../Engine/Plugins/Editor/SpeedTreeImporter/Content/SpeedTree9/EmptyNormal.uexp" 391
"../../../Engine/Plugins/Editor/SpeedTreeImporter/Content/SpeedTree9/Empty.uasset" 392
"../../../Engine/Plugins/Editor/SpeedTreeImporter/Content/SpeedTree9/Empty.uexp" 393
"../../../Engine/Plugins/Editor/SpeedTreeImporter/Content/SpeedTree9/SpeedTreeMaster.uasset" 394
"../../../Engine/Plugins/Editor/SpeedTreeImporter/Content/SpeedTree9/SpeedTreeMaster.uexp" 395
"../../../Engine/Plugins/Editor/SpeedTreeImporter/Content/SpeedTree9/SpeedTreeBillboard.uasset" 396
"../../../Engine/Plugins/Editor/SpeedTreeImporter/Content/SpeedTree9/SpeedTreeBillboard.uexp" 397
"../../../Engine/Plugins/Editor/SpeedTreeImporter/Content/SpeedTree9/SpeedTreeBillboardMaster.uasset" 398
"../../../Engine/Plugins/Editor/SpeedTreeImporter/Content/SpeedTree9/SpeedTreeBillboardMaster.uexp" 399
"../../../Engine/Content/Functions/Engine_MaterialFunctions02/WorldPositionOffset/CameraOffset.uasset" 400
"../../../Engine/Content/Functions/Engine_MaterialFunctions02/WorldPositionOffset/CameraOffset.uexp" 401
"../../../Engine/Plugins/Animation/ControlRig/Content/M_Manip.uasset" 402
"../../../Engine/Plugins/Animation/ControlRig/Content/M_Manip.uexp" 403
"../../../Engine/Plugins/Animation/ControlRig/Content/Controls/DefaultGizmoLibraryNormalized.uasset" 404
"../../../Engine/Plugins/Animation/ControlRig/Content/Controls/DefaultGizmoLibraryNormalized.uexp" 405
"../../../Engine/Plugins/Animation/ControlRig/Content/Controls/ControlRig_Wedge_solid.ubulk" 406
"../../../Engine/Plugins/Animation/ControlRig/Content/Controls/ControlRig_Wedge_solid.uasset" 407
"../../../Engine/Plugins/Animation/ControlRig/Content/Controls/ControlRig_Wedge_solid.uexp" 408
"../../../Engine/Plugins/Animation/ControlRig/Content/Controls/ControlRig_Wedge_3mm.ubulk" 409
"../../../Engine/Plugins/Animation/ControlRig/Content/Controls/ControlRig_Wedge_3mm.uasset" 410
"../../../Engine/Plugins/Animation/ControlRig/Content/Controls/ControlRig_Wedge_3mm.uexp" 411
"../../../Engine/Plugins/Animation/ControlRig/Content/Controls/ControlRig_Wedge_1mm.ubulk" 412
"../../../Engine/Plugins/Animation/ControlRig/Content/Controls/ControlRig_Wedge_1mm.uasset" 413
"../../../Engine/Plugins/Animation/ControlRig/Content/Controls/ControlRig_Wedge_1mm.uexp" 414
"../../../Engine/Plugins/Animation/ControlRig/Content/Controls/ControlRig_Triangle_solid.ubulk" 415
"../../../Engine/Plugins/Animation/ControlRig/Content/Controls/ControlRig_Triangle_solid.uasset" 416
"../../../Engine/Plugins/Animation/ControlRig/Content/Controls/ControlRig_Triangle_solid.uexp" 417
"../../../Engine/Plugins/Animation/ControlRig/Content/Controls/ControlRig_Triangle_3mm.ubulk" 418
"../../../Engine/Plugins/Animation/ControlRig/Content/Controls/ControlRig_Triangle_3mm.uasset" 419
"../../../Engine/Plugins/Animation/ControlRig/Content/Controls/ControlRig_Triangle_3mm.uexp" 420
"../../../Engine/Plugins/Animation/ControlRig/Content/Controls/ControlRig_Triangle_1mm.ubulk" 421
"../../../Engine/Plugins/Animation/ControlRig/Content/Controls/ControlRig_Triangle_1mm.uasset" 422
"../../../Engine/Plugins/Animation/ControlRig/Content/Controls/ControlRig_Triangle_1mm.uexp" 423
"../../../Engine/Plugins/Animation/ControlRig/Content/Controls/ControlRig_Star4_solid.ubulk" 424
"../../../Engine/Plugins/Animation/ControlRig/Content/Controls/ControlRig_Star4_solid.uasset" 425
"../../../Engine/Plugins/Animation/ControlRig/Content/Controls/ControlRig_Star4_solid.uexp" 426
"../../../Engine/Plugins/Animation/ControlRig/Content/Controls/ControlRig_Star4_3mm.ubulk" 427
"../../../Engine/Plugins/Animation/ControlRig/Content/Controls/ControlRig_Star4_3mm.uasset" 428
"../../../Engine/Plugins/Animation/ControlRig/Content/Controls/ControlRig_Star4_3mm.uexp" 429
"../../../Engine/Plugins/Animation/ControlRig/Content/Controls/ControlRig_Star4_1mm.ubulk" 430
"../../../Engine/Plugins/Animation/ControlRig/Content/Controls/ControlRig_Star4_1mm.uasset" 431
"../../../Engine/Plugins/Animation/ControlRig/Content/Controls/ControlRig_Star4_1mm.uexp" 432
"../../../Engine/Plugins/Animation/ControlRig/Content/Controls/ControlRig_Square_solid.ubulk" 433
"../../../Engine/Plugins/Animation/ControlRig/Content/Controls/ControlRig_Square_solid.uasset" 434
"../../../Engine/Plugins/Animation/ControlRig/Content/Controls/ControlRig_Square_solid.uexp" 435
"../../../Engine/Plugins/Animation/ControlRig/Content/Controls/ControlRig_Square_3mm.ubulk" 436
"../../../Engine/Plugins/Animation/ControlRig/Content/Controls/ControlRig_Square_3mm.uasset" 437
"../../../Engine/Plugins/Animation/ControlRig/Content/Controls/ControlRig_Square_3mm.uexp" 438
"../../../Engine/Plugins/Animation/ControlRig/Content/Controls/ControlRig_Square_1mm.ubulk" 439
"../../../Engine/Plugins/Animation/ControlRig/Content/Controls/ControlRig_Square_1mm.uasset" 440
"../../../Engine/Plugins/Animation/ControlRig/Content/Controls/ControlRig_Square_1mm.uexp" 441
"../../../Engine/Plugins/Animation/ControlRig/Content/Controls/ControlRig_Sphere_solid.ubulk" 442
"../../../Engine/Plugins/Animation/ControlRig/Content/Controls/ControlRig_Sphere_solid.uasset" 443
"../../../Engine/Plugins/Animation/ControlRig/Content/Controls/ControlRig_Sphere_solid.uexp" 444
"../../../Engine/Plugins/Animation/ControlRig/Content/Controls/ControlRig_Sphere_3mm.ubulk" 445
"../../../Engine/Plugins/Animation/ControlRig/Content/Controls/ControlRig_Sphere_3mm.uasset" 446
"../../../Engine/Plugins/Animation/ControlRig/Content/Controls/ControlRig_Sphere_3mm.uexp" 447
"../../../Engine/Plugins/Animation/ControlRig/Content/Controls/ControlRig_Sphere_1mm.ubulk" 448
"../../../Engine/Plugins/Animation/ControlRig/Content/Controls/ControlRig_Sphere_1mm.uasset" 449
"../../../Engine/Plugins/Animation/ControlRig/Content/Controls/ControlRig_Sphere_1mm.uexp" 450
"../../../Engine/Plugins/Animation/ControlRig/Content/Controls/ControlRig_RoundedTriangle_solid.ubulk" 451
"../../../Engine/Plugins/Animation/ControlRig/Content/Controls/ControlRig_RoundedTriangle_solid.uasset" 452
"../../../Engine/Plugins/Animation/ControlRig/Content/Controls/ControlRig_RoundedTriangle_solid.uexp" 453
"../../../Engine/Plugins/Animation/ControlRig/Content/Controls/ControlRig_RoundedTriangle_3mm.ubulk" 454
"../../../Engine/Plugins/Animation/ControlRig/Content/Controls/ControlRig_RoundedTriangle_3mm.uasset" 455
"../../../Engine/Plugins/Animation/ControlRig/Content/Controls/ControlRig_RoundedTriangle_3mm.uexp" 456
"../../../Engine/Plugins/Animation/ControlRig/Content/Controls/ControlRig_RoundedTriangle_1mm.ubulk" 457
"../../../Engine/Plugins/Animation/ControlRig/Content/Controls/ControlRig_RoundedTriangle_1mm.uasset" 458
"../../../Engine/Plugins/Animation/ControlRig/Content/Controls/ControlRig_RoundedTriangle_1mm.uexp" 459
"../../../Engine/Plugins/Animation/ControlRig/Content/Controls/ControlRig_RoundedSquare_solid.ubulk" 460
"../../../Engine/Plugins/Animation/ControlRig/Content/Controls/ControlRig_RoundedSquare_solid.uasset" 461
"../../../Engine/Plugins/Animation/ControlRig/Content/Controls/ControlRig_RoundedSquare_solid.uexp" 462
"../../../Engine/Plugins/Animation/ControlRig/Content/Controls/ControlRig_RoundedSquare_3mm.ubulk" 463
"../../../Engine/Plugins/Animation/ControlRig/Content/Controls/ControlRig_RoundedSquare_3mm.uasset" 464
"../../../Engine/Plugins/Animation/ControlRig/Content/Controls/ControlRig_RoundedSquare_3mm.uexp" 465
"../../../Engine/Plugins/Animation/ControlRig/Content/Controls/ControlRig_RoundedSquare_1mm.ubulk" 466
"../../../Engine/Plugins/Animation/ControlRig/Content/Controls/ControlRig_RoundedSquare_1mm.uasset" 467
"../../../Engine/Plugins/Animation/ControlRig/Content/Controls/ControlRig_RoundedSquare_1mm.uexp" 468
"../../../Engine/Plugins/Animation/ControlRig/Content/Controls/ControlRig_QuarterCircle_solid.ubulk" 469
"../../../Engine/Plugins/Animation/ControlRig/Content/Controls/ControlRig_QuarterCircle_solid.uasset" 470
"../../../Engine/Plugins/Animation/ControlRig/Content/Controls/ControlRig_QuarterCircle_solid.uexp" 471
"../../../Engine/Plugins/Animation/ControlRig/Content/Controls/ControlRig_QuarterCircle_3mm.ubulk" 472
"../../../Engine/Plugins/Animation/ControlRig/Content/Controls/ControlRig_QuarterCircle_3mm.uasset" 473
"../../../Engine/Plugins/Animation/ControlRig/Content/Controls/ControlRig_QuarterCircle_3mm.uexp" 474
"../../../Engine/Plugins/Animation/ControlRig/Content/Controls/ControlRig_QuarterCircle_1mm.ubulk" 475
"../../../Engine/Plugins/Animation/ControlRig/Content/Controls/ControlRig_QuarterCircle_1mm.uasset" 476
"../../../Engine/Plugins/Animation/ControlRig/Content/Controls/ControlRig_QuarterCircle_1mm.uexp" 477
"../../../Engine/Plugins/Animation/ControlRig/Content/Controls/ControlRig_Pyramid_solid.ubulk" 478
"../../../Engine/Plugins/Animation/ControlRig/Content/Controls/ControlRig_Pyramid_solid.uasset" 479
"../../../Engine/Plugins/Animation/ControlRig/Content/Controls/ControlRig_Pyramid_solid.uexp" 480
"../../../Engine/Plugins/Animation/ControlRig/Content/Controls/ControlRig_Pyramid_3mm.ubulk" 481
"../../../Engine/Plugins/Animation/ControlRig/Content/Controls/ControlRig_Pyramid_3mm.uasset" 482
"../../../Engine/Plugins/Animation/ControlRig/Content/Controls/ControlRig_Pyramid_3mm.uexp" 483
"../../../Engine/Plugins/Animation/ControlRig/Content/Controls/ControlRig_Pyramid_1mm.ubulk" 484
"../../../Engine/Plugins/Animation/ControlRig/Content/Controls/ControlRig_Pyramid_1mm.uasset" 485
"../../../Engine/Plugins/Animation/ControlRig/Content/Controls/ControlRig_Pyramid_1mm.uexp" 486
"../../../Engine/Plugins/Animation/ControlRig/Content/Controls/ControlRig_Octagon_solid.ubulk" 487
"../../../Engine/Plugins/Animation/ControlRig/Content/Controls/ControlRig_Octagon_solid.uasset" 488
"../../../Engine/Plugins/Animation/ControlRig/Content/Controls/ControlRig_Octagon_solid.uexp" 489
"../../../Engine/Plugins/Animation/ControlRig/Content/Controls/ControlRig_Octagon_3mm.ubulk" 490
"../../../Engine/Plugins/Animation/ControlRig/Content/Controls/ControlRig_Octagon_3mm.uasset" 491
"../../../Engine/Plugins/Animation/ControlRig/Content/Controls/ControlRig_Octagon_3mm.uexp" 492
"../../../Engine/Plugins/Animation/ControlRig/Content/Controls/ControlRig_Octagon_1mm.ubulk" 493
"../../../Engine/Plugins/Animation/ControlRig/Content/Controls/ControlRig_Octagon_1mm.uasset" 494
"../../../Engine/Plugins/Animation/ControlRig/Content/Controls/ControlRig_Octagon_1mm.uexp" 495
"../../../Engine/Plugins/Animation/ControlRig/Content/Controls/ControlRig_Hexagon_solid.ubulk" 496
"../../../Engine/Plugins/Animation/ControlRig/Content/Controls/ControlRig_Hexagon_solid.uasset" 497
"../../../Engine/Plugins/Animation/ControlRig/Content/Controls/ControlRig_Hexagon_solid.uexp" 498
"../../../Engine/Plugins/Animation/ControlRig/Content/Controls/ControlRig_Hexagon_3mm.ubulk" 499
"../../../Engine/Plugins/Animation/ControlRig/Content/Controls/ControlRig_Hexagon_3mm.uasset" 500
"../../../Engine/Plugins/Animation/ControlRig/Content/Controls/ControlRig_Hexagon_3mm.uexp" 501
"../../../Engine/Plugins/Animation/ControlRig/Content/Controls/ControlRig_Hexagon_1mm.ubulk" 502
"../../../Engine/Plugins/Animation/ControlRig/Content/Controls/ControlRig_Hexagon_1mm.uasset" 503
"../../../Engine/Plugins/Animation/ControlRig/Content/Controls/ControlRig_Hexagon_1mm.uexp" 504
"../../../Engine/Plugins/Animation/ControlRig/Content/Controls/ControlRig_HalfCircle_solid.ubulk" 505
"../../../Engine/Plugins/Animation/ControlRig/Content/Controls/ControlRig_HalfCircle_solid.uasset" 506
"../../../Engine/Plugins/Animation/ControlRig/Content/Controls/ControlRig_HalfCircle_solid.uexp" 507
"../../../Engine/Plugins/Animation/ControlRig/Content/Controls/ControlRig_HalfCircle_3mm.ubulk" 508
"../../../Engine/Plugins/Animation/ControlRig/Content/Controls/ControlRig_HalfCircle_3mm.uasset" 509
"../../../Engine/Plugins/Animation/ControlRig/Content/Controls/ControlRig_HalfCircle_3mm.uexp" 510
"../../../Engine/Plugins/Animation/ControlRig/Content/Controls/ControlRig_HalfCircle_1mm.ubulk" 511
"../../../Engine/Plugins/Animation/ControlRig/Content/Controls/ControlRig_HalfCircle_1mm.uasset" 512
"../../../Engine/Plugins/Animation/ControlRig/Content/Controls/ControlRig_HalfCircle_1mm.uexp" 513
"../../../Engine/Plugins/Animation/ControlRig/Content/Controls/ControlRig_Diamond_solid.ubulk" 514
"../../../Engine/Plugins/Animation/ControlRig/Content/Controls/ControlRig_Diamond_solid.uasset" 515
"../../../Engine/Plugins/Animation/ControlRig/Content/Controls/ControlRig_Diamond_solid.uexp" 516
"../../../Engine/Plugins/Animation/ControlRig/Content/Controls/ControlRig_Diamond_3mm.ubulk" 517
"../../../Engine/Plugins/Animation/ControlRig/Content/Controls/ControlRig_Diamond_3mm.uasset" 518
"../../../Engine/Plugins/Animation/ControlRig/Content/Controls/ControlRig_Diamond_3mm.uexp" 519
"../../../Engine/Plugins/Animation/ControlRig/Content/Controls/ControlRig_Diamond_1mm.ubulk" 520
"../../../Engine/Plugins/Animation/ControlRig/Content/Controls/ControlRig_Diamond_1mm.uasset" 521
"../../../Engine/Plugins/Animation/ControlRig/Content/Controls/ControlRig_Diamond_1mm.uexp" 522
"../../../Engine/Plugins/Animation/ControlRig/Content/Controls/ControlRig_Circle_solid.ubulk" 523
"../../../Engine/Plugins/Animation/ControlRig/Content/Controls/ControlRig_Circle_solid.uasset" 524
"../../../Engine/Plugins/Animation/ControlRig/Content/Controls/ControlRig_Circle_solid.uexp" 525
"../../../Engine/Plugins/Animation/ControlRig/Content/Controls/ControlRig_Circle_3mm.ubulk" 526
"../../../Engine/Plugins/Animation/ControlRig/Content/Controls/ControlRig_Circle_3mm.uasset" 527
"../../../Engine/Plugins/Animation/ControlRig/Content/Controls/ControlRig_Circle_3mm.uexp" 528
"../../../Engine/Plugins/Animation/ControlRig/Content/Controls/ControlRig_Circle_1mm.ubulk" 529
"../../../Engine/Plugins/Animation/ControlRig/Content/Controls/ControlRig_Circle_1mm.uasset" 530
"../../../Engine/Plugins/Animation/ControlRig/Content/Controls/ControlRig_Circle_1mm.uexp" 531
"../../../Engine/Plugins/Animation/ControlRig/Content/Controls/ControlRig_Box_solid.ubulk" 532
"../../../Engine/Plugins/Animation/ControlRig/Content/Controls/ControlRig_Box_solid.uasset" 533
"../../../Engine/Plugins/Animation/ControlRig/Content/Controls/ControlRig_Box_solid.uexp" 534
"../../../Engine/Plugins/Animation/ControlRig/Content/Controls/ControlRig_Box_3mm.ubulk" 535
"../../../Engine/Plugins/Animation/ControlRig/Content/Controls/ControlRig_Box_3mm.uasset" 536
"../../../Engine/Plugins/Animation/ControlRig/Content/Controls/ControlRig_Box_3mm.uexp" 537
"../../../Engine/Plugins/Animation/ControlRig/Content/Controls/ControlRig_Box_1mm.ubulk" 538
"../../../Engine/Plugins/Animation/ControlRig/Content/Controls/ControlRig_Box_1mm.uasset" 539
"../../../Engine/Plugins/Animation/ControlRig/Content/Controls/ControlRig_Box_1mm.uexp" 540
"../../../Engine/Plugins/Animation/ControlRig/Content/Controls/ControlRig_Arrow_solid.ubulk" 541
"../../../Engine/Plugins/Animation/ControlRig/Content/Controls/ControlRig_Arrow_solid.uasset" 542
"../../../Engine/Plugins/Animation/ControlRig/Content/Controls/ControlRig_Arrow_solid.uexp" 543
"../../../Engine/Plugins/Animation/ControlRig/Content/Controls/ControlRig_Arrow_3mm.ubulk" 544
"../../../Engine/Plugins/Animation/ControlRig/Content/Controls/ControlRig_Arrow_3mm.uasset" 545
"../../../Engine/Plugins/Animation/ControlRig/Content/Controls/ControlRig_Arrow_3mm.uexp" 546
"../../../Engine/Plugins/Animation/ControlRig/Content/Controls/ControlRig_Arrow_1mm.ubulk" 547
"../../../Engine/Plugins/Animation/ControlRig/Content/Controls/ControlRig_Arrow_1mm.uasset" 548
"../../../Engine/Plugins/Animation/ControlRig/Content/Controls/ControlRig_Arrow_1mm.uexp" 549
"../../../Engine/Plugins/Animation/ControlRig/Content/Controls/ControlRig_Arrow4_solid.ubulk" 550
"../../../Engine/Plugins/Animation/ControlRig/Content/Controls/ControlRig_Arrow4_solid.uasset" 551
"../../../Engine/Plugins/Animation/ControlRig/Content/Controls/ControlRig_Arrow4_solid.uexp" 552
"../../../Engine/Plugins/Animation/ControlRig/Content/Controls/ControlRig_Arrow4_3mm.ubulk" 553
"../../../Engine/Plugins/Animation/ControlRig/Content/Controls/ControlRig_Arrow4_3mm.uasset" 554
"../../../Engine/Plugins/Animation/ControlRig/Content/Controls/ControlRig_Arrow4_3mm.uexp" 555
"../../../Engine/Plugins/Animation/ControlRig/Content/Controls/ControlRig_Arrow4_1mm.ubulk" 556
"../../../Engine/Plugins/Animation/ControlRig/Content/Controls/ControlRig_Arrow4_1mm.uasset" 557
"../../../Engine/Plugins/Animation/ControlRig/Content/Controls/ControlRig_Arrow4_1mm.uexp" 558
"../../../Engine/Plugins/Animation/ControlRig/Content/Controls/ControlRig_Arrow2_solid.ubulk" 559
"../../../Engine/Plugins/Animation/ControlRig/Content/Controls/ControlRig_Arrow2_solid.uasset" 560
"../../../Engine/Plugins/Animation/ControlRig/Content/Controls/ControlRig_Arrow2_solid.uexp" 561
"../../../Engine/Plugins/Animation/ControlRig/Content/Controls/ControlRig_Arrow2_3mm.ubulk" 562
"../../../Engine/Plugins/Animation/ControlRig/Content/Controls/ControlRig_Arrow2_3mm.uasset" 563
"../../../Engine/Plugins/Animation/ControlRig/Content/Controls/ControlRig_Arrow2_3mm.uexp" 564
"../../../Engine/Plugins/Animation/ControlRig/Content/Controls/ControlRig_Arrow2_1mm.ubulk" 565
"../../../Engine/Plugins/Animation/ControlRig/Content/Controls/ControlRig_Arrow2_1mm.uasset" 566
"../../../Engine/Plugins/Animation/ControlRig/Content/Controls/ControlRig_Arrow2_1mm.uexp" 567
"../../../Engine/Plugins/Animation/ControlRig/Content/Controls/ControlRigXRayMaterial.uasset" 568
"../../../Engine/Plugins/Animation/ControlRig/Content/Controls/ControlRigXRayMaterial.uexp" 569
"../../../Engine/Plugins/Animation/ControlRig/Content/Controls/ControlRigGizmoMaterial.uasset" 570
"../../../Engine/Plugins/Animation/ControlRig/Content/Controls/ControlRigGizmoMaterial.uexp" 571
"../../../Engine/Plugins/Animation/ACLPlugin/Content/ACLAnimCurveCompressionSettings.uasset" 572
"../../../Engine/Plugins/Animation/ACLPlugin/Content/ACLAnimCurveCompressionSettings.uexp" 573
"../../../Engine/Plugins/Animation/ACLPlugin/Content/ACLAnimBoneCompressionSettings.uasset" 574
"../../../Engine/Plugins/Animation/ACLPlugin/Content/ACLAnimBoneCompressionSettings.uexp" 575
"../../../Engine/Plugins/2D/Paper2D/Content/PlaceholderTextures/DummySpriteTexture.ubulk" 576
"../../../Engine/Plugins/2D/Paper2D/Content/PlaceholderTextures/DummySpriteTexture.uasset" 577
"../../../Engine/Plugins/2D/Paper2D/Content/PlaceholderTextures/DummySpriteTexture.uexp" 578
"../../../Engine/Plugins/2D/Paper2D/Content/DefaultSpriteMaterial.uasset" 579
"../../../Engine/Plugins/2D/Paper2D/Content/DefaultSpriteMaterial.uexp" 580
"../../../Engine/Plugins/2D/Paper2D/Content/OpaqueUnlitSpriteMaterial.uasset" 581
"../../../Engine/Plugins/2D/Paper2D/Content/OpaqueUnlitSpriteMaterial.uexp" 582
"../../../Engine/Plugins/2D/Paper2D/Content/MaskedUnlitSpriteMaterial.uasset" 583
"../../../Engine/Plugins/2D/Paper2D/Content/MaskedUnlitSpriteMaterial.uexp" 584
"../../../Engine/Plugins/2D/Paper2D/Content/DummySprite.uasset" 585
"../../../Engine/Plugins/2D/Paper2D/Content/DummySprite.uexp" 586
"../../../Engine/Plugins/2D/Paper2D/Content/DefaultPaperTerrainMaterial.uasset" 587
"../../../Engine/Plugins/2D/Paper2D/Content/DefaultPaperTerrainMaterial.uexp" 588
"../../../Engine/Content/VREditor/TransformGizmo/StartRotationHandleIndicator.ubulk" 589
"../../../Engine/Content/VREditor/TransformGizmo/StartRotationHandleIndicator.uasset" 590
"../../../Engine/Content/VREditor/TransformGizmo/StartRotationHandleIndicator.uexp" 591
"../../../Engine/Content/VREditor/Sounds/UI/Drop_Item_From_ContentBrowser.ubulk" 592
"../../../Engine/Content/VREditor/Sounds/UI/Drop_Item_From_ContentBrowser.uasset" 593
"../../../Engine/Content/VREditor/Sounds/UI/Drop_Item_From_ContentBrowser.uexp" 594
"../../../Engine/Content/VREditor/TransformGizmo/PlaneTranslationHandle.ubulk" 595
"../../../Engine/Content/VREditor/TransformGizmo/PlaneTranslationHandle.uasset" 596
"../../../Engine/Content/VREditor/TransformGizmo/PlaneTranslationHandle.uexp" 597
"../../../Engine/Content/VREditor/Sounds/UI/Object_Snaps_To_Grid.ubulk" 598
"../../../Engine/Content/VREditor/Sounds/UI/Object_Snaps_To_Grid.uasset" 599
"../../../Engine/Content/VREditor/Sounds/UI/Object_Snaps_To_Grid.uexp" 600
"../../../Engine/Content/VREditor/Sounds/UI/Selection_Changes.ubulk" 601
"../../../Engine/Content/VREditor/Sounds/UI/Selection_Changes.uasset" 602
"../../../Engine/Content/VREditor/Sounds/UI/Selection_Changes.uexp" 603
"../../../Engine/Content/VREditor/Sounds/UI/Object_Snaps_To_Another_Actor.ubulk" 604
"../../../Engine/Content/VREditor/Sounds/UI/Object_Snaps_To_Another_Actor.uasset" 605
"../../../Engine/Content/VREditor/Sounds/UI/Object_Snaps_To_Another_Actor.uexp" 606
"../../../Engine/Content/VREditor/TransformGizmo/TranslucentTransformGizmoMaterial_Inst.uasset" 607
"../../../Engine/Content/VREditor/TransformGizmo/TranslucentTransformGizmoMaterial_Inst.uexp" 608
"../../../Engine/Content/VREditor/TransformGizmo/TransformGizmoFreeRotation.ubulk" 609
"../../../Engine/Content/VREditor/TransformGizmo/TransformGizmoFreeRotation.uasset" 610
"../../../Engine/Content/VREditor/TransformGizmo/TransformGizmoFreeRotation.uexp" 611
"../../../Engine/Content/VREditor/Sounds/UI/Scaling_Down.ubulk" 612
"../../../Engine/Content/VREditor/Sounds/UI/Scaling_Down.uasset" 613
"../../../Engine/Content/VREditor/Sounds/UI/Scaling_Down.uexp" 614
"../../../Engine/Content/Functions/Engine_MaterialFunctions02/Math/Transform3x3Matrix.uasset" 615
"../../../Engine/Content/Functions/Engine_MaterialFunctions02/Math/Transform3x3Matrix.uexp" 616
"../../../Engine/Content/Functions/Engine_MaterialFunctions02/SplitComponents.uasset" 617
"../../../Engine/Content/Functions/Engine_MaterialFunctions02/SplitComponents.uexp" 618
"../../../Engine/Content/VREditor/SnapGrid/SnapGridMaterial.uasset" 619
"../../../Engine/Content/VREditor/SnapGrid/SnapGridMaterial.uexp" 620
"../../../Engine/Content/VREditor/SnapGrid/SnapGridPlaneMesh.ubulk" 621
"../../../Engine/Content/VREditor/SnapGrid/SnapGridPlaneMesh.uasset" 622
"../../../Engine/Content/VREditor/SnapGrid/SnapGridPlaneMesh.uexp" 623
"../../../Engine/Content/VREditor/Sounds/UI/Scaling_Up.ubulk" 624
"../../../Engine/Content/VREditor/Sounds/UI/Scaling_Up.uasset" 625
"../../../Engine/Content/VREditor/Sounds/UI/Scaling_Up.uexp" 626
"../../../Engine/Content/VREditor/TransformGizmo/TransformGizmoMaterial_Inst.uasset" 627
"../../../Engine/Content/VREditor/TransformGizmo/TransformGizmoMaterial_Inst.uexp" 628
"../../../Engine/Content/VREditor/Sounds/UI/Gizmo_Handle_Clicked.ubulk" 629
"../../../Engine/Content/VREditor/Sounds/UI/Gizmo_Handle_Clicked.uasset" 630
"../../../Engine/Content/VREditor/Sounds/UI/Gizmo_Handle_Clicked.uexp" 631
"../../../Engine/Content/VREditor/TransformGizmo/RotationHandleQuarter.ubulk" 632
"../../../Engine/Content/VREditor/TransformGizmo/RotationHandleQuarter.uasset" 633
"../../../Engine/Content/VREditor/TransformGizmo/RotationHandleQuarter.uexp" 634
"../../../Engine/Content/VREditor/TransformGizmo/TranslateArrowHandle.ubulk" 635
"../../../Engine/Content/VREditor/TransformGizmo/TranslateArrowHandle.uasset" 636
"../../../Engine/Content/VREditor/TransformGizmo/TranslateArrowHandle.uexp" 637
"../../../Engine/Content/VREditor/TransformGizmo/RotationHandleIndicator.ubulk" 638
"../../../Engine/Content/VREditor/TransformGizmo/RotationHandleIndicator.uasset" 639
"../../../Engine/Content/VREditor/TransformGizmo/RotationHandleIndicator.uexp" 640
"../../../Engine/Content/VREditor/TransformGizmo/UniformScaleHandle.ubulk" 641
"../../../Engine/Content/VREditor/TransformGizmo/UniformScaleHandle.uasset" 642
"../../../Engine/Content/VREditor/TransformGizmo/UniformScaleHandle.uexp" 643
"../../../Engine/Content/VREditor/TransformGizmo/RotationHandleFull.ubulk" 644
"../../../Engine/Content/VREditor/TransformGizmo/RotationHandleFull.uasset" 645
"../../../Engine/Content/VREditor/TransformGizmo/RotationHandleFull.uexp" 646
"../../../Engine/Content/VREditor/Sounds/UI/Object_PickUp.ubulk" 647
"../../../Engine/Content/VREditor/Sounds/UI/Object_PickUp.uasset" 648
"../../../Engine/Content/VREditor/Sounds/UI/Object_PickUp.uexp" 649
"../../../Engine/Content/EngineSounds/Master.uasset" 650
"../../../Engine/Content/EngineSounds/Master.uexp" 651
"../../../Engine/Content/EngineResources/WhiteSquareTexture.uasset" 652
"../../../Engine/Content/EngineResources/WhiteSquareTexture.uexp" 653
"../../../Engine/Content/EngineMaterials/Widget3DPassThrough.uasset" 654
"../../../Engine/Content/EngineMaterials/Widget3DPassThrough.uexp" 655
"../../../Engine/Content/EngineMaterials/Widget3DPassThrough_Translucent.uasset" 656
"../../../Engine/Content/EngineMaterials/Widget3DPassThrough_Translucent.uexp" 657
"../../../Engine/Content/EngineMaterials/Widget3DPassThrough_Translucent_OneSided.uasset" 658
"../../../Engine/Content/EngineMaterials/Widget3DPassThrough_Translucent_OneSided.uexp" 659
"../../../Engine/Content/EngineMaterials/Widget3DPassThrough_Opaque.uasset" 660
"../../../Engine/Content/EngineMaterials/Widget3DPassThrough_Opaque.uexp" 661
"../../../Engine/Content/EngineMaterials/Widget3DPassThrough_Opaque_OneSided.uasset" 662
"../../../Engine/Content/EngineMaterials/Widget3DPassThrough_Opaque_OneSided.uexp" 663
"../../../Engine/Content/EngineMaterials/Widget3DPassThrough_Masked_OneSided.uasset" 664
"../../../Engine/Content/EngineMaterials/Widget3DPassThrough_Masked_OneSided.uexp" 665
"../../../Engine/Content/EngineMaterials/Widget3DPassThrough_Masked.uasset" 666
"../../../Engine/Content/EngineMaterials/Widget3DPassThrough_Masked.uexp" 667
"../../../Engine/Content/EngineMaterials/STBlueNoise_vec2_128x128x64.uasset" 668
"../../../Engine/Content/EngineMaterials/STBlueNoise_vec2_128x128x64.uexp" 669
"../../../Engine/Content/EngineMaterials/STBlueNoise_scalar_128x128x64.uasset" 670
"../../../Engine/Content/EngineMaterials/STBlueNoise_scalar_128x128x64.uexp" 671
"../../../Engine/Content/EngineMaterials/RemoveSurfaceMaterial.uasset" 672
"../../../Engine/Content/EngineMaterials/RemoveSurfaceMaterial.uexp" 673
"../../../Engine/Content/EngineMaterials/DefaultCalibrationGrayscale.uasset" 674
"../../../Engine/Content/EngineMaterials/DefaultCalibrationGrayscale.uexp" 675
"../../../Engine/Content/EngineMaterials/PPM_DefaultCalibrationGrayscale.uasset" 676
"../../../Engine/Content/EngineMaterials/PPM_DefaultCalibrationGrayscale.uexp" 677
"../../../Engine/Content/EngineMaterials/DefaultCalibrationColor.uasset" 678
"../../../Engine/Content/EngineMaterials/DefaultCalibrationColor.uexp" 679
"../../../Engine/Content/EngineMaterials/PPM_DefaultCalibrationColor.uasset" 680
"../../../Engine/Content/EngineMaterials/PPM_DefaultCalibrationColor.uexp" 681
"../../../Engine/Content/EngineMaterials/PhAT_JointLimitMaterial.uasset" 682
"../../../Engine/Content/EngineMaterials/PhAT_JointLimitMaterial.uexp" 683
"../../../Engine/Content/EngineMaterials/NaniteHiddenSectionMaterial.uasset" 684
"../../../Engine/Content/EngineMaterials/NaniteHiddenSectionMaterial.uexp" 685
"../../../Engine/Content/EngineMaterials/InvalidLightmapSettings.ubulk" 686
"../../../Engine/Content/EngineMaterials/InvalidLightmapSettings.uasset" 687
"../../../Engine/Content/EngineMaterials/InvalidLightmapSettings.uexp" 688
"../../../Engine/Content/EngineMaterials/M_InvalidLightmapSettings.uasset" 689
"../../../Engine/Content/EngineMaterials/M_InvalidLightmapSettings.uexp" 690
"../../../Engine/Content/EngineMaterials/GizmoMaterial.uasset" 691
"../../../Engine/Content/EngineMaterials/GizmoMaterial.uexp" 692
"../../../Engine/Content/EngineMaterials/BaseFlattenEmissiveMap_VT.uasset" 693
"../../../Engine/Content/EngineMaterials/BaseFlattenEmissiveMap_VT.uexp" 694
"../../../Engine/Content/EngineMaterials/BaseFlattenGrayscaleMap_VT.uasset" 695
"../../../Engine/Content/EngineMaterials/BaseFlattenGrayscaleMap_VT.uexp" 696
"../../../Engine/Content/EngineMaterials/BaseFlattenLinearColor_VT.uasset" 697
"../../../Engine/Content/EngineMaterials/BaseFlattenLinearColor_VT.uexp" 698
"../../../Engine/Content/EngineMaterials/Black_1x1_EXR_Texture_VT.uasset" 699
"../../../Engine/Content/EngineMaterials/Black_1x1_EXR_Texture_VT.uexp" 700
"../../../Engine/Content/EngineMaterials/BaseFlattenDiffuseMap_VT.uasset" 701
"../../../Engine/Content/EngineMaterials/BaseFlattenDiffuseMap_VT.uexp" 702
"../../../Engine/Content/EngineMaterials/BaseFlattenNormalMap_VT.uasset" 703
"../../../Engine/Content/EngineMaterials/BaseFlattenNormalMap_VT.uexp" 704
"../../../Engine/Content/EngineMaterials/FlattenMaterial_WS_Normal_VT.uasset" 705
"../../../Engine/Content/EngineMaterials/FlattenMaterial_WS_Normal_VT.uexp" 706
"../../../Engine/Content/EngineMaterials/FlattenMaterial_VT.uasset" 707
"../../../Engine/Content/EngineMaterials/FlattenMaterial_VT.uexp" 708
"../../../Engine/Content/EngineMaterials/BaseFlattenNormalMap.uasset" 709
"../../../Engine/Content/EngineMaterials/BaseFlattenNormalMap.uexp" 710
"../../../Engine/Content/EngineMaterials/BaseFlattenGrayscaleMap.uasset" 711
"../../../Engine/Content/EngineMaterials/BaseFlattenGrayscaleMap.uexp" 712
"../../../Engine/Content/EngineMaterials/BaseFlattenDiffuseMap.uasset" 713
"../../../Engine/Content/EngineMaterials/BaseFlattenDiffuseMap.uexp" 714
"../../../Engine/Content/Functions/Engine_MaterialFunctions02/PivotPainter2/Black_1x1_EXR_Texture.uasset" 715
"../../../Engine/Content/Functions/Engine_MaterialFunctions02/PivotPainter2/Black_1x1_EXR_Texture.uexp" 716
"../../../Engine/Content/EngineMaterials/BaseFlattenEmissiveMap.uasset" 717
"../../../Engine/Content/EngineMaterials/BaseFlattenEmissiveMap.uexp" 718
"../../../Engine/Content/EngineMaterials/BaseFlattenLinearColor.uasset" 719
"../../../Engine/Content/EngineMaterials/BaseFlattenLinearColor.uexp" 720
"../../../Engine/Content/EngineMaterials/FlattenMaterial.uasset" 721
"../../../Engine/Content/EngineMaterials/FlattenMaterial.uexp" 722
"../../../Engine/Content/EngineMaterials/DefaultWhiteGrid_Low.uasset" 723
"../../../Engine/Content/EngineMaterials/DefaultWhiteGrid_Low.uexp" 724
"../../../Engine/Content/EngineMaterials/EmissiveMeshMaterial.uasset" 725
"../../../Engine/Content/EngineMaterials/EmissiveMeshMaterial.uexp" 726
"../../../Engine/Content/EngineFonts/RobotoDistanceField.uasset" 727
"../../../Engine/Content/EngineFonts/RobotoDistanceField.uexp" 728
"../../../Engine/Content/EngineMaterials/DefaultTextMaterialOpaque.uasset" 729
"../../../Engine/Content/EngineMaterials/DefaultTextMaterialOpaque.uexp" 730
"../../../Engine/Content/EngineMaterials/DefaultDiffuse.ubulk" 731
"../../../Engine/Content/EngineMaterials/DefaultDiffuse.uasset" 732
"../../../Engine/Content/EngineMaterials/DefaultDiffuse.uexp" 733
"../../../Engine/Content/EngineMaterials/DefaultPostProcessMaterial.uasset" 734
"../../../Engine/Content/EngineMaterials/DefaultPostProcessMaterial.uexp" 735
"../../../Engine/Content/EngineMaterials/DefaultPhysicalMaterial.uasset" 736
"../../../Engine/Content/EngineMaterials/DefaultPhysicalMaterial.uexp" 737
"../../../Engine/Content/EngineMaterials/DefaultLightFunctionMaterial.uasset" 738
"../../../Engine/Content/EngineMaterials/DefaultLightFunctionMaterial.uexp" 739
"../../../Engine/Content/EngineMaterials/DefaultDestructiblePhysicalMaterial.uasset" 740
"../../../Engine/Content/EngineMaterials/DefaultDestructiblePhysicalMaterial.uexp" 741
"../../../Engine/Content/EngineMaterials/DefaultDeferredDecalMaterial.uasset" 742
"../../../Engine/Content/EngineMaterials/DefaultDeferredDecalMaterial.uexp" 743
"../../../Engine/Content/EngineMaterials/DefaultBloomKernel.uasset" 744
"../../../Engine/Content/EngineMaterials/DefaultBloomKernel.uexp" 745
"../../../Engine/Content/EngineFonts/Faces/RobotoLight.uexp" 746
"../../../Engine/Content/EngineFonts/Faces/RobotoLight.uasset" 747
"../../../Engine/Content/EngineFonts/Faces/RobotoLight.ufont" 748
"../../../Engine/Content/EngineFonts/Faces/RobotoBold.uexp" 749
"../../../Engine/Content/EngineFonts/Faces/RobotoBold.uasset" 750
"../../../Engine/Content/EngineFonts/Faces/RobotoBold.ufont" 751
"../../../Engine/Content/EngineFonts/Faces/RobotoRegular.uexp" 752
"../../../Engine/Content/EngineFonts/Faces/RobotoRegular.uasset" 753
"../../../Engine/Content/EngineFonts/Faces/RobotoRegular.ufont" 754
"../../../Engine/Content/EngineFonts/Faces/DroidSansFallback.uexp" 755
"../../../Engine/Content/EngineFonts/Faces/DroidSansFallback.uasset" 756
"../../../Engine/Content/EngineFonts/Faces/DroidSansFallback.ufont" 757
"../../../Engine/Content/EngineFonts/Faces/RobotoItalic.uexp" 758
"../../../Engine/Content/EngineFonts/Faces/RobotoItalic.uasset" 759
"../../../Engine/Content/EngineFonts/Faces/RobotoItalic.ufont" 760
"../../../Engine/Content/EngineFonts/Faces/RobotoBoldItalic.uexp" 761
"../../../Engine/Content/EngineFonts/Faces/RobotoBoldItalic.uasset" 762
"../../../Engine/Content/EngineFonts/Faces/RobotoBoldItalic.ufont" 763
"../../../Engine/Content/EngineFonts/Roboto.uasset" 764
"../../../Engine/Content/EngineFonts/Roboto.uexp" 765
"../../../Engine/Content/EngineDebugMaterials/VolumeToRender.uasset" 766
"../../../Engine/Content/EngineDebugMaterials/VolumeToRender.uexp" 767
"../../../Engine/Content/EngineDebugMaterials/M_VolumeRenderSphereTracePP.uasset" 768
"../../../Engine/Content/EngineDebugMaterials/M_VolumeRenderSphereTracePP.uexp" 769
"../../../Engine/Content/EngineDebugMaterials/M_SimpleUnlitTranslucent.uasset" 770
"../../../Engine/Content/EngineDebugMaterials/M_SimpleUnlitTranslucent.uexp" 771
"../../../Engine/Content/EngineDebugMaterials/DebugMeshMaterial.uasset" 772
"../../../Engine/Content/EngineDebugMaterials/DebugMeshMaterial.uexp" 773
"../../../Engine/Content/EngineDebugMaterials/DebugEditorMaterial.uasset" 774
"../../../Engine/Content/EngineDebugMaterials/DebugEditorMaterial.uexp" 775
"../../../Engine/Content/EngineDamageTypes/DmgTypeBP_Environmental.uasset" 776
"../../../Engine/Content/EngineDamageTypes/DmgTypeBP_Environmental.uexp" 777
"../../../Engine/Content/EditorResources/S_Terrain.ubulk" 778
"../../../Engine/Content/EditorResources/S_Terrain.uasset" 779
"../../../Engine/Content/EditorResources/S_Terrain.uexp" 780
"../../../Engine/Content/EditorResources/EmptyActor.uasset" 781
"../../../Engine/Content/EditorResources/EmptyActor.uexp" 782
"../../../Engine/Content/EditorResources/BSPVertex.uasset" 783
"../../../Engine/Content/EditorResources/BSPVertex.uexp" 784
"../../../Engine/Content/EditorMaterials/PreviewShadowIndicator.ubulk" 785
"../../../Engine/Content/EditorMaterials/PreviewShadowIndicator.uasset" 786
"../../../Engine/Content/EditorMaterials/PreviewShadowIndicator.uexp" 787
"../../../Engine/Content/EditorMaterials/PreviewShadowIndicatorMaterial.uasset" 788
"../../../Engine/Content/EditorMaterials/PreviewShadowIndicatorMaterial.uexp" 789
"../../../Engine/Content/EditorMaterials/PhAT_UnselectedMaterial.uasset" 790
"../../../Engine/Content/EditorMaterials/PhAT_UnselectedMaterial.uexp" 791
"../../../Engine/Content/EditorMaterials/PhAT_NoCollisionMaterial.uasset" 792
"../../../Engine/Content/EditorMaterials/PhAT_NoCollisionMaterial.uexp" 793
"../../../Engine/Content/EditorLandscapeResources/DefaultAlphaTexture.uasset" 794
"../../../Engine/Content/EditorLandscapeResources/DefaultAlphaTexture.uexp" 795
"../../../Engine/Content/EditorLandscapeResources/DataLayer.uasset" 796
"../../../Engine/Content/EditorLandscapeResources/DataLayer.uexp" 797
"../../../Engine/Content/EngineMaterials/DefaultMaterial.uasset" 798
"../../../Engine/Content/EngineMaterials/DefaultMaterial.uexp" 799
"../../../Engine/Content/BasicShapes/Sphere.ubulk" 800
"../../../Engine/Content/BasicShapes/Sphere.uasset" 801
"../../../Engine/Content/BasicShapes/Sphere.uexp" 802
"../../../Engine/Content/BasicShapes/Cone.ubulk" 803
"../../../Engine/Content/BasicShapes/Cone.uasset" 804
"../../../Engine/Content/BasicShapes/Cone.uexp" 805
"C:/Users/win11/Documents/GitHub/the-last-check-in/Content/tomWork/Widgets/WBP_Inventory.uasset" 806
"C:/Users/win11/Documents/GitHub/the-last-check-in/Content/tomWork/Widgets/WBP_Inventory.uexp" 807
"../../../Engine/Content/MapTemplates/TilingNoise05.ubulk" 808
"../../../Engine/Content/MapTemplates/TilingNoise05.uasset" 809
"../../../Engine/Content/MapTemplates/TilingNoise05.uexp" 810
"C:/Users/win11/Documents/GitHub/the-last-check-in/Content/tomWork/Materials/M_ReallyCoolFunkyOutline.uasset" 811
"C:/Users/win11/Documents/GitHub/the-last-check-in/Content/tomWork/Materials/M_ReallyCoolFunkyOutline.uexp" 812
"C:/Users/win11/Documents/GitHub/the-last-check-in/Content/tomWork/Materials/MI_SUUPERRCoolOutline.uasset" 813
"C:/Users/win11/Documents/GitHub/the-last-check-in/Content/tomWork/Materials/MI_SUUPERRCoolOutline.uexp" 814
"C:/Users/win11/Documents/GitHub/the-last-check-in/Content/ollieWork/Elevator_System/BP_ElevatorFloorIndicator.uasset" 815
"C:/Users/win11/Documents/GitHub/the-last-check-in/Content/ollieWork/Elevator_System/BP_ElevatorFloorIndicator.uexp" 816
"../../../Engine/Content/BasicShapes/Cylinder.ubulk" 817
"../../../Engine/Content/BasicShapes/Cylinder.uasset" 818
"../../../Engine/Content/BasicShapes/Cylinder.uexp" 819
"C:/Users/win11/Documents/GitHub/the-last-check-in/Content/ollieWork/Materials/M_ButtonLight.uasset" 820
"C:/Users/win11/Documents/GitHub/the-last-check-in/Content/ollieWork/Materials/M_ButtonLight.uexp" 821
"C:/Users/win11/Documents/GitHub/the-last-check-in/Content/ollieWork/Materials/M_Red.uasset" 822
"C:/Users/win11/Documents/GitHub/the-last-check-in/Content/ollieWork/Materials/M_Red.uexp" 823
"C:/Users/win11/Documents/GitHub/the-last-check-in/Content/ollieWork/Materials/M_Gray.uasset" 824
"C:/Users/win11/Documents/GitHub/the-last-check-in/Content/ollieWork/Materials/M_Gray.uexp" 825
"C:/Users/win11/Documents/GitHub/the-last-check-in/Content/ollieWork/Elevator_System/BP_ElevatorButtons.uasset" 826
"C:/Users/win11/Documents/GitHub/the-last-check-in/Content/ollieWork/Elevator_System/BP_ElevatorButtons.uexp" 827
"C:/Users/win11/Documents/GitHub/the-last-check-in/Content/ollieWork/Elevator_System/BP_Elevator.uasset" 828
"C:/Users/win11/Documents/GitHub/the-last-check-in/Content/ollieWork/Elevator_System/BP_Elevator.uexp" 829
"C:/Users/win11/Documents/GitHub/the-last-check-in/Content/ollieWork/Elevator_System/BPI_InteractionObjects.uasset" 830
"C:/Users/win11/Documents/GitHub/the-last-check-in/Content/ollieWork/Elevator_System/BPI_InteractionObjects.uexp" 831
"../../../Engine/Plugins/Interchange/Runtime/Content/gltf/MaterialFunctions/MF_RotateV2.uasset" 832
"../../../Engine/Plugins/Interchange/Runtime/Content/gltf/MaterialFunctions/MF_RotateV2.uexp" 833
"../../../Engine/Plugins/Interchange/Runtime/Content/gltf/MaterialFunctions/MF_TransformUVs.uasset" 834
"../../../Engine/Plugins/Interchange/Runtime/Content/gltf/MaterialFunctions/MF_TransformUVs.uexp" 835
"../../../Engine/Plugins/Interchange/Runtime/Content/gltf/Textures/T_White_srgb.uasset" 836
"../../../Engine/Plugins/Interchange/Runtime/Content/gltf/Textures/T_White_srgb.uexp" 837
"../../../Engine/Plugins/Interchange/Runtime/Content/gltf/MaterialFunctions/MF_BaseColor.uasset" 838
"../../../Engine/Plugins/Interchange/Runtime/Content/gltf/MaterialFunctions/MF_BaseColor.uexp" 839
"../../../Engine/Plugins/Interchange/Runtime/Content/gltf/MaterialBodies/MF_Unlit_Body.uasset" 840
"../../../Engine/Plugins/Interchange/Runtime/Content/gltf/MaterialBodies/MF_Unlit_Body.uexp" 841
"../../../Engine/Plugins/Interchange/Runtime/Content/gltf/M_Unlit.uasset" 842
"../../../Engine/Plugins/Interchange/Runtime/Content/gltf/M_Unlit.uexp" 843
"../../../Engine/Plugins/Interchange/Runtime/Content/gltf/MaterialInstances/MI_Unlit_Opaque_DS.uasset" 844
"../../../Engine/Plugins/Interchange/Runtime/Content/gltf/MaterialInstances/MI_Unlit_Opaque_DS.uexp" 845
"../../../Engine/Plugins/Interchange/Runtime/Content/gltf/MaterialInstances/MI_Unlit_Opaque.uasset" 846
"../../../Engine/Plugins/Interchange/Runtime/Content/gltf/MaterialInstances/MI_Unlit_Opaque.uexp" 847
"../../../Engine/Plugins/Interchange/Runtime/Content/gltf/MaterialInstances/MI_Unlit_Mask_DS.uasset" 848
"../../../Engine/Plugins/Interchange/Runtime/Content/gltf/MaterialInstances/MI_Unlit_Mask_DS.uexp" 849
"../../../Engine/Plugins/Interchange/Runtime/Content/gltf/MaterialInstances/MI_Unlit_Mask.uasset" 850
"../../../Engine/Plugins/Interchange/Runtime/Content/gltf/MaterialInstances/MI_Unlit_Mask.uexp" 851
"../../../Engine/Plugins/Interchange/Runtime/Content/gltf/MaterialInstances/MI_Unlit_Blend_DS.uasset" 852
"../../../Engine/Plugins/Interchange/Runtime/Content/gltf/MaterialInstances/MI_Unlit_Blend_DS.uexp" 853
"../../../Engine/Plugins/Interchange/Runtime/Content/gltf/MaterialInstances/MI_Unlit_Blend.uasset" 854
"../../../Engine/Plugins/Interchange/Runtime/Content/gltf/MaterialInstances/MI_Unlit_Blend.uexp" 855
"../../../Engine/Plugins/Interchange/Runtime/Content/gltf/MaterialFunctions/MF_Iridescence.uasset" 856
"../../../Engine/Plugins/Interchange/Runtime/Content/gltf/MaterialFunctions/MF_Iridescence.uexp" 857
"../../../Engine/Plugins/Interchange/Runtime/Content/gltf/Textures/T_White_Linear.uasset" 858
"../../../Engine/Plugins/Interchange/Runtime/Content/gltf/Textures/T_White_Linear.uexp" 859
"../../../Engine/Plugins/Interchange/Runtime/Content/gltf/MaterialFunctions/MF_MetallicRoughness.uasset" 860
"../../../Engine/Plugins/Interchange/Runtime/Content/gltf/MaterialFunctions/MF_MetallicRoughness.uexp" 861
"../../../Engine/Plugins/Interchange/Runtime/Content/gltf/MaterialFunctions/MF_Transmission.uasset" 862
"../../../Engine/Plugins/Interchange/Runtime/Content/gltf/MaterialFunctions/MF_Transmission.uexp" 863
"../../../Engine/Plugins/Interchange/Runtime/Content/gltf/MaterialFunctions/MF_Occlusion.uasset" 864
"../../../Engine/Plugins/Interchange/Runtime/Content/gltf/MaterialFunctions/MF_Occlusion.uexp" 865
"../../../Engine/Plugins/Interchange/Runtime/Content/gltf/MaterialFunctions/MF_Specular.uasset" 866
"../../../Engine/Plugins/Interchange/Runtime/Content/gltf/MaterialFunctions/MF_Specular.uexp" 867
"../../../Engine/Plugins/Interchange/Runtime/Content/gltf/MaterialFunctions/MF_IOR.uasset" 868
"../../../Engine/Plugins/Interchange/Runtime/Content/gltf/MaterialFunctions/MF_IOR.uexp" 869
"../../../Engine/Plugins/Interchange/Runtime/Content/gltf/MaterialFunctions/MF_RotateNormals_TS.uasset" 870
"../../../Engine/Plugins/Interchange/Runtime/Content/gltf/MaterialFunctions/MF_RotateNormals_TS.uexp" 871
"../../../Engine/Plugins/Interchange/Runtime/Content/gltf/Textures/T_Generic_N.uasset" 872
"../../../Engine/Plugins/Interchange/Runtime/Content/gltf/Textures/T_Generic_N.uexp" 873
"../../../Engine/Plugins/Interchange/Runtime/Content/gltf/MaterialFunctions/MF_Normals.uasset" 874
"../../../Engine/Plugins/Interchange/Runtime/Content/gltf/MaterialFunctions/MF_Normals.uexp" 875
"../../../Engine/Plugins/Interchange/Runtime/Content/gltf/MaterialBodies/MF_Transmission_Body.uasset" 876
"../../../Engine/Plugins/Interchange/Runtime/Content/gltf/MaterialBodies/MF_Transmission_Body.uexp" 877
"../../../Engine/Plugins/Interchange/Runtime/Content/gltf/M_Transmission.uasset" 878
"../../../Engine/Plugins/Interchange/Runtime/Content/gltf/M_Transmission.uexp" 879
"../../../Engine/Plugins/Interchange/Runtime/Content/gltf/MaterialInstances/MI_Transmission_DS.uasset" 880
"../../../Engine/Plugins/Interchange/Runtime/Content/gltf/MaterialInstances/MI_Transmission_DS.uexp" 881
"../../../Engine/Plugins/Interchange/Runtime/Content/gltf/MaterialInstances/MI_Transmission.uasset" 882
"../../../Engine/Plugins/Interchange/Runtime/Content/gltf/MaterialInstances/MI_Transmission.uexp" 883
"../../../Engine/Plugins/Interchange/Runtime/Content/gltf/MaterialFunctions/MF_DiffuseSpecGloss.uasset" 884
"../../../Engine/Plugins/Interchange/Runtime/Content/gltf/MaterialFunctions/MF_DiffuseSpecGloss.uexp" 885
"../../../Engine/Content/Functions/Engine_MaterialFunctions02/Math/AddComponents.uasset" 886
"../../../Engine/Content/Functions/Engine_MaterialFunctions02/Math/AddComponents.uexp" 887
"../../../Engine/Plugins/Interchange/Runtime/Content/gltf/MaterialFunctions/MF_PerceivedBrightness.uasset" 888
"../../../Engine/Plugins/Interchange/Runtime/Content/gltf/MaterialFunctions/MF_PerceivedBrightness.uexp" 889
"../../../Engine/Plugins/Interchange/Runtime/Content/gltf/MaterialFunctions/MF_Emissive.uasset" 890
"../../../Engine/Plugins/Interchange/Runtime/Content/gltf/MaterialFunctions/MF_Emissive.uexp" 891
"../../../Engine/Plugins/Interchange/Runtime/Content/gltf/MaterialFunctions/MF_SpecGlossToMetalRoughness.uasset" 892
"../../../Engine/Plugins/Interchange/Runtime/Content/gltf/MaterialFunctions/MF_SpecGlossToMetalRoughness.uexp" 893
"../../../Engine/Plugins/Interchange/Runtime/Content/gltf/MaterialBodies/MF_SpecularGlossiness_Body.uasset" 894
"../../../Engine/Plugins/Interchange/Runtime/Content/gltf/MaterialBodies/MF_SpecularGlossiness_Body.uexp" 895
"../../../Engine/Plugins/Interchange/Runtime/Content/gltf/M_SpecularGlossiness.uasset" 896
"../../../Engine/Plugins/Interchange/Runtime/Content/gltf/M_SpecularGlossiness.uexp" 897
"../../../Engine/Plugins/Interchange/Runtime/Content/gltf/MaterialInstances/MI_SpecularGlossiness_Opaque_DS.uasset" 898
"../../../Engine/Plugins/Interchange/Runtime/Content/gltf/MaterialInstances/MI_SpecularGlossiness_Opaque_DS.uexp" 899
"../../../Engine/Plugins/Interchange/Runtime/Content/gltf/MaterialInstances/MI_SpecularGlossiness_Opaque.uasset" 900
"../../../Engine/Plugins/Interchange/Runtime/Content/gltf/MaterialInstances/MI_SpecularGlossiness_Opaque.uexp" 901
"../../../Engine/Plugins/Interchange/Runtime/Content/gltf/MaterialInstances/MI_SpecularGlossiness_Mask_DS.uasset" 902
"../../../Engine/Plugins/Interchange/Runtime/Content/gltf/MaterialInstances/MI_SpecularGlossiness_Mask_DS.uexp" 903
"../../../Engine/Plugins/Interchange/Runtime/Content/gltf/MaterialInstances/MI_SpecularGlossiness_Mask.uasset" 904
"../../../Engine/Plugins/Interchange/Runtime/Content/gltf/MaterialInstances/MI_SpecularGlossiness_Mask.uexp" 905
"../../../Engine/Plugins/Interchange/Runtime/Content/gltf/MaterialInstances/MI_SpecularGlossiness_Blend_DS.uasset" 906
"../../../Engine/Plugins/Interchange/Runtime/Content/gltf/MaterialInstances/MI_SpecularGlossiness_Blend_DS.uexp" 907
"../../../Engine/Plugins/Interchange/Runtime/Content/gltf/MaterialInstances/MI_SpecularGlossiness_Blend.uasset" 908
"../../../Engine/Plugins/Interchange/Runtime/Content/gltf/MaterialInstances/MI_SpecularGlossiness_Blend.uexp" 909
"../../../Engine/Plugins/Interchange/Runtime/Content/gltf/MaterialFunctions/MF_Sheen.uasset" 910
"../../../Engine/Plugins/Interchange/Runtime/Content/gltf/MaterialFunctions/MF_Sheen.uexp" 911
"../../../Engine/Plugins/Interchange/Runtime/Content/gltf/MaterialBodies/MF_Sheen_Body.uasset" 912
"../../../Engine/Plugins/Interchange/Runtime/Content/gltf/MaterialBodies/MF_Sheen_Body.uexp" 913
"../../../Engine/Plugins/Interchange/Runtime/Content/gltf/M_Sheen.uasset" 914
"../../../Engine/Plugins/Interchange/Runtime/Content/gltf/M_Sheen.uexp" 915
"../../../Engine/Plugins/Interchange/Runtime/Content/gltf/MaterialInstances/MI_Sheen_Opaque_DS.uasset" 916
"../../../Engine/Plugins/Interchange/Runtime/Content/gltf/MaterialInstances/MI_Sheen_Opaque_DS.uexp" 917
"../../../Engine/Plugins/Interchange/Runtime/Content/gltf/MaterialInstances/MI_Sheen_Opaque.uasset" 918
"../../../Engine/Plugins/Interchange/Runtime/Content/gltf/MaterialInstances/MI_Sheen_Opaque.uexp" 919
"../../../Engine/Plugins/Interchange/Runtime/Content/gltf/MaterialInstances/MI_Sheen_Mask_DS.uasset" 920
"../../../Engine/Plugins/Interchange/Runtime/Content/gltf/MaterialInstances/MI_Sheen_Mask_DS.uexp" 921
"../../../Engine/Plugins/Interchange/Runtime/Content/gltf/MaterialInstances/MI_Sheen_Mask.uasset" 922
"../../../Engine/Plugins/Interchange/Runtime/Content/gltf/MaterialInstances/MI_Sheen_Mask.uexp" 923
"C:/Users/win11/Documents/GitHub/the-last-check-in/Content/Eben_Work/Dialogue/WBP_BasicDialogue.uasset" 924
"C:/Users/win11/Documents/GitHub/the-last-check-in/Content/Eben_Work/Dialogue/WBP_BasicDialogue.uexp" 925
"../../../Engine/Plugins/Interchange/Runtime/Content/gltf/MaterialInstances/MI_Sheen_Blend_DS.uasset" 926
"../../../Engine/Plugins/Interchange/Runtime/Content/gltf/MaterialInstances/MI_Sheen_Blend_DS.uexp" 927
"../../../Engine/Plugins/Interchange/Runtime/Content/gltf/MaterialInstances/MI_Sheen_Blend.uasset" 928
"../../../Engine/Plugins/Interchange/Runtime/Content/gltf/MaterialInstances/MI_Sheen_Blend.uexp" 929
"../../../Engine/Plugins/Interchange/Runtime/Content/gltf/MaterialBodies/MF_Default_Body.uasset" 930
"../../../Engine/Plugins/Interchange/Runtime/Content/gltf/MaterialBodies/MF_Default_Body.uexp" 931
"../../../Engine/Plugins/Interchange/Runtime/Content/gltf/M_Default.uasset" 932
"../../../Engine/Plugins/Interchange/Runtime/Content/gltf/M_Default.uexp" 933
"../../../Engine/Plugins/Interchange/Runtime/Content/gltf/MaterialInstances/MI_Default_Opaque_DS.uasset" 934
"../../../Engine/Plugins/Interchange/Runtime/Content/gltf/MaterialInstances/MI_Default_Opaque_DS.uexp" 935
"../../../Engine/Plugins/Interchange/Runtime/Content/gltf/MaterialInstances/MI_Default_Opaque.uasset" 936
"../../../Engine/Plugins/Interchange/Runtime/Content/gltf/MaterialInstances/MI_Default_Opaque.uexp" 937
"../../../Engine/Plugins/Interchange/Runtime/Content/gltf/MaterialInstances/MI_Default_Mask_DS.uasset" 938
"../../../Engine/Plugins/Interchange/Runtime/Content/gltf/MaterialInstances/MI_Default_Mask_DS.uexp" 939
"../../../Engine/Plugins/Interchange/Runtime/Content/gltf/MaterialInstances/MI_Default_Mask.uasset" 940
"../../../Engine/Plugins/Interchange/Runtime/Content/gltf/MaterialInstances/MI_Default_Mask.uexp" 941
"../../../Engine/Plugins/Interchange/Runtime/Content/gltf/MaterialInstances/MI_Default_Blend_DS.uasset" 942
"../../../Engine/Plugins/Interchange/Runtime/Content/gltf/MaterialInstances/MI_Default_Blend_DS.uexp" 943
"../../../Engine/Plugins/Interchange/Runtime/Content/gltf/MaterialInstances/MI_Default_Blend.uasset" 944
"../../../Engine/Plugins/Interchange/Runtime/Content/gltf/MaterialInstances/MI_Default_Blend.uexp" 945
"../../../Engine/Content/Functions/Engine_MaterialFunctions01/Texturing/FlattenNormal.uasset" 946
"../../../Engine/Content/Functions/Engine_MaterialFunctions01/Texturing/FlattenNormal.uexp" 947
"../../../Engine/Plugins/Interchange/Runtime/Content/gltf/MaterialFunctions/MF_Clearcoat.uasset" 948
"../../../Engine/Plugins/Interchange/Runtime/Content/gltf/MaterialFunctions/MF_Clearcoat.uexp" 949
"../../../Engine/Plugins/Interchange/Runtime/Content/gltf/MaterialBodies/MF_ClearCoat_Body.uasset" 950
"../../../Engine/Plugins/Interchange/Runtime/Content/gltf/MaterialBodies/MF_ClearCoat_Body.uexp" 951
"../../../Engine/Plugins/Interchange/Runtime/Content/gltf/M_ClearCoat.uasset" 952
"../../../Engine/Plugins/Interchange/Runtime/Content/gltf/M_ClearCoat.uexp" 953
"../../../Engine/Plugins/Interchange/Runtime/Content/gltf/MaterialInstances/MI_ClearCoat_Opaque_DS.uasset" 954
"../../../Engine/Plugins/Interchange/Runtime/Content/gltf/MaterialInstances/MI_ClearCoat_Opaque_DS.uexp" 955
"../../../Engine/Plugins/Interchange/Runtime/Content/gltf/MaterialInstances/MI_ClearCoat_Opaque.uasset" 956
"../../../Engine/Plugins/Interchange/Runtime/Content/gltf/MaterialInstances/MI_ClearCoat_Opaque.uexp" 957
"../../../Engine/Plugins/Interchange/Runtime/Content/gltf/MaterialInstances/MI_ClearCoat_Mask_DS.uasset" 958
"../../../Engine/Plugins/Interchange/Runtime/Content/gltf/MaterialInstances/MI_ClearCoat_Mask_DS.uexp" 959
"../../../Engine/Plugins/Interchange/Runtime/Content/gltf/MaterialInstances/MI_ClearCoat_Mask.uasset" 960
"../../../Engine/Plugins/Interchange/Runtime/Content/gltf/MaterialInstances/MI_ClearCoat_Mask.uexp" 961
"../../../Engine/Plugins/Interchange/Runtime/Content/gltf/MaterialInstances/MI_ClearCoat_Blend_DS.uasset" 962
"../../../Engine/Plugins/Interchange/Runtime/Content/gltf/MaterialInstances/MI_ClearCoat_Blend_DS.uexp" 963
"../../../Engine/Plugins/Interchange/Runtime/Content/gltf/MaterialInstances/MI_ClearCoat_Blend.uasset" 964
"../../../Engine/Plugins/Interchange/Runtime/Content/gltf/MaterialInstances/MI_ClearCoat_Blend.uexp" 965
"../../../Engine/Content/EngineSky/VolumetricClouds/CloudWeatherTexture.uasset" 966
"../../../Engine/Content/EngineSky/VolumetricClouds/CloudWeatherTexture.uexp" 967
"../../../Engine/Content/Functions/Engine_MaterialFunctions02/Utility/MakeFloat2.uasset" 968
"../../../Engine/Content/Functions/Engine_MaterialFunctions02/Utility/MakeFloat2.uexp" 969
"../../../Engine/Content/EngineSky/VolumetricClouds/CloudGradientTexture.uasset" 970
"../../../Engine/Content/EngineSky/VolumetricClouds/CloudGradientTexture.uexp" 971
"../../../Engine/Content/EngineSky/VolumetricClouds/T_NoiseShape64.ubulk" 972
"../../../Engine/Content/EngineSky/VolumetricClouds/T_NoiseShape64.uasset" 973
"../../../Engine/Content/EngineSky/VolumetricClouds/T_NoiseShape64.uexp" 974
"../../../Engine/Content/EngineSky/VolumetricClouds/T_VolumeNoiseShape64.uasset" 975
"../../../Engine/Content/EngineSky/VolumetricClouds/T_VolumeNoiseShape64.uexp" 976
"../../../Engine/Content/EngineSky/VolumetricClouds/T_NoiseErosion.ubulk" 977
"../../../Engine/Content/EngineSky/VolumetricClouds/T_NoiseErosion.uasset" 978
"../../../Engine/Content/EngineSky/VolumetricClouds/T_NoiseErosion.uexp" 979
"../../../Engine/Content/EngineSky/VolumetricClouds/T_VolumeNoiseErosion32.uasset" 980
"../../../Engine/Content/EngineSky/VolumetricClouds/T_VolumeNoiseErosion32.uexp" 981
"../../../Engine/Content/EngineSky/VolumetricClouds/m_SimpleVolumetricCloud.uasset" 982
"../../../Engine/Content/EngineSky/VolumetricClouds/m_SimpleVolumetricCloud.uexp" 983
"../../../Engine/Content/EngineSky/VolumetricClouds/m_SimpleVolumetricCloud_Inst.uasset" 984
"../../../Engine/Content/EngineSky/VolumetricClouds/m_SimpleVolumetricCloud_Inst.uexp" 985
"../../../Engine/Content/EngineResources/FilmGrains/Marcie_Grain_v3_128_M2_000.uasset" 986
"../../../Engine/Content/EngineResources/FilmGrains/Marcie_Grain_v3_128_M2_000.uexp" 987
"../../../Engine/Content/EditorResources/SequenceRecorder/RecordingIndicator.uasset" 988
"../../../Engine/Content/EditorResources/SequenceRecorder/RecordingIndicator.uexp" 989
"../../../Engine/Content/EditorResources/SequenceRecorder/Countdown.uasset" 990
"../../../Engine/Content/EditorResources/SequenceRecorder/Countdown.uexp" 991
"../../../Engine/Content/EditorMaterials/Dataflow/DataflowVertexMaterial.uasset" 992
"../../../Engine/Content/EditorMaterials/Dataflow/DataflowVertexMaterial.uexp" 993
"../../../Engine/Content/EngineMaterials/Substrate/Volume/SubstrateSimpleVolumeLUT3D.uasset" 994
"../../../Engine/Content/EngineMaterials/Substrate/Volume/SubstrateSimpleVolumeLUT3D.uexp" 995
"../../../Engine/Content/EngineMaterials/Substrate/Volume/SubstrateSimpleVolumeEnvLUT3D.uasset" 996
"../../../Engine/Content/EngineMaterials/Substrate/Volume/SubstrateSimpleVolumeEnvLUT3D.uexp" 997
"../../../Engine/Content/EngineMaterials/Substrate/GLints2/AGlintTex2dArray2.uasset" 998
"../../../Engine/Content/EngineMaterials/Substrate/GLints2/AGlintTex2dArray2.uexp" 999
"../../../Engine/Content/EngineMaterials/Substrate/GLints/AGlintTex2dArray.uasset" 1000
"../../../Engine/Content/EngineMaterials/Substrate/GLints/AGlintTex2dArray.uexp" 1001
"C:/Users/win11/Documents/GitHub/the-last-check-in/Content/tomWork/TemplateContent/LevelPrototyping/Materials/MI_PrototypeGrid_Gray.uasset" 1002
"C:/Users/win11/Documents/GitHub/the-last-check-in/Content/tomWork/TemplateContent/LevelPrototyping/Materials/MI_PrototypeGrid_Gray.uexp" 1003
"C:/Users/win11/Documents/GitHub/the-last-check-in/Content/tomWork/TemplateContent/LevelPrototyping/Meshes/SM_Ramp.ubulk" 1004
"C:/Users/win11/Documents/GitHub/the-last-check-in/Content/tomWork/TemplateContent/LevelPrototyping/Meshes/SM_Ramp.uasset" 1005
"C:/Users/win11/Documents/GitHub/the-last-check-in/Content/tomWork/TemplateContent/LevelPrototyping/Meshes/SM_Ramp.uexp" 1006
"C:/Users/win11/Documents/GitHub/the-last-check-in/Content/tomWork/TemplateContent/LevelPrototyping/Meshes/SM_QuarterCylinder.ubulk" 1007
"C:/Users/win11/Documents/GitHub/the-last-check-in/Content/tomWork/TemplateContent/LevelPrototyping/Meshes/SM_QuarterCylinder.uasset" 1008
"C:/Users/win11/Documents/GitHub/the-last-check-in/Content/tomWork/TemplateContent/LevelPrototyping/Meshes/SM_QuarterCylinder.uexp" 1009
"C:/Users/win11/Documents/GitHub/the-last-check-in/Content/tomWork/TemplateContent/LevelPrototyping/Meshes/SM_Cylinder.ubulk" 1010
"C:/Users/win11/Documents/GitHub/the-last-check-in/Content/tomWork/TemplateContent/LevelPrototyping/Meshes/SM_Cylinder.uasset" 1011
"C:/Users/win11/Documents/GitHub/the-last-check-in/Content/tomWork/TemplateContent/LevelPrototyping/Meshes/SM_Cylinder.uexp" 1012
"C:/Users/win11/Documents/GitHub/the-last-check-in/Content/tomWork/TemplateContent/LevelPrototyping/Materials/M_Solid.uasset" 1013
"C:/Users/win11/Documents/GitHub/the-last-check-in/Content/tomWork/TemplateContent/LevelPrototyping/Materials/M_Solid.uexp" 1014
"C:/Users/win11/Documents/GitHub/the-last-check-in/Content/tomWork/TemplateContent/LevelPrototyping/Materials/MI_Solid_Blue.uasset" 1015
"C:/Users/win11/Documents/GitHub/the-last-check-in/Content/tomWork/TemplateContent/LevelPrototyping/Materials/MI_Solid_Blue.uexp" 1016
"C:/Users/win11/Documents/GitHub/the-last-check-in/Content/tomWork/TemplateContent/LevelPrototyping/Meshes/SM_ChamferCube.ubulk" 1017
"C:/Users/win11/Documents/GitHub/the-last-check-in/Content/tomWork/TemplateContent/LevelPrototyping/Meshes/SM_ChamferCube.uasset" 1018
"C:/Users/win11/Documents/GitHub/the-last-check-in/Content/tomWork/TemplateContent/LevelPrototyping/Meshes/SM_ChamferCube.uexp" 1019
"C:/Users/win11/Documents/GitHub/the-last-check-in/Content/tomWork/TemplateContent/LevelPrototyping/Materials/MI_PrototypeGrid_TopDark.uasset" 1020
"C:/Users/win11/Documents/GitHub/the-last-check-in/Content/tomWork/TemplateContent/LevelPrototyping/Materials/MI_PrototypeGrid_TopDark.uexp" 1021
"C:/Users/win11/Documents/GitHub/the-last-check-in/Content/tomWork/TemplateContent/LevelPrototyping/Materials/MI_PrototypeGrid_Gray_02.uasset" 1022
"C:/Users/win11/Documents/GitHub/the-last-check-in/Content/tomWork/TemplateContent/LevelPrototyping/Materials/MI_PrototypeGrid_Gray_02.uexp" 1023
"C:/Users/win11/Documents/GitHub/the-last-check-in/Content/tomWork/TemplateContent/FirstPersonArms/Animations/FP_Rifle_Fire.uasset" 1024
"C:/Users/win11/Documents/GitHub/the-last-check-in/Content/tomWork/TemplateContent/FirstPersonArms/Animations/FP_Rifle_Fire.uexp" 1025
"C:/Users/win11/Documents/GitHub/the-last-check-in/Content/tomWork/TemplateContent/FirstPersonArms/Animations/FP_Rifle_Shoot_Montage.uasset" 1026
"C:/Users/win11/Documents/GitHub/the-last-check-in/Content/tomWork/TemplateContent/FirstPersonArms/Animations/FP_Rifle_Shoot_Montage.uexp" 1027
"C:/Users/win11/Documents/GitHub/the-last-check-in/Content/tomWork/TemplateContent/FirstPerson/Maps/FirstPersonMap_BuiltData.ubulk" 1028
"C:/Users/win11/Documents/GitHub/the-last-check-in/Content/tomWork/TemplateContent/FirstPerson/Maps/FirstPersonMap_BuiltData.uasset" 1029
"C:/Users/win11/Documents/GitHub/the-last-check-in/Content/tomWork/TemplateContent/FirstPerson/Maps/FirstPersonMap_BuiltData.uexp" 1030
"../../../Engine/Content/MobileResources/HUD/VirtualJoystick_Background.uasset" 1031
"../../../Engine/Content/MobileResources/HUD/VirtualJoystick_Background.uexp" 1032
"../../../Engine/Content/MobileResources/HUD/VirtualJoystick_Thumb.uasset" 1033
"../../../Engine/Content/MobileResources/HUD/VirtualJoystick_Thumb.uexp" 1034
"C:/Users/win11/Documents/GitHub/the-last-check-in/Content/tomWork/TemplateContent/FirstPerson/Input/MobileControls.uasset" 1035
"C:/Users/win11/Documents/GitHub/the-last-check-in/Content/tomWork/TemplateContent/FirstPerson/Input/MobileControls.uexp" 1036
"C:/Users/win11/Documents/GitHub/the-last-check-in/Content/tomWork/TemplateContent/FirstPerson/Input/Actions/IA_Shoot.uasset" 1037
"C:/Users/win11/Documents/GitHub/the-last-check-in/Content/tomWork/TemplateContent/FirstPerson/Input/Actions/IA_Shoot.uexp" 1038
"C:/Users/win11/Documents/GitHub/the-last-check-in/Content/tomWork/TemplateContent/FirstPerson/Input/IMC_Weapons.uasset" 1039
"C:/Users/win11/Documents/GitHub/the-last-check-in/Content/tomWork/TemplateContent/FirstPerson/Input/IMC_Weapons.uexp" 1040
"C:/Users/win11/Documents/GitHub/the-last-check-in/Content/TemplateContent/LevelPrototyping/Textures/T_GridChecker_A.ubulk" 1041
"C:/Users/win11/Documents/GitHub/the-last-check-in/Content/TemplateContent/LevelPrototyping/Textures/T_GridChecker_A.uasset" 1042
"C:/Users/win11/Documents/GitHub/the-last-check-in/Content/TemplateContent/LevelPrototyping/Textures/T_GridChecker_A.uexp" 1043
"C:/Users/win11/Documents/GitHub/the-last-check-in/Content/TemplateContent/LevelPrototyping/Materials/MF_ProcGrid.uasset" 1044
"C:/Users/win11/Documents/GitHub/the-last-check-in/Content/TemplateContent/LevelPrototyping/Materials/MF_ProcGrid.uexp" 1045
"C:/Users/win11/Documents/GitHub/the-last-check-in/Content/TemplateContent/LevelPrototyping/Materials/M_PrototypeGrid.uasset" 1046
"C:/Users/win11/Documents/GitHub/the-last-check-in/Content/TemplateContent/LevelPrototyping/Materials/M_PrototypeGrid.uexp" 1047
"C:/Users/win11/Documents/GitHub/the-last-check-in/Content/TemplateContent/LevelPrototyping/Materials/MI_PrototypeGrid_Gray.uasset" 1048
"C:/Users/win11/Documents/GitHub/the-last-check-in/Content/TemplateContent/LevelPrototyping/Materials/MI_PrototypeGrid_Gray.uexp" 1049
"C:/Users/win11/Documents/GitHub/the-last-check-in/Content/TemplateContent/LevelPrototyping/Meshes/SM_Ramp.ubulk" 1050
"C:/Users/win11/Documents/GitHub/the-last-check-in/Content/TemplateContent/LevelPrototyping/Meshes/SM_Ramp.uasset" 1051
"C:/Users/win11/Documents/GitHub/the-last-check-in/Content/TemplateContent/LevelPrototyping/Meshes/SM_Ramp.uexp" 1052
"C:/Users/win11/Documents/GitHub/the-last-check-in/Content/TemplateContent/LevelPrototyping/Meshes/SM_QuarterCylinder.ubulk" 1053
"C:/Users/win11/Documents/GitHub/the-last-check-in/Content/TemplateContent/LevelPrototyping/Meshes/SM_QuarterCylinder.uasset" 1054
"C:/Users/win11/Documents/GitHub/the-last-check-in/Content/TemplateContent/LevelPrototyping/Meshes/SM_QuarterCylinder.uexp" 1055
"C:/Users/win11/Documents/GitHub/the-last-check-in/Content/TemplateContent/LevelPrototyping/Meshes/SM_Cylinder.ubulk" 1056
"C:/Users/win11/Documents/GitHub/the-last-check-in/Content/TemplateContent/LevelPrototyping/Meshes/SM_Cylinder.uasset" 1057
"C:/Users/win11/Documents/GitHub/the-last-check-in/Content/TemplateContent/LevelPrototyping/Meshes/SM_Cylinder.uexp" 1058
"C:/Users/win11/Documents/GitHub/the-last-check-in/Content/TemplateContent/LevelPrototyping/Materials/M_Solid.uasset" 1059
"C:/Users/win11/Documents/GitHub/the-last-check-in/Content/TemplateContent/LevelPrototyping/Materials/M_Solid.uexp" 1060
"C:/Users/win11/Documents/GitHub/the-last-check-in/Content/TemplateContent/LevelPrototyping/Materials/MI_Solid_Blue.uasset" 1061
"C:/Users/win11/Documents/GitHub/the-last-check-in/Content/TemplateContent/LevelPrototyping/Materials/MI_Solid_Blue.uexp" 1062
"C:/Users/win11/Documents/GitHub/the-last-check-in/Content/TemplateContent/LevelPrototyping/Meshes/SM_ChamferCube.ubulk" 1063
"C:/Users/win11/Documents/GitHub/the-last-check-in/Content/TemplateContent/LevelPrototyping/Meshes/SM_ChamferCube.uasset" 1064
"C:/Users/win11/Documents/GitHub/the-last-check-in/Content/TemplateContent/LevelPrototyping/Meshes/SM_ChamferCube.uexp" 1065
"C:/Users/win11/Documents/GitHub/the-last-check-in/Content/TemplateContent/LevelPrototyping/Materials/MI_PrototypeGrid_TopDark.uasset" 1066
"C:/Users/win11/Documents/GitHub/the-last-check-in/Content/TemplateContent/LevelPrototyping/Materials/MI_PrototypeGrid_TopDark.uexp" 1067
"C:/Users/win11/Documents/GitHub/the-last-check-in/Content/TemplateContent/LevelPrototyping/Materials/MI_PrototypeGrid_Gray_02.uasset" 1068
"C:/Users/win11/Documents/GitHub/the-last-check-in/Content/TemplateContent/LevelPrototyping/Materials/MI_PrototypeGrid_Gray_02.uexp" 1069
"C:/Users/win11/Documents/GitHub/the-last-check-in/Content/TemplateContent/FirstPersonArms/Character/Textures/Manny/T_Manny_01_Tan.ubulk" 1070
"C:/Users/win11/Documents/GitHub/the-last-check-in/Content/TemplateContent/FirstPersonArms/Character/Textures/Manny/T_Manny_01_Tan.uasset" 1071
"C:/Users/win11/Documents/GitHub/the-last-check-in/Content/TemplateContent/FirstPersonArms/Character/Textures/Manny/T_Manny_01_Tan.uexp" 1072
"C:/Users/win11/Documents/GitHub/the-last-check-in/Content/TemplateContent/FirstPersonArms/Character/Textures/Manny/T_Manny_01_CCRCCPlastic_MSK.ubulk" 1073
"C:/Users/win11/Documents/GitHub/the-last-check-in/Content/TemplateContent/FirstPersonArms/Character/Textures/Manny/T_Manny_01_CCRCCPlastic_MSK.uasset" 1074
"C:/Users/win11/Documents/GitHub/the-last-check-in/Content/TemplateContent/FirstPersonArms/Character/Textures/Manny/T_Manny_01_CCRCCPlastic_MSK.uexp" 1075
"C:/Users/win11/Documents/GitHub/the-last-check-in/Content/TemplateContent/FirstPersonArms/Character/Textures/Manny/T_Manny_01_N.ubulk" 1076
"C:/Users/win11/Documents/GitHub/the-last-check-in/Content/TemplateContent/FirstPersonArms/Character/Textures/Manny/T_Manny_01_N.uasset" 1077
"C:/Users/win11/Documents/GitHub/the-last-check-in/Content/TemplateContent/FirstPersonArms/Character/Textures/Manny/T_Manny_01_N.uexp" 1078
"C:/Users/win11/Documents/GitHub/the-last-check-in/Content/TemplateContent/FirstPersonArms/Character/Textures/Manny/T_Manny_01_BN.ubulk" 1079
"C:/Users/win11/Documents/GitHub/the-last-check-in/Content/TemplateContent/FirstPersonArms/Character/Textures/Manny/T_Manny_01_BN.uasset" 1080
"C:/Users/win11/Documents/GitHub/the-last-check-in/Content/TemplateContent/FirstPersonArms/Character/Textures/Manny/T_Manny_01_BN.uexp" 1081
"C:/Users/win11/Documents/GitHub/the-last-check-in/Content/TemplateContent/FirstPersonArms/Character/Textures/Manny/T_Manny_01_ASAOPMASK_MSK.ubulk" 1082
"C:/Users/win11/Documents/GitHub/the-last-check-in/Content/TemplateContent/FirstPersonArms/Character/Textures/Manny/T_Manny_01_ASAOPMASK_MSK.uasset" 1083
"C:/Users/win11/Documents/GitHub/the-last-check-in/Content/TemplateContent/FirstPersonArms/Character/Textures/Manny/T_Manny_01_ASAOPMASK_MSK.uexp" 1084
"C:/Users/win11/Documents/GitHub/the-last-check-in/Content/TemplateContent/FirstPersonArms/Character/Textures/Manny/T_Manny_01_D.ubulk" 1085
"C:/Users/win11/Documents/GitHub/the-last-check-in/Content/TemplateContent/FirstPersonArms/Character/Textures/Manny/T_Manny_01_D.uasset" 1086
"C:/Users/win11/Documents/GitHub/the-last-check-in/Content/TemplateContent/FirstPersonArms/Character/Textures/Manny/T_Manny_01_D.uexp" 1087
"C:/Users/win11/Documents/GitHub/the-last-check-in/Content/TemplateContent/FirstPersonArms/Character/Materials/Functions/ML_BaseColorFallOff.uasset" 1088
"C:/Users/win11/Documents/GitHub/the-last-check-in/Content/TemplateContent/FirstPersonArms/Character/Materials/Functions/ML_BaseColorFallOff.uexp" 1089
"C:/Users/win11/Documents/GitHub/the-last-check-in/Content/TemplateContent/FirstPersonArms/Character/Materials/Functions/ChromaticCurve.uasset" 1090
"C:/Users/win11/Documents/GitHub/the-last-check-in/Content/TemplateContent/FirstPersonArms/Character/Materials/Functions/ChromaticCurve.uexp" 1091
"C:/Users/win11/Documents/GitHub/the-last-check-in/Content/TemplateContent/FirstPersonArms/Character/Materials/Functions/CA_Mannequin.uasset" 1092
"C:/Users/win11/Documents/GitHub/the-last-check-in/Content/TemplateContent/FirstPersonArms/Character/Materials/Functions/CA_Mannequin.uexp" 1093
"C:/Users/win11/Documents/GitHub/the-last-check-in/Content/TemplateContent/FirstPersonArms/Character/Textures/Shared/T_UE_Logo_M.uasset" 1094
"C:/Users/win11/Documents/GitHub/the-last-check-in/Content/TemplateContent/FirstPersonArms/Character/Textures/Shared/T_UE_Logo_M.uexp" 1095
"C:/Users/win11/Documents/GitHub/the-last-check-in/Content/TemplateContent/FirstPersonArms/Character/Materials/Functions/MF_logo3layers.uasset" 1096
"C:/Users/win11/Documents/GitHub/the-last-check-in/Content/TemplateContent/FirstPersonArms/Character/Materials/Functions/MF_logo3layers.uexp" 1097
"C:/Users/win11/Documents/GitHub/the-last-check-in/Content/TemplateContent/FirstPersonArms/Character/Textures/Manny/T_Manny_01_MSR_MSK.ubulk" 1098
"C:/Users/win11/Documents/GitHub/the-last-check-in/Content/TemplateContent/FirstPersonArms/Character/Textures/Manny/T_Manny_01_MSR_MSK.uasset" 1099
"C:/Users/win11/Documents/GitHub/the-last-check-in/Content/TemplateContent/FirstPersonArms/Character/Textures/Manny/T_Manny_01_MSR_MSK.uexp" 1100
"C:/Users/win11/Documents/GitHub/the-last-check-in/Content/TemplateContent/FirstPersonArms/Character/Materials/Functions/MF_Diffraction.uasset" 1101
"C:/Users/win11/Documents/GitHub/the-last-check-in/Content/TemplateContent/FirstPersonArms/Character/Materials/Functions/MF_Diffraction.uexp" 1102
"C:/Users/win11/Documents/GitHub/the-last-check-in/Content/TemplateContent/FirstPersonArms/Character/Materials/M_Mannequin.uasset" 1103
"C:/Users/win11/Documents/GitHub/the-last-check-in/Content/TemplateContent/FirstPersonArms/Character/Materials/M_Mannequin.uexp" 1104
"C:/Users/win11/Documents/GitHub/the-last-check-in/Content/TemplateContent/FirstPersonArms/Character/Materials/Instances/Manny/MI_Manny_01.uasset" 1105
"C:/Users/win11/Documents/GitHub/the-last-check-in/Content/TemplateContent/FirstPersonArms/Character/Materials/Instances/Manny/MI_Manny_01.uexp" 1106
"C:/Users/win11/Documents/GitHub/the-last-check-in/Content/TemplateContent/FirstPersonArms/Character/Mesh/SK_Mannequin_Arms_PhysicsAsset.uasset" 1107
"C:/Users/win11/Documents/GitHub/the-last-check-in/Content/TemplateContent/FirstPersonArms/Character/Mesh/SK_Mannequin_Arms_PhysicsAsset.uexp" 1108
"C:/Users/win11/Documents/GitHub/the-last-check-in/Content/TemplateContent/FirstPersonArms/Character/Textures/Manny/T_Manny_02_CCRCCPlastic_MSK.ubulk" 1109
"C:/Users/win11/Documents/GitHub/the-last-check-in/Content/TemplateContent/FirstPersonArms/Character/Textures/Manny/T_Manny_02_CCRCCPlastic_MSK.uasset" 1110
"C:/Users/win11/Documents/GitHub/the-last-check-in/Content/TemplateContent/FirstPersonArms/Character/Textures/Manny/T_Manny_02_CCRCCPlastic_MSK.uexp" 1111
"C:/Users/win11/Documents/GitHub/the-last-check-in/Content/TemplateContent/FirstPersonArms/Character/Textures/Manny/T_Manny_02_D.ubulk" 1112
"C:/Users/win11/Documents/GitHub/the-last-check-in/Content/TemplateContent/FirstPersonArms/Character/Textures/Manny/T_Manny_02_D.uasset" 1113
"C:/Users/win11/Documents/GitHub/the-last-check-in/Content/TemplateContent/FirstPersonArms/Character/Textures/Manny/T_Manny_02_D.uexp" 1114
"C:/Users/win11/Documents/GitHub/the-last-check-in/Content/TemplateContent/FirstPersonArms/Character/Textures/Manny/T_Manny_02_MSR_MSK.ubulk" 1115
"C:/Users/win11/Documents/GitHub/the-last-check-in/Content/TemplateContent/FirstPersonArms/Character/Textures/Manny/T_Manny_02_MSR_MSK.uasset" 1116
"C:/Users/win11/Documents/GitHub/the-last-check-in/Content/TemplateContent/FirstPersonArms/Character/Textures/Manny/T_Manny_02_MSR_MSK.uexp" 1117
"C:/Users/win11/Documents/GitHub/the-last-check-in/Content/TemplateContent/FirstPersonArms/Character/Textures/Manny/T_Manny_02_ASAOPMASK_MSK.ubulk" 1118
"C:/Users/win11/Documents/GitHub/the-last-check-in/Content/TemplateContent/FirstPersonArms/Character/Textures/Manny/T_Manny_02_ASAOPMASK_MSK.uasset" 1119
"C:/Users/win11/Documents/GitHub/the-last-check-in/Content/TemplateContent/FirstPersonArms/Character/Textures/Manny/T_Manny_02_ASAOPMASK_MSK.uexp" 1120
"C:/Users/win11/Documents/GitHub/the-last-check-in/Content/TemplateContent/FirstPersonArms/Character/Textures/Manny/T_Manny_02_N.ubulk" 1121
"C:/Users/win11/Documents/GitHub/the-last-check-in/Content/TemplateContent/FirstPersonArms/Character/Textures/Manny/T_Manny_02_N.uasset" 1122
"C:/Users/win11/Documents/GitHub/the-last-check-in/Content/TemplateContent/FirstPersonArms/Character/Textures/Manny/T_Manny_02_N.uexp" 1123
"C:/Users/win11/Documents/GitHub/the-last-check-in/Content/TemplateContent/FirstPersonArms/Character/Textures/Manny/T_Manny_02_Tan.ubulk" 1124
"C:/Users/win11/Documents/GitHub/the-last-check-in/Content/TemplateContent/FirstPersonArms/Character/Textures/Manny/T_Manny_02_Tan.uasset" 1125
"C:/Users/win11/Documents/GitHub/the-last-check-in/Content/TemplateContent/FirstPersonArms/Character/Textures/Manny/T_Manny_02_Tan.uexp" 1126
"C:/Users/win11/Documents/GitHub/the-last-check-in/Content/TemplateContent/FirstPersonArms/Character/Textures/Manny/T_Manny_02_BN.ubulk" 1127
"C:/Users/win11/Documents/GitHub/the-last-check-in/Content/TemplateContent/FirstPersonArms/Character/Textures/Manny/T_Manny_02_BN.uasset" 1128
"C:/Users/win11/Documents/GitHub/the-last-check-in/Content/TemplateContent/FirstPersonArms/Character/Textures/Manny/T_Manny_02_BN.uexp" 1129
"C:/Users/win11/Documents/GitHub/the-last-check-in/Content/TemplateContent/FirstPersonArms/Character/Materials/Instances/Manny/MI_Manny_02.uasset" 1130
"C:/Users/win11/Documents/GitHub/the-last-check-in/Content/TemplateContent/FirstPersonArms/Character/Materials/Instances/Manny/MI_Manny_02.uexp" 1131
"C:/Users/win11/Documents/GitHub/the-last-check-in/Content/TemplateContent/FirstPersonArms/Character/Mesh/SK_Mannequin_Arms_Skeleton.uasset" 1132
"C:/Users/win11/Documents/GitHub/the-last-check-in/Content/TemplateContent/FirstPersonArms/Character/Mesh/SK_Mannequin_Arms_Skeleton.uexp" 1133
"C:/Users/win11/Documents/GitHub/the-last-check-in/Content/TemplateContent/FirstPersonArms/Character/Mesh/SK_Mannequin_Arms.uasset" 1134
"C:/Users/win11/Documents/GitHub/the-last-check-in/Content/TemplateContent/FirstPersonArms/Character/Mesh/SK_Mannequin_Arms.uexp" 1135
"C:/Users/win11/Documents/GitHub/the-last-check-in/Content/TemplateContent/FirstPersonArms/Animations/FP_Rifle_Fire.uasset" 1136
"C:/Users/win11/Documents/GitHub/the-last-check-in/Content/TemplateContent/FirstPersonArms/Animations/FP_Rifle_Fire.uexp" 1137
"C:/Users/win11/Documents/GitHub/the-last-check-in/Content/TemplateContent/FirstPersonArms/Animations/FP_Rifle_Shoot_Montage.uasset" 1138
"C:/Users/win11/Documents/GitHub/the-last-check-in/Content/TemplateContent/FirstPersonArms/Animations/FP_Rifle_Shoot_Montage.uexp" 1139
"C:/Users/win11/Documents/GitHub/the-last-check-in/Content/TemplateContent/FirstPersonArms/Animations/FP_Rifle_Idle.uasset" 1140
"C:/Users/win11/Documents/GitHub/the-last-check-in/Content/TemplateContent/FirstPersonArms/Animations/FP_Rifle_Idle.uexp" 1141
"C:/Users/win11/Documents/GitHub/the-last-check-in/Content/TemplateContent/FirstPersonArms/Animations/FP_Rifle_Jump.uasset" 1142
"C:/Users/win11/Documents/GitHub/the-last-check-in/Content/TemplateContent/FirstPersonArms/Animations/FP_Rifle_Jump.uexp" 1143
"C:/Users/win11/Documents/GitHub/the-last-check-in/Content/TemplateContent/FirstPersonArms/Animations/FP_Land.uasset" 1144
"C:/Users/win11/Documents/GitHub/the-last-check-in/Content/TemplateContent/FirstPersonArms/Animations/FP_Land.uexp" 1145
"C:/Users/win11/Documents/GitHub/the-last-check-in/Content/TemplateContent/FirstPersonArms/Animations/FP_Rifle_Land.uasset" 1146
"C:/Users/win11/Documents/GitHub/the-last-check-in/Content/TemplateContent/FirstPersonArms/Animations/FP_Rifle_Land.uexp" 1147
"C:/Users/win11/Documents/GitHub/the-last-check-in/Content/TemplateContent/FirstPersonArms/Animations/FP_Jump.uasset" 1148
"C:/Users/win11/Documents/GitHub/the-last-check-in/Content/TemplateContent/FirstPersonArms/Animations/FP_Jump.uexp" 1149
"C:/Users/win11/Documents/GitHub/the-last-check-in/Content/TemplateContent/FirstPersonArms/Animations/FP_Rifle_Run.uasset" 1150
"C:/Users/win11/Documents/GitHub/the-last-check-in/Content/TemplateContent/FirstPersonArms/Animations/FP_Rifle_Run.uexp" 1151
"C:/Users/win11/Documents/GitHub/the-last-check-in/Content/TemplateContent/FirstPersonArms/Animations/FP_Idle.uasset" 1152
"C:/Users/win11/Documents/GitHub/the-last-check-in/Content/TemplateContent/FirstPersonArms/Animations/FP_Idle.uexp" 1153
"C:/Users/win11/Documents/GitHub/the-last-check-in/Content/TemplateContent/FirstPersonArms/Animations/FP_Rifle_Falling.uasset" 1154
"C:/Users/win11/Documents/GitHub/the-last-check-in/Content/TemplateContent/FirstPersonArms/Animations/FP_Rifle_Falling.uexp" 1155
"C:/Users/win11/Documents/GitHub/the-last-check-in/Content/TemplateContent/FirstPersonArms/Animations/FP_Falling.uasset" 1156
"C:/Users/win11/Documents/GitHub/the-last-check-in/Content/TemplateContent/FirstPersonArms/Animations/FP_Falling.uexp" 1157
"C:/Users/win11/Documents/GitHub/the-last-check-in/Content/TemplateContent/FirstPersonArms/Animations/FP_Run_Fwd.uasset" 1158
"C:/Users/win11/Documents/GitHub/the-last-check-in/Content/TemplateContent/FirstPersonArms/Animations/FP_Run_Fwd.uexp" 1159
"C:/Users/win11/Documents/GitHub/the-last-check-in/Content/TemplateContent/FirstPersonArms/Animations/FirstPerson_AnimBP.uasset" 1160
"C:/Users/win11/Documents/GitHub/the-last-check-in/Content/TemplateContent/FirstPersonArms/Animations/FirstPerson_AnimBP.uexp" 1161
"C:/Users/win11/Documents/GitHub/the-last-check-in/Content/TemplateContent/FirstPerson/Maps/FirstPersonMap_BuiltData.ubulk" 1162
"C:/Users/win11/Documents/GitHub/the-last-check-in/Content/TemplateContent/FirstPerson/Maps/FirstPersonMap_BuiltData.uasset" 1163
"C:/Users/win11/Documents/GitHub/the-last-check-in/Content/TemplateContent/FirstPerson/Maps/FirstPersonMap_BuiltData.uexp" 1164
"C:/Users/win11/Documents/GitHub/the-last-check-in/Content/TemplateContent/FirstPerson/Input/MobileControls.uasset" 1165
"C:/Users/win11/Documents/GitHub/the-last-check-in/Content/TemplateContent/FirstPerson/Input/MobileControls.uexp" 1166
"C:/Users/win11/Documents/GitHub/the-last-check-in/Content/TemplateContent/FirstPerson/Input/Actions/IA_Shoot.uasset" 1167
"C:/Users/win11/Documents/GitHub/the-last-check-in/Content/TemplateContent/FirstPerson/Input/Actions/IA_Shoot.uexp" 1168
"C:/Users/win11/Documents/GitHub/the-last-check-in/Content/TemplateContent/FirstPerson/Input/IMC_Weapons.uasset" 1169
"C:/Users/win11/Documents/GitHub/the-last-check-in/Content/TemplateContent/FirstPerson/Input/IMC_Weapons.uexp" 1170
"C:/Users/win11/Documents/GitHub/the-last-check-in/Content/TemplateContent/FirstPerson/Input/Actions/IA_Look.uasset" 1171
"C:/Users/win11/Documents/GitHub/the-last-check-in/Content/TemplateContent/FirstPerson/Input/Actions/IA_Look.uexp" 1172
"C:/Users/win11/Documents/GitHub/the-last-check-in/Content/TemplateContent/FirstPerson/Input/Actions/IA_Move.uasset" 1173
"C:/Users/win11/Documents/GitHub/the-last-check-in/Content/TemplateContent/FirstPerson/Input/Actions/IA_Move.uexp" 1174
"C:/Users/win11/Documents/GitHub/the-last-check-in/Content/TemplateContent/FirstPerson/Input/Actions/IA_Jump.uasset" 1175
"C:/Users/win11/Documents/GitHub/the-last-check-in/Content/TemplateContent/FirstPerson/Input/Actions/IA_Jump.uexp" 1176
"C:/Users/win11/Documents/GitHub/the-last-check-in/Content/TemplateContent/FirstPerson/Input/IMC_Default.uasset" 1177
"C:/Users/win11/Documents/GitHub/the-last-check-in/Content/TemplateContent/FirstPerson/Input/IMC_Default.uexp" 1178
"C:/Users/win11/Documents/GitHub/the-last-check-in/Content/ollieWork/FirstPerson/Blueprints/BP_FirstPersonCharacter.uasset" 1179
"C:/Users/win11/Documents/GitHub/the-last-check-in/Content/ollieWork/FirstPerson/Blueprints/BP_FirstPersonCharacter.uexp" 1180
"C:/Users/win11/Documents/GitHub/the-last-check-in/Content/ollieWork/Evidence_Proto/WBP_Interact.uasset" 1181
"C:/Users/win11/Documents/GitHub/the-last-check-in/Content/ollieWork/Evidence_Proto/WBP_Interact.uexp" 1182
"C:/Users/win11/Documents/GitHub/the-last-check-in/Content/ollieWork/FirstPerson/Blueprints/BP_FirstPersonPlayerOllieController.uasset" 1183
"C:/Users/win11/Documents/GitHub/the-last-check-in/Content/ollieWork/FirstPerson/Blueprints/BP_FirstPersonPlayerOllieController.uexp" 1184
"C:/Users/win11/Documents/GitHub/the-last-check-in/Content/ollieWork/FirstPerson/Blueprints/BP_FirstPersonPlayerController.uasset" 1185
"C:/Users/win11/Documents/GitHub/the-last-check-in/Content/ollieWork/FirstPerson/Blueprints/BP_FirstPersonPlayerController.uexp" 1186
"../../../Engine/Content/Functions/Engine_MaterialFunctions01/Shading/PowerToRoughness.uasset" 1187
"../../../Engine/Content/Functions/Engine_MaterialFunctions01/Shading/PowerToRoughness.uexp" 1188
"../../../Engine/Content/Functions/Engine_MaterialFunctions01/Shading/ConvertFromDiffSpec.uasset" 1189
"../../../Engine/Content/Functions/Engine_MaterialFunctions01/Shading/ConvertFromDiffSpec.uexp" 1190
"C:/Users/win11/Documents/GitHub/the-last-check-in/Content/tomWork/TemplateContent/LevelPrototyping/Meshes/SM_Cube.ubulk" 1191
"C:/Users/win11/Documents/GitHub/the-last-check-in/Content/tomWork/TemplateContent/LevelPrototyping/Meshes/SM_Cube.uasset" 1192
"C:/Users/win11/Documents/GitHub/the-last-check-in/Content/tomWork/TemplateContent/LevelPrototyping/Meshes/SM_Cube.uexp" 1193
"C:/Users/win11/Documents/GitHub/the-last-check-in/Content/tomWork/Meshes/Key.ubulk" 1194
"C:/Users/win11/Documents/GitHub/the-last-check-in/Content/tomWork/Meshes/Key.uasset" 1195
"C:/Users/win11/Documents/GitHub/the-last-check-in/Content/tomWork/Meshes/Key.uexp" 1196
"C:/Users/win11/Documents/GitHub/the-last-check-in/Content/tomWork/Meshes/doorTest.ubulk" 1197
"C:/Users/win11/Documents/GitHub/the-last-check-in/Content/tomWork/Meshes/doorTest.uasset" 1198
"C:/Users/win11/Documents/GitHub/the-last-check-in/Content/tomWork/Meshes/doorTest.uexp" 1199
"C:/Users/win11/Documents/GitHub/the-last-check-in/Content/tomWork/Widgets/WBP_DoorNumber.uasset" 1200
"C:/Users/win11/Documents/GitHub/the-last-check-in/Content/tomWork/Widgets/WBP_DoorNumber.uexp" 1201
"C:/Users/win11/Documents/GitHub/the-last-check-in/Content/tomWork/Actors/BP_Door.uasset" 1202
"C:/Users/win11/Documents/GitHub/the-last-check-in/Content/tomWork/Actors/BP_Door.uexp" 1203
"../../../Engine/Content/EngineSky/T_Sky_Stars.ubulk" 1204
"../../../Engine/Content/EngineSky/T_Sky_Stars.uasset" 1205
"../../../Engine/Content/EngineSky/T_Sky_Stars.uexp" 1206
"../../../Engine/Content/EngineSky/T_Sky_Clouds_M.ubulk" 1207
"../../../Engine/Content/EngineSky/T_Sky_Clouds_M.uasset" 1208
"../../../Engine/Content/EngineSky/T_Sky_Clouds_M.uexp" 1209
"../../../Engine/Content/EngineSky/T_Sky_Blue.ubulk" 1210
"../../../Engine/Content/EngineSky/T_Sky_Blue.uasset" 1211
"../../../Engine/Content/EngineSky/T_Sky_Blue.uexp" 1212
"../../../Engine/Content/EngineSky/M_Sky_Panning_Clouds2.uasset" 1213
"../../../Engine/Content/EngineSky/M_Sky_Panning_Clouds2.uexp" 1214
"../../../Engine/Content/EngineSky/SM_SkySphere.ubulk" 1215
"../../../Engine/Content/EngineSky/SM_SkySphere.uasset" 1216
"../../../Engine/Content/EngineSky/SM_SkySphere.uexp" 1217
"../../../Engine/Content/EngineSky/M_SimpleSkyDome.uasset" 1218
"../../../Engine/Content/EngineSky/M_SimpleSkyDome.uexp" 1219
"C:/Users/win11/Documents/GitHub/the-last-check-in/Content/TemplateContent/LevelPrototyping/Meshes/SM_Cube.ubulk" 1220
"C:/Users/win11/Documents/GitHub/the-last-check-in/Content/TemplateContent/LevelPrototyping/Meshes/SM_Cube.uasset" 1221
"C:/Users/win11/Documents/GitHub/the-last-check-in/Content/TemplateContent/LevelPrototyping/Meshes/SM_Cube.uexp" 1222
"../../../Engine/Content/Maps/Entry_BuiltData.uasset" 1223
"../../../Engine/Content/Maps/Entry_BuiltData.uexp" 1224
"../../../Engine/Content/Maps/Entry.uexp" 1225
"../../../Engine/Content/Maps/Entry.umap" 1226
"C:/Users/win11/Documents/GitHub/the-last-check-in/Content/tomWork/TemplateContent/FirstPerson/Input/IMC_Default.uasset" 1227
"C:/Users/win11/Documents/GitHub/the-last-check-in/Content/tomWork/TemplateContent/FirstPerson/Input/IMC_Default.uexp" 1228
"C:/Users/win11/Documents/GitHub/the-last-check-in/Content/tomWork/TemplateContent/FirstPerson/Blueprints/BP_FirstPersonPlayerController.uasset" 1229
"C:/Users/win11/Documents/GitHub/the-last-check-in/Content/tomWork/TemplateContent/FirstPerson/Blueprints/BP_FirstPersonPlayerController.uexp" 1230
"C:/Users/win11/Documents/GitHub/the-last-check-in/Content/tomWork/TemplateContent/FirstPerson/Blueprints/BP_FirstPersonGameMode.uasset" 1231
"C:/Users/win11/Documents/GitHub/the-last-check-in/Content/tomWork/TemplateContent/FirstPerson/Blueprints/BP_FirstPersonGameMode.uexp" 1232
"C:/Users/win11/Documents/GitHub/the-last-check-in/Content/tomWork/TemplateContent/FirstPerson/Maps/FirstPersonMap.uexp" 1233
"C:/Users/win11/Documents/GitHub/the-last-check-in/Content/tomWork/TemplateContent/FirstPerson/Maps/FirstPersonMap.umap" 1234
"C:/Users/win11/Documents/GitHub/the-last-check-in/Content/TemplateContent/FirstPerson/Maps/FirstPersonMap.uexp" 1235
"C:/Users/win11/Documents/GitHub/the-last-check-in/Content/TemplateContent/FirstPerson/Maps/FirstPersonMap.umap" 1236
