"C:/Users/win11/Documents/GitHub/the-last-check-in/EvidencePrototype.uproject" 1
"../../../Engine/Plugins/AudioGameplayVolume/AudioGameplayVolume.uplugin" 2
"../../../Engine/Plugins/AudioInsights/AudioInsights.uplugin" 3
"../../../Engine/Plugins/BlueprintFileUtils/BlueprintFileUtils.uplugin" 4
"../../../Engine/Plugins/ChaosClothAsset/ChaosClothAsset.uplugin" 5
"../../../Engine/Plugins/ChaosVD/ChaosVD.uplugin" 6
"../../../Engine/Plugins/DiscoveryBeaconReceiver/DiscoveryBeaconReceiver.uplugin" 7
"../../../Engine/Plugins/AudioGameplay/AudioGameplay.uplugin" 8
"../../../Engine/Plugins/EnhancedInput/EnhancedInput.uplugin" 9
"../../../Engine/Plugins/ChaosCloth/ChaosCloth.uplugin" 10
"../../../Engine/Plugins/ChaosClothAssetEditor/ChaosClothAssetEditor.uplugin" 11
"../../../Engine/Plugins/Bridge/Bridge.uplugin" 12
"../../../Engine/Plugins/Fab/Fab.uplugin" 13
"../../../Engine/Plugins/JsonBlueprintUtilities/JsonBlueprintUtilities.uplugin" 14
"../../../Engine/Plugins/FastBuildController/FastBuildController.uplugin" 15
"../../../Engine/Plugins/MeshPainting/MeshPainting.uplugin" 16
"../../../Engine/Plugins/MemoryUsageQueries/MemoryUsageQueries.uplugin" 17
"../../../Engine/Plugins/LightWeightInstancesEditor/LightWeightInstancesEditor.uplugin" 18
"../../../Engine/Plugins/PCG/PCG.uplugin" 19
"../../../Engine/Plugins/PCGGeometryScriptInterop/PCGGeometryScriptInterop.uplugin" 20
"../../../Engine/Plugins/PCGExternalDataInterop/PCGExternalDataInterop.uplugin" 21
"../../../Engine/Plugins/RenderGraphInsights/RenderGraphInsights.uplugin" 22
"../../../Engine/Plugins/ScriptPlugin/ScriptPlugin.uplugin" 23
"../../../Engine/Plugins/XGEController/XGEController.uplugin" 24
"../../../Engine/Plugins/UbaController/UbaController.uplugin" 25
"../../../Engine/Plugins/WorldMetrics/WorldMetrics.uplugin" 26
"../../../Engine/Plugins/AI/EnvironmentQueryEditor/EnvironmentQueryEditor.uplugin" 27
"../../../Engine/Plugins/AI/AISupport/AISupport.uplugin" 28
"../../../Engine/Plugins/TraceUtilities/TraceUtilities.uplugin" 29
"../../../Engine/Plugins/AI/MassAI/MassAI.uplugin" 30
"../../../Engine/Plugins/Experimental/AbilitySystemGameFeatureActions/AbilitySystemGameFeatureActions.uplugin" 31
"../../../Engine/Plugins/AI/MassCrowd/MassCrowd.uplugin" 32
"../../../Engine/Plugins/AI/HTNPlanner/HTNPlanner.uplugin" 33
"../../../Engine/Plugins/Experimental/ActorModifierCore/ActorModifierCore.uplugin" 34
"../../../Engine/Plugins/Compression/OodleNetwork/OodleNetwork.uplugin" 35
"../../../Engine/Plugins/Experimental/AdvancedRenamer/AdvancedRenamer.uplugin" 36
"../../../Engine/Plugins/Experimental/ActorPalette/ActorPalette.uplugin" 37
"../../../Engine/Plugins/Experimental/AnimNext/AnimNext.uplugin" 38
"../../../Engine/Plugins/Experimental/AnimToTexture/AnimToTexture.uplugin" 39
"../../../Engine/Plugins/Experimental/AppleVision/AppleVision.uplugin" 40
"../../../Engine/Plugins/Experimental/BlueprintSnapNodes/BlueprintSnapNodes.uplugin" 41
"../../../Engine/Plugins/CmdLinkServer/CmdLinkServer.uplugin" 42
"../../../Engine/Plugins/Experimental/Buoyancy/Buoyancy.uplugin" 43
"../../../Engine/Plugins/Experimental/ChaosClothEditor/ChaosClothEditor.uplugin" 44
"../../../Engine/Plugins/Experimental/ChaosCaching/ChaosCaching.uplugin" 45
"../../../Engine/Plugins/Experimental/ChaosCachingUSD/ChaosCachingUSD.uplugin" 46
"../../../Engine/Plugins/Experimental/ChaosEditor/ChaosEditor.uplugin" 47
"../../../Engine/Plugins/Experimental/ChaosNiagara/ChaosNiagara.uplugin" 48
"../../../Engine/Plugins/Experimental/ChaosModularVehicle/ChaosModularVehicle.uplugin" 49
"../../../Engine/Plugins/Experimental/ChaosSolverPlugin/ChaosSolverPlugin.uplugin" 50
"../../../Engine/Plugins/Experimental/CharacterAI/CharacterAI.uplugin" 51
"../../../Engine/Plugins/Experimental/ChaosUserDataPT/ChaosUserDataPT.uplugin" 52
"../../../Engine/Plugins/Experimental/ChaosFlesh/ChaosFlesh.uplugin" 53
"../../../Engine/Plugins/Experimental/CineCameraRigs/CineCameraRigs.uplugin" 54
"../../../Engine/Plugins/Experimental/Chooser/Chooser.uplugin" 55
"../../../Engine/Plugins/AI/MLAdapter/MLAdapter.uplugin" 56
"../../../Engine/Plugins/Experimental/ChaosVehiclesPlugin/ChaosVehiclesPlugin.uplugin" 57
"../../../Engine/Plugins/Experimental/CinematicPrestreaming/CinematicPrestreaming.uplugin" 58
"../../../Engine/Plugins/Experimental/ColorCorrectRegions/ColorCorrectRegions.uplugin" 59
"../../../Engine/Plugins/Experimental/BackChannel/BackChannel.uplugin" 60
"../../../Engine/Plugins/Experimental/AutomationUtils/AutomationUtils.uplugin" 61
"../../../Engine/Plugins/Experimental/CodeEditor/CodeEditor.uplugin" 62
"../../../Engine/Plugins/Experimental/CodeView/CodeView.uplugin" 63
"../../../Engine/Plugins/Experimental/CommonConversation/CommonConversation.uplugin" 64
"../../../Engine/Plugins/Experimental/DatasmithCloTranslator/DatasmithCloTranslator.uplugin" 65
"../../../Engine/Plugins/Experimental/DefaultInstallBundleManager/DefaultInstallBundleManager.uplugin" 66
"../../../Engine/Plugins/Experimental/CustomDetailsView/CustomDetailsView.uplugin" 67
"../../../Engine/Plugins/Experimental/FloatingProperties/FloatingProperties.uplugin" 68
"../../../Engine/Plugins/Experimental/Fracture/Fracture.uplugin" 69
"../../../Engine/Plugins/Experimental/ControlFlows/ControlFlows.uplugin" 70
"../../../Engine/Plugins/Experimental/DynamicMaterial/DynamicMaterial.uplugin" 71
"../../../Engine/Plugins/Experimental/FieldSystemPlugin/FieldSystemPlugin.uplugin" 72
"../../../Engine/Plugins/Experimental/GameInputWindows/GameInputWindows.uplugin" 73
"../../../Engine/Plugins/Experimental/GameplayBehaviors/GameplayBehaviors.uplugin" 74
"../../../Engine/Plugins/Experimental/Avalanche/Avalanche.uplugin" 75
"../../../Engine/Plugins/Experimental/GameplayTargetingSystem/TargetingSystem.uplugin" 76
"../../../Engine/Plugins/Experimental/GameplayGraph/GameplayGraph.uplugin" 77
"../../../Engine/Plugins/Experimental/GeometryCollectionPlugin/GeometryCollectionPlugin.uplugin" 78
"../../../Engine/Plugins/Experimental/BlueprintStats/BlueprintStats.uplugin" 79
"../../../Engine/Plugins/Experimental/Gauntlet/Gauntlet.uplugin" 80
"../../../Engine/Plugins/Experimental/GizmoEdMode/GizmoEdMode.uplugin" 81
"../../../Engine/Plugins/Experimental/ClonerEffector/ClonerEffector.uplugin" 82
"../../../Engine/Plugins/Experimental/CineCameraSceneCapture/CineCameraSceneCapture.uplugin" 83
"../../../Engine/Plugins/Experimental/GeometryFlow/GeometryFlow.uplugin" 84
"../../../Engine/Plugins/Experimental/GeometryMask/GeometryMask.uplugin" 85
"../../../Engine/Plugins/Experimental/ImagePlate/ImagePlate.uplugin" 86
"../../../Engine/Plugins/Experimental/HairCardGenerator/HairCardGenerator.uplugin" 87
"../../../Engine/Plugins/Experimental/GPULightmass/GPULightmass.uplugin" 88
"../../../Engine/Plugins/Experimental/ImpostorBaker/ImpostorBaker.uplugin" 89
"../../../Engine/Plugins/Experimental/Iris/Iris.uplugin" 90
"../../../Engine/Plugins/Experimental/InstanceDataObjectFixupTool/InstanceDataObjectFixupTool.uplugin" 91
"../../../Engine/Plugins/Experimental/JWT/JWT.uplugin" 92
"../../../Engine/Plugins/Experimental/Landmass/Landmass.uplugin" 93
"../../../Engine/Plugins/Experimental/LearningAgents/LearningAgents.uplugin" 94
"../../../Engine/Plugins/Experimental/Dataflow/Dataflow.uplugin" 95
"../../../Engine/Plugins/Experimental/GeometryCacheAbcFile/GeometryCacheAbcFile.uplugin" 96
"../../../Engine/Plugins/Experimental/LandscapePatch/LandscapePatch.uplugin" 97
"../../../Engine/Plugins/Experimental/LiveLinkControlRig/LiveLinkControlRig.uplugin" 98
"../../../Engine/Plugins/Experimental/FullBodyIK/FullBodyIK.uplugin" 99
"../../../Engine/Plugins/Experimental/MotoSynth/MotoSynth.uplugin" 100
"../../../Engine/Plugins/Experimental/MotorSimOutputMotoSynth/MotorSimOutputMotoSynth.uplugin" 101
"../../../Engine/Plugins/Experimental/LocalizableMessage/LocalizableMessage.uplugin" 102
"../../../Engine/Plugins/Experimental/MoverExamples/MoverExamples.uplugin" 103
"../../../Engine/Plugins/Experimental/GizmoFramework/GizmoFramework.uplugin" 104
"../../../Engine/Plugins/Experimental/Mover/Mover.uplugin" 105
"../../../Engine/Plugins/Experimental/NaniteDisplacedMesh/NaniteDisplacedMesh.uplugin" 106
"../../../Engine/Plugins/Experimental/LiveLinkFaceImporter/LiveLinkFaceImporter.uplugin" 107
"../../../Engine/Plugins/Experimental/NeuralRendering/NeuralRendering.uplugin" 108
"../../../Engine/Plugins/Experimental/NNEDenoiser/NNEDenoiser.uplugin" 109
"../../../Engine/Plugins/Experimental/OperatorStack/OperatorStack.uplugin" 110
"../../../Engine/Plugins/Experimental/OpenImageDenoise/OpenImageDenoise.uplugin" 111
"../../../Engine/Plugins/Experimental/NNERuntimeBasicCpu/NNERuntimeBasicCpu.uplugin" 112
"../../../Engine/Plugins/Experimental/PanoramicCapture/PanoramicCapture.uplugin" 113
"../../../Engine/Plugins/Experimental/MoverTests/MoverTests.uplugin" 114
"../../../Engine/Plugins/Experimental/PCGBiomeSample/PCGBiomeSample.uplugin" 115
"../../../Engine/Plugins/Experimental/PCGBiomeCore/PCGBiomeCore.uplugin" 116
"../../../Engine/Plugins/Experimental/PCGWaterInterop/PCGWaterInterop.uplugin" 117
"../../../Engine/Plugins/Experimental/Mutable/Mutable.uplugin" 118
"../../../Engine/Plugins/Experimental/PhysicsControl/PhysicsControl.uplugin" 119
"../../../Engine/Plugins/Experimental/NNERuntimeRDG/NNERuntimeRDG.uplugin" 120
"../../../Engine/Plugins/Experimental/PixelStreamingPlayer/PixelStreamingPlayer.uplugin" 121
"../../../Engine/Plugins/Experimental/PlatformCrypto/PlatformCrypto.uplugin" 122
"../../../Engine/Plugins/Experimental/PluginReferenceViewer/PluginReferenceViewer.uplugin" 123
"../../../Engine/Plugins/Experimental/PlanarCutPlugin/PlanarCut.uplugin" 124
"../../../Engine/Plugins/Experimental/PythonFoundationPackages/PythonFoundationPackages.uplugin" 125
"../../../Engine/Plugins/Experimental/PluginTemplateTool/PluginTemplateTool.uplugin" 126
"../../../Engine/Plugins/Experimental/OptiXDenoise/OptiXDenoise.uplugin" 127
"../../../Engine/Plugins/Experimental/HairModelingToolset/HairModelingToolset.uplugin" 128
"../../../Engine/Plugins/Experimental/PluginAudit/PluginAudit.uplugin" 129
"../../../Engine/Plugins/Experimental/QuicMessaging/QuicMessaging.uplugin" 130
"../../../Engine/Plugins/Experimental/RemoteSession/RemoteSession.uplugin" 131
"../../../Engine/Plugins/Experimental/RemoteControlComponents/RemoteControlComponents.uplugin" 132
"../../../Engine/Plugins/Experimental/PropertyAnimatorCore/PropertyAnimatorCore.uplugin" 133
"../../../Engine/Plugins/Experimental/RenderGrid/RenderGrid.uplugin" 134
"../../../Engine/Plugins/Experimental/PostProcessMaterialChainGraph/PostProcessMaterialChainGraph.uplugin" 135
"../../../Engine/Plugins/Experimental/SecuritySandbox/SecuritySandbox.uplugin" 136
"../../../Engine/Plugins/Experimental/ScreenReader/ScreenReader.uplugin" 137
"../../../Engine/Plugins/Experimental/Shotgrid/Shotgrid.uplugin" 138
"../../../Engine/Plugins/Experimental/StateGraph/StateGraph.uplugin" 139
"../../../Engine/Plugins/Experimental/SkeletalReduction/SkeletalReduction.uplugin" 140
"../../../Engine/Plugins/Experimental/SimpleHMD/SimpleHMD.uplugin" 141
"../../../Engine/Plugins/Experimental/SlateModelViewViewModel/SlateModelViewViewModel.uplugin" 142
"../../../Engine/Plugins/Experimental/MeshModelingToolsetExp/MeshModelingToolsetExp.uplugin" 143
"../../../Engine/Plugins/Experimental/PythonScriptPlugin/PythonScriptPlugin.uplugin" 144
"../../../Engine/Plugins/Experimental/SlateScreenReader/SlateScreenReader.uplugin" 145
"../../../Engine/Plugins/Experimental/NNERuntimeIREE/NNERuntimeIREE.uplugin" 146
"../../../Engine/Plugins/Experimental/StudioTelemetry/StudioTelemetry.uplugin" 147
"../../../Engine/Plugins/Experimental/PropertyAnimator/PropertyAnimator.uplugin" 148
"../../../Engine/Plugins/Experimental/StormSyncAvalancheBridge/StormSyncAvalancheBridge.uplugin" 149
"../../../Engine/Plugins/Experimental/StructUtils/StructUtils.uplugin" 150
"../../../Engine/Plugins/Experimental/SVGImporter/SVGImporter.uplugin" 151
"../../../Engine/Plugins/Experimental/SurfaceEffects/SurfaceEffects.uplugin" 152
"../../../Engine/Plugins/Experimental/Text3D/Text3D.uplugin" 153
"../../../Engine/Plugins/Experimental/TargetDeviceServicesScripting/TargetDeviceServicesScripting.uplugin" 154
"../../../Engine/Plugins/Experimental/TextureMediaPlayer/TextureMediaPlayer.uplugin" 155
"../../../Engine/Plugins/Experimental/TextureGraph/TextureGraph.uplugin" 156
"../../../Engine/Plugins/Experimental/TextToSpeech/TextToSpeech.uplugin" 157
"../../../Engine/Plugins/Experimental/TetMeshing/TetMeshing.uplugin" 158
"../../../Engine/Plugins/Experimental/TypedElementDataStorageEditorUI/TypedElementDataStorageEditorUI.uplugin" 159
"../../../Engine/Plugins/Experimental/ToolPresets/ToolPresets.uplugin" 160
"../../../Engine/Plugins/Experimental/TypedElementsDataStorage/TypedElementsDataStorage.uplugin" 161
"../../../Engine/Plugins/Experimental/UIFramework/UIFramework.uplugin" 162
"../../../Engine/Plugins/Experimental/UserToolBoxBasicCommand/UserToolBoxBasicCommand.uplugin" 163
"../../../Engine/Plugins/Experimental/VirtualScouting/VirtualScouting.uplugin" 164
"../../../Engine/Plugins/Experimental/Water/Water.uplugin" 165
"../../../Engine/Plugins/Experimental/VirtualProductionUtilities/VirtualProductionUtilities.uplugin" 166
"../../../Engine/Plugins/Experimental/RawInput/RawInput.uplugin" 167
"../../../Engine/Plugins/Experimental/WaterExtras/WaterExtras.uplugin" 168
"../../../Engine/Plugins/Experimental/VirtualHeightfieldMesh/VirtualHeightfieldMesh.uplugin" 169
"../../../Engine/Plugins/Experimental/WaveFunctionCollapse/WaveFunctionCollapse.uplugin" 170
"../../../Engine/Plugins/Experimental/WebSocketNetworking/WebSocketNetworking.uplugin" 171
"../../../Engine/Plugins/Experimental/WidgetEditorToolPalette/WidgetEditorToolPalette.uplugin" 172
"../../../Engine/Plugins/Animation/AnimationData/AnimationData.uplugin" 173
"../../../Engine/Plugins/Experimental/XRCreativeFramework/XRCreativeFramework.uplugin" 174
"../../../Engine/Plugins/Animation/AnimationLocomotionLibrary/AnimationLocomotionLibrary.uplugin" 175
"../../../Engine/Plugins/Animation/AnimationModifierLibrary/AnimationModifierLibrary.uplugin" 176
"../../../Engine/Plugins/Animation/AnimationWarping/AnimationWarping.uplugin" 177
"../../../Engine/Plugins/Animation/BlendSpaceMotionAnalysis/BlendSpaceMotionAnalysis.uplugin" 178
"../../../Engine/Plugins/Animation/ACLPlugin/ACLPlugin.uplugin" 179
"../../../Engine/Plugins/Animation/ControlRigSpline/ControlRigSpline.uplugin" 180
"../../../Engine/Plugins/Experimental/UserToolBoxCore/UserToolBoxCore.uplugin" 181
"../../../Engine/Plugins/Experimental/Volumetrics/Volumetrics.uplugin" 182
"../../../Engine/Plugins/Animation/ControlRig/ControlRig.uplugin" 183
"../../../Engine/Plugins/Animation/BlendStack/BlendStack.uplugin" 184
"../../../Engine/Plugins/Animation/ControlRigModules/ControlRigModules.uplugin" 185
"../../../Engine/Plugins/Animation/GameplayInsights/GameplayInsights.uplugin" 186
"../../../Engine/Plugins/Animation/LiveLink/LiveLink.uplugin" 187
"../../../Engine/Plugins/Animation/IKRig/IKRig.uplugin" 188
"../../../Engine/Plugins/Animation/LiveLinkHub/LiveLinkHub.uplugin" 189
"../../../Engine/Plugins/Animation/MotionWarping/MotionWarping.uplugin" 190
"../../../Engine/Plugins/Animation/DeformerGraph/DeformerGraph.uplugin" 191
"../../../Engine/Plugins/Animation/LiveLinkCurveDebugUI/LiveLinkCurveDebugUI.uplugin" 192
"../../../Engine/Plugins/Experimental/WebSocketMessaging/WebSocketMessaging.uplugin" 193
"../../../Engine/Plugins/Animation/RigLogic/RigLogic.uplugin" 194
"../../../Engine/Plugins/Importers/AlembicHairImporter/AlembicHairImporter.uplugin" 195
"../../../Engine/Plugins/Importers/AlembicImporter/AlembicImporter.uplugin" 196
"../../../Engine/Plugins/Importers/USDImporter/USDImporter.uplugin" 197
"../../../Engine/Plugins/Animation/PerformanceCaptureCore/PerformanceCaptureCore.uplugin" 198
"../../../Engine/Plugins/Importers/USDMultiUser/USDMultiUser.uplugin" 199
"../../../Engine/Plugins/MovieScene/CustomizableSequencerTracks/CustomizableSequencerTracks.uplugin" 200
"../../../Engine/Plugins/MovieScene/LevelSequenceEditor/LevelSequenceEditor.uplugin" 201
"../../../Engine/Plugins/MovieScene/MovieRenderPipeline/MovieRenderPipeline.uplugin" 202
"../../../Engine/Plugins/MovieScene/MoviePipelineMaskRenderPass/MoviePipelineMaskRenderPass.uplugin" 203
"../../../Engine/Plugins/MovieScene/ActorSequence/ActorSequence.uplugin" 204
"../../../Engine/Plugins/Experimental/SerializationUtils/SerializationUtils.uplugin" 205
"../../../Engine/Plugins/MovieScene/TemplateSequence/TemplateSequence.uplugin" 206
"../../../Engine/Plugins/Tests/EditorTests/EditorTests.uplugin" 207
"../../../Engine/Plugins/MovieScene/MovieSceneTextTrack/MovieSceneTextTrack.uplugin" 208
"../../../Engine/Plugins/Tests/FbxAutomationTestBuilder/FbxAutomationTestBuilder.uplugin" 209
"../../../Engine/Plugins/Performance/PerformanceMonitor/PerformanceMonitor.uplugin" 210
"../../../Engine/Plugins/Tests/AutomationDriverTests/AutomationDriverTests.uplugin" 211
"../../../Engine/Plugins/Tests/FunctionalTestingEditor/FunctionalTestingEditor.uplugin" 212
"../../../Engine/Plugins/Experimental/StormSync/StormSync.uplugin" 213
"../../../Engine/Plugins/MovieScene/SequencerScripting/SequencerScripting.uplugin" 214
"../../../Engine/Plugins/Animation/PoseSearch/PoseSearch.uplugin" 215
"../../../Engine/Plugins/Tests/RuntimeTests/RuntimeTests.uplugin" 216
"../../../Engine/Plugins/MovieScene/ReplayTracks/ReplayTracks.uplugin" 217
"../../../Engine/Plugins/Tests/RHITests/RHITests.uplugin" 218
"../../../Engine/Plugins/Tests/WidgetAutomationTests/WidgetAutomationTests.uplugin" 219
"../../../Engine/Plugins/Tests/TestSamples/TestSamples.uplugin" 220
"../../../Engine/Plugins/Tests/TestFramework/TestFramework.uplugin" 221
"../../../Engine/Plugins/Slate/SlateScripting/SlateScripting.uplugin" 222
"../../../Engine/Plugins/Developer/BlankPlugin/BlankPlugin.uplugin" 223
"../../../Engine/Plugins/Developer/CodeLiteSourceCodeAccess/CodeLiteSourceCodeAccess.uplugin" 224
"../../../Engine/Plugins/Developer/CLionSourceCodeAccess/CLionSourceCodeAccess.uplugin" 225
"../../../Engine/Plugins/Developer/GitSourceControl/GitSourceControl.uplugin" 226
"../../../Engine/Plugins/Developer/KDevelopSourceCodeAccess/KDevelopSourceCodeAccess.uplugin" 227
"../../../Engine/Plugins/Tests/PythonAutomationTest/PythonAutomationTest.uplugin" 228
"../../../Engine/Plugins/Developer/OneSkyLocalizationService/OneSkyLocalizationService.uplugin" 229
"../../../Engine/Plugins/Developer/NullSourceCodeAccess/NullSourceCodeAccess.uplugin" 230
"../../../Engine/Plugins/Developer/PerforceSourceControl/PerforceSourceControl.uplugin" 231
"../../../Engine/Plugins/Developer/PluginUtils/PluginUtils.uplugin" 232
"../../../Engine/Plugins/Developer/PlasticSourceControl/PlasticSourceControl.uplugin" 233
"../../../Engine/Plugins/Developer/PixWinPlugin/PixWinPlugin.uplugin" 234
"../../../Engine/Plugins/Developer/PropertyAccessNode/PropertyAccessNode.uplugin" 235
"../../../Engine/Plugins/Developer/RenderDocPlugin/RenderDocPlugin.uplugin" 236
"../../../Engine/Plugins/Developer/N10XSourceCodeAccess/N10XSourceCodeAccess.uplugin" 237
"../../../Engine/Plugins/Tests/CQTest/CQTest.uplugin" 238
"../../../Engine/Plugins/Developer/RiderSourceCodeAccess/RiderSourceCodeAccess.uplugin" 239
"../../../Engine/Plugins/Developer/UObjectPlugin/UObjectPlugin.uplugin" 240
"../../../Engine/Plugins/Developer/TraceDataFiltering/TraceDataFilters.uplugin" 241
"../../../Engine/Plugins/Developer/SubversionSourceControl/SubversionSourceControl.uplugin" 242
"../../../Engine/Plugins/Developer/XcodeGPUDebuggerPlugin/XcodeGPUDebuggerPlugin.uplugin" 243
"../../../Engine/Plugins/Developer/TextureFormatOodle/TextureFormatOodle.uplugin" 244
"../../../Engine/Plugins/FX/Niagara/Niagara.uplugin" 245
"../../../Engine/Plugins/Developer/AnimationSharing/AnimationSharing.uplugin" 246
"../../../Engine/Plugins/Developer/VisualStudioCodeSourceCodeAccess/VisualStudioCodeSourceCodeAccess.uplugin" 247
"../../../Engine/Plugins/Slate/SlateInsights/SlateInsights.uplugin" 248
"../../../Engine/Plugins/Tests/InterchangeTests/InterchangeTests.uplugin" 249
"../../../Engine/Plugins/FX/CascadeToNiagaraConverter/CascadeToNiagaraConverter.uplugin" 250
"../../../Engine/Plugins/FX/NiagaraFluids/NiagaraFluids.uplugin" 251
"../../../Engine/Plugins/Developer/XCodeSourceCodeAccess/XCodeSourceCodeAccess.uplugin" 252
"../../../Engine/Plugins/Developer/DumpGPUServices/DumpGPUServices.uplugin" 253
"../../../Engine/Plugins/Messaging/MessagingDebugger/MessagingDebugger.uplugin" 254
"../../../Engine/Plugins/FX/NiagaraMRQ/NiagaraMRQ.uplugin" 255
"../../../Engine/Plugins/Protocols/MQTT/MQTT.uplugin" 256
"../../../Engine/Plugins/Developer/VisualStudioSourceCodeAccess/VisualStudioSourceCodeAccess.uplugin" 257
"../../../Engine/Plugins/Editor/AssetRegistryExport/AssetRegistryExport.uplugin" 258
"../../../Engine/Plugins/Developer/TraceSourceFiltering/TraceSourceFilters.uplugin" 259
"../../../Engine/Plugins/Messaging/UdpMessaging/UdpMessaging.uplugin" 260
"../../../Engine/Plugins/Editor/AssetSearch/AssetSearch.uplugin" 261
"../../../Engine/Plugins/Editor/BlueprintHeaderView/BlueprintHeaderView.uplugin" 262
"../../../Engine/Plugins/Editor/BlueprintMaterialTextureNodes/BlueprintMaterialTextureNodes.uplugin" 263
"../../../Engine/Plugins/Editor/CryptoKeys/CryptoKeys.uplugin" 264
"../../../Engine/Plugins/Editor/ChangelistReview/ChangelistReview.uplugin" 265
"../../../Engine/Plugins/Editor/DisplayClusterLaunch/DisplayClusterLaunch.uplugin" 266
"../../../Engine/Plugins/FX/ExampleCustomDataInterface/ExampleCustomDataInterface.uplugin" 267
"../../../Engine/Plugins/Messaging/TcpMessaging/TcpMessaging.uplugin" 268
"../../../Engine/Plugins/Editor/ConsoleVariablesEditor/ConsoleVariables.uplugin" 269
"../../../Engine/Plugins/FX/NiagaraSimCaching/NiagaraSimCaching.uplugin" 270
"../../../Engine/Plugins/Editor/DataValidation/DataValidation.uplugin" 271
"../../../Engine/Plugins/Editor/EditorScriptingUtilities/EditorScriptingUtilities.uplugin" 272
"../../../Engine/Plugins/Editor/AssetReferenceRestrictions/AssetReferenceRestrictions.uplugin" 273
"../../../Engine/Plugins/Editor/AssetManagerEditor/AssetManagerEditor.uplugin" 274
"../../../Engine/Plugins/Editor/FacialAnimation/FacialAnimation.uplugin" 275
"../../../Engine/Plugins/Editor/EditorDebugTools/EditorDebugTools.uplugin" 276
"../../../Engine/Plugins/Editor/LiveUpdateForSlate/LiveUpdateForSlate.uplugin" 277
"../../../Engine/Plugins/Editor/GeometryMode/GeometryMode.uplugin" 278
"../../../Engine/Plugins/Editor/GameplayTagsEditor/GameplayTagsEditor.uplugin" 279
"../../../Engine/Plugins/Editor/MacGraphicsSwitching/MacGraphicsSwitching.uplugin" 280
"../../../Engine/Plugins/Editor/MakeCookedEditorAsDLC/MakeCookedEditorAsDLC.uplugin" 281
"../../../Engine/Plugins/Editor/MobileLauncherProfileWizard/MobileLauncherProfileWizard.uplugin" 282
"../../../Engine/Plugins/Editor/EditorSysConfigAssistant/EditorSysConfigAssistant.uplugin" 283
"../../../Engine/Plugins/Editor/CurveEditorTools/CurveEditorTools.uplugin" 284
"../../../Engine/Plugins/Editor/ProxyLODPlugin/ProxyLODPlugin.uplugin" 285
"../../../Engine/Plugins/Editor/SequencerAnimTools/SequencerAnimTools.uplugin" 286
"../../../Engine/Plugins/Editor/EngineAssetDefinitions/EngineAssetDefinitions.uplugin" 287
"../../../Engine/Plugins/Editor/MeshLODToolset/MeshLODToolset.uplugin" 288
"../../../Engine/Plugins/Editor/GuidedTutorials/GuidedTutorials.uplugin" 289
"../../../Engine/Plugins/Editor/StaticMeshEditorModeling/StaticMeshEditorModeling.uplugin" 290
"../../../Engine/Plugins/Editor/PluginBrowser/PluginBrowser.uplugin" 291
"../../../Engine/Plugins/Editor/ScriptableToolsEditorMode/ScriptableToolsEditorMode.uplugin" 292
"../../../Engine/Plugins/Editor/WaveformEditor/WaveformEditor.uplugin" 293
"../../../Engine/Plugins/Online/EOSOverlayInputProvider/EOSOverlayInputProvider.uplugin" 294
"../../../Engine/Plugins/Editor/SpeedTreeImporter/SpeedTreeImporter.uplugin" 295
"../../../Engine/Plugins/Editor/EditorPerformanceModule/EditorPerformanceModule.uplugin" 296
"../../../Engine/Plugins/Editor/StylusInput/StylusInput.uplugin" 297
"../../../Engine/Plugins/Editor/UVEditor/UVEditor.uplugin" 298
"../../../Engine/Plugins/Editor/SampleToolsEditorMode/SampleToolsEditorMode.uplugin" 299
"../../../Engine/Plugins/Editor/MaterialAnalyzer/MaterialAnalyzer.uplugin" 300
"../../../Engine/Plugins/Online/OnlineFramework/OnlineFramework.uplugin" 301
"../../../Engine/Plugins/Online/OnlineServicesOSSAdapter/OnlineServicesOSSAdapter.uplugin" 302
"../../../Engine/Plugins/Online/OnlineServicesEOS/OnlineServicesEOS.uplugin" 303
"../../../Engine/Plugins/Editor/ModelingToolsEditorMode/ModelingToolsEditorMode.uplugin" 304
"../../../Engine/Plugins/Online/OnlineSubsystemApple/OnlineSubsystemApple.uplugin" 305
"../../../Engine/Plugins/Online/OnlineServicesEOSGS/OnlineServicesEOSGS.uplugin" 306
"../../../Engine/Plugins/Online/OnlineServicesNull/OnlineServicesNull.uplugin" 307
"../../../Engine/Plugins/Editor/WorldPartitionHLODUtilities/WorldPartitionHLODUtilities.uplugin" 308
"../../../Engine/Plugins/Online/OnlineSubsystem/OnlineSubsystem.uplugin" 309
"../../../Engine/Plugins/Online/OnlineSubsystemNull/OnlineSubsystemNull.uplugin" 310
"../../../Engine/Plugins/Online/OnlineSubsystemGoogle/OnlineSubsystemGoogle.uplugin" 311
"../../../Engine/Plugins/Online/OnlineSubsystemAmazon/OnlineSubsystemAmazon.uplugin" 312
"../../../Engine/Plugins/Online/OnlineSubsystemFacebook/OnlineSubsystemFacebook.uplugin" 313
"../../../Engine/Plugins/Online/EOSShared/EOSShared.uplugin" 314
"../../../Engine/Plugins/Online/SocketSubsystemEOS/SocketSubsystemEOS.uplugin" 315
"../../../Engine/Plugins/Online/OnlineSubsystemUtils/OnlineSubsystemUtils.uplugin" 316
"../../../Engine/Plugins/Online/OnlineSubsystemOculus/OnlineSubsystemOculus.uplugin" 317
"../../../Engine/Plugins/Online/OnlineServices/OnlineServices.uplugin" 318
"../../../Engine/Plugins/Online/OnlineSubsystemEOS/OnlineSubsystemEOS.uplugin" 319
"../../../Engine/Plugins/Web/HttpBlueprint/HttpBlueprint.uplugin" 320
"../../../Engine/Plugins/Online/WebAuth/WebAuth.uplugin" 321
"../../../Engine/Plugins/Media/AjaMedia/AjaMedia.uplugin" 322
"../../../Engine/Plugins/Media/AndroidMedia/AndroidMedia.uplugin" 323
"../../../Engine/Plugins/Media/AppleProResMedia/AppleProResMedia.uplugin" 324
"../../../Engine/Plugins/Media/AndroidCamera/AndroidCamera.uplugin" 325
"../../../Engine/Plugins/Media/AppleProResDecoderElectra/AppleProResDecoderElectra.uplugin" 326
"../../../Engine/Plugins/Media/BinkMedia/BinkMedia.uplugin" 327
"../../../Engine/Plugins/Media/AudioCaptureTimecodeProvider/AudioCaptureTimecodeProvider.uplugin" 328
"../../../Engine/Plugins/Media/AvfMedia/AvfMedia.uplugin" 329
"../../../Engine/Plugins/Online/OnlineSubsystemTencent/OnlineSubsystemTencent.uplugin" 330
"../../../Engine/Plugins/Media/ElectraCDM/ElectraCDM.uplugin" 331
"../../../Engine/Plugins/Media/AvidDNxMedia/AvidDNxMedia.uplugin" 332
"../../../Engine/Plugins/Media/ElectraPlayer/ElectraPlayer.uplugin" 333
"../../../Engine/Plugins/Media/ElectraCodecs/ElectraCodecs.uplugin" 334
"../../../Engine/Plugins/Media/ElectraSubtitles/ElectraSubtitles.uplugin" 335
"../../../Engine/Plugins/Online/OnlineBase/OnlineBase.uplugin" 336
"../../../Engine/Plugins/Media/HAPDecoderElectra/HAPDecoderElectra.uplugin" 337
"../../../Engine/Plugins/Media/ImgMedia/ImgMedia.uplugin" 338
"../../../Engine/Plugins/Media/HAPMedia/HAPMedia.uplugin" 339
"../../../Engine/Plugins/Media/AvidDNxHDDecoderElectra/AvidDNxHDDecoderElectra.uplugin" 340
"../../../Engine/Plugins/Online/OnlineSubsystemSteam/OnlineSubsystemSteam.uplugin" 341
"../../../Engine/Plugins/Media/LinearTimecode/LinearTimecode.uplugin" 342
"../../../Engine/Plugins/Media/MediaIOFramework/MediaIOFramework.uplugin" 343
"../../../Engine/Plugins/Media/MediaFrameworkUtilities/MediaFrameworkUtilities.uplugin" 344
"../../../Engine/Plugins/Media/HardwareEncoders/HardwareEncoders.uplugin" 345
"../../../Engine/Plugins/Media/MediaMovieStreamer/MediaMovieStreamer.uplugin" 346
"../../../Engine/Plugins/Media/MediaPlayerEditor/MediaPlayerEditor.uplugin" 347
"../../../Engine/Plugins/Media/ElectraUtil/ElectraUtil.uplugin" 348
"../../../Engine/Plugins/Media/MediaPlate/MediaPlate.uplugin" 349
"../../../Engine/Plugins/Media/MfMedia/MfMedia.uplugin" 350
"../../../Engine/Plugins/Media/OpusDecoderElectra/OpusDecoderElectra.uplugin" 351
"../../../Engine/Plugins/Media/PixelStreaming/PixelStreaming.uplugin" 352
"../../../Engine/Plugins/Media/PixelCapture/PixelCapture.uplugin" 353
"../../../Engine/Plugins/Interchange/Editor/InterchangeEditor.uplugin" 354
"../../../Engine/Plugins/Media/WebMMedia/WebMMedia.uplugin" 355
"../../../Engine/Plugins/Media/WmfMedia/WmfMedia.uplugin" 356
"../../../Engine/Plugins/Media/TimecodeSynchronizer/TimecodeSynchronizer.uplugin" 357
"../../../Engine/Plugins/Interchange/Runtime/Interchange.uplugin" 358
"../../../Engine/Plugins/Enterprise/DataprepEditor/DataprepEditor.uplugin" 359
"../../../Engine/Plugins/Enterprise/AxFImporter/AxFImporter.uplugin" 360
"../../../Engine/Plugins/Media/BlackmagicMedia/BlackmagicMedia.uplugin" 361
"../../../Engine/Plugins/Enterprise/DatasmithC4DImporter/DatasmithC4DImporter.uplugin" 362
"../../../Engine/Plugins/NetcodeUnitTest/NetcodeUnitTest/NetcodeUnitTest.uplugin" 363
"../../../Engine/Plugins/NetcodeUnitTest/NUTUnrealEngine/NUTUnrealEngine.uplugin" 364
"../../../Engine/Plugins/Media/VPxDecoderElectra/VPxDecoderElectra.uplugin" 365
"../../../Engine/Plugins/Enterprise/DatasmithImporter/DatasmithImporter.uplugin" 366
"../../../Engine/Plugins/Enterprise/DatasmithFBXImporter/DatasmithFBXImporter.uplugin" 367
"../../../Engine/Plugins/Enterprise/DatasmithContent/DatasmithContent.uplugin" 368
"../../../Engine/Plugins/Enterprise/VariantManager/VariantManager.uplugin" 369
"../../../Engine/Plugins/Enterprise/GLTFExporter/GLTFExporter.uplugin" 370
"../../../Engine/Plugins/NNE/NNERuntimeORT/NNERuntimeORT.uplugin" 371
"../../../Engine/Plugins/Enterprise/VariantManagerContent/VariantManagerContent.uplugin" 372
"../../../Engine/Plugins/VirtualProduction/CompositePlane/CompositePlane.uplugin" 373
"../../../Engine/Plugins/Enterprise/LidarPointCloud/LidarPointCloud.uplugin" 374
"../../../Engine/Plugins/VirtualProduction/CameraCalibrationCore/CameraCalibrationCore.uplugin" 375
"../../../Engine/Plugins/VirtualProduction/LensComponent/LensComponent.uplugin" 376
"../../../Engine/Plugins/Media/MediaCompositing/MediaCompositing.uplugin" 377
"../../../Engine/Plugins/VirtualProduction/CameraCalibration/CameraCalibration.uplugin" 378
"../../../Engine/Plugins/VirtualProduction/EpicStageApp/EpicStageApp.uplugin" 379
"../../../Engine/Plugins/VirtualProduction/LevelSnapshots/LevelSnapshots.uplugin" 380
"../../../Engine/Plugins/VirtualProduction/DataCharts/DataCharts.uplugin" 381
"../../../Engine/Plugins/VirtualProduction/LiveLinkFreeD/LiveLinkFreeD.uplugin" 382
"../../../Engine/Plugins/VirtualProduction/ICVFX/ICVFX.uplugin" 383
"../../../Engine/Plugins/VirtualProduction/LiveLinkInputDevice/LiveLinkInputDevice.uplugin" 384
"../../../Engine/Plugins/VirtualProduction/LiveLinkMasterLockit/LiveLinkMasterLockit.uplugin" 385
"../../../Engine/Plugins/VirtualProduction/LiveLinkPrestonMDR/LiveLinkPrestonMDR.uplugin" 386
"../../../Engine/Plugins/VirtualProduction/LiveLinkVRPN/LiveLinkVRPN.uplugin" 387
"../../../Engine/Plugins/VirtualProduction/LiveLinkXR/LiveLinkXR.uplugin" 388
"../../../Engine/Plugins/VirtualProduction/RemoteControl/RemoteControl.uplugin" 389
"../../../Engine/Plugins/VirtualProduction/MultiUserTakes/MultiUserTakes.uplugin" 390
"../../../Engine/Plugins/VirtualProduction/RemoteControlInterception/RemoteControlInterception.uplugin" 391
"../../../Engine/Plugins/VirtualProduction/RemoteControlProtocolDMX/RemoteControlProtocolDMX.uplugin" 392
"../../../Engine/Plugins/VirtualProduction/RemoteControlProtocolMIDI/RemoteControlProtocolMIDI.uplugin" 393
"../../../Engine/Plugins/VirtualProduction/RemoteControlWebInterface/RemoteControlWebInterface.uplugin" 394
"../../../Engine/Plugins/VirtualProduction/RemoteControlProtocolOSC/RemoteControlProtocolOSC.uplugin" 395
"../../../Engine/Plugins/VirtualProduction/LiveLinkCamera/LiveLinkCamera.uplugin" 396
"../../../Engine/Plugins/VirtualProduction/SequencerPlaylists/SequencerPlaylists.uplugin" 397
"../../../Engine/Plugins/VirtualProduction/Switchboard/Switchboard.uplugin" 398
"../../../Engine/Plugins/Enterprise/MDLImporter/MDLImporter.uplugin" 399
"../../../Engine/Plugins/VirtualProduction/TextureShare/TextureShare.uplugin" 400
"../../../Engine/Plugins/VirtualProduction/Takes/Takes.uplugin" 401
"../../../Engine/Plugins/VirtualProduction/TimedDataMonitor/TimedDataMonitor.uplugin" 402
"../../../Engine/Plugins/Compositing/Composure/Composure.uplugin" 403
"../../../Engine/Plugins/VirtualProduction/VirtualCamera/VirtualCamera.uplugin" 404
"../../../Engine/Plugins/VirtualProduction/VirtualCameraCore/VirtualCameraCore.uplugin" 405
"../../../Engine/Plugins/Compositing/LensDistortion/LensDistortion.uplugin" 406
"../../../Engine/Plugins/Compositing/OpenColorIO/OpenColorIO.uplugin" 407
"../../../Engine/Plugins/Compositing/OpenCVLensDistortion/OpenCVLensDistortion.uplugin" 408
"../../../Engine/Plugins/Portal/LauncherChunkInstaller/LauncherChunkInstaller.uplugin" 409
"../../../Engine/Plugins/Runtime/AndroidDeviceProfileSelector/AndroidDeviceProfileSelector.uplugin" 410
"../../../Engine/Plugins/Runtime/ActorLayerUtilities/ActorLayerUtilities.uplugin" 411
"../../../Engine/Plugins/Runtime/AndroidMoviePlayer/AndroidMoviePlayer.uplugin" 412
"../../../Engine/Plugins/VirtualProduction/LiveLinkLens/LiveLinkLens.uplugin" 413
"../../../Engine/Plugins/Runtime/AndroidPermission/AndroidPermission.uplugin" 414
"../../../Engine/Plugins/Runtime/ApexDestruction/ApexDestruction.uplugin" 415
"../../../Engine/Plugins/Runtime/AndroidFileServer/AndroidFileServer.uplugin" 416
"../../../Engine/Plugins/Runtime/AssetTags/AssetTags.uplugin" 417
"../../../Engine/Plugins/Runtime/AndroidBackgroundService/AndroidBackgroundService.uplugin" 418
"../../../Engine/Plugins/VirtualProduction/ICVFXTesting/ICVFXTesting.uplugin" 419
"../../../Engine/Plugins/Runtime/AppleImageUtils/AppleImageUtils.uplugin" 420
"../../../Engine/Plugins/Runtime/AudioCapture/AudioCapture.uplugin" 421
"../../../Engine/Plugins/Runtime/AudioMotorSim/AudioMotorSim.uplugin" 422
"../../../Engine/Plugins/Runtime/AudioSynesthesia/AudioSynesthesia.uplugin" 423
"../../../Engine/Plugins/Runtime/AudioModulation/AudioModulation.uplugin" 424
"../../../Engine/Plugins/Runtime/CableComponent/CableComponent.uplugin" 425
"../../../Engine/Plugins/Runtime/ChunkDownloader/ChunkDownloader.uplugin" 426
"../../../Engine/Plugins/Runtime/AudioWidgets/AudioWidgets.uplugin" 427
"../../../Engine/Plugins/Runtime/CommonUI/CommonUI.uplugin" 428
"../../../Engine/Plugins/Runtime/CustomMeshComponent/CustomMeshComponent.uplugin" 429
"../../../Engine/Plugins/Runtime/DataRegistry/DataRegistry.uplugin" 430
"../../../Engine/Plugins/Runtime/ComputeFramework/ComputeFramework.uplugin" 431
"../../../Engine/Plugins/Runtime/AppleMoviePlayer/AppleMoviePlayer.uplugin" 432
"../../../Engine/Plugins/Runtime/Firebase/Firebase.uplugin" 433
"../../../Engine/Plugins/Runtime/GameFeatures/GameFeatures.uplugin" 434
"../../../Engine/Plugins/Runtime/ExampleDeviceProfileSelector/ExampleDeviceProfileSelector.uplugin" 435
"../../../Engine/Plugins/Runtime/GameplayAbilities/GameplayAbilities.uplugin" 436
"../../../Engine/Plugins/Runtime/ArchVisCharacter/ArchVisCharacter.uplugin" 437
"../../../Engine/Plugins/Runtime/GameplayBehaviorSmartObjects/GameplayBehaviorSmartObjects.uplugin" 438
"../../../Engine/Plugins/Runtime/GeometryCache/GeometryCache.uplugin" 439
"../../../Engine/Plugins/Runtime/GameplayStateTree/GameplayStateTree.uplugin" 440
"../../../Engine/Plugins/Runtime/GameplayInteractions/GameplayInteractions.uplugin" 441
"../../../Engine/Plugins/Enterprise/DatasmithCADImporter/DatasmithCADImporter.uplugin" 442
"../../../Engine/Plugins/Runtime/GeometryScripting/GeometryScripting.uplugin" 443
"../../../Engine/Plugins/Runtime/GoogleCloudMessaging/GoogleCloudMessaging.uplugin" 444
"../../../Engine/Plugins/Runtime/GooglePAD/GooglePAD.uplugin" 445
"../../../Engine/Plugins/Runtime/GeoReferencing/GeoReferencing.uplugin" 446
"../../../Engine/Plugins/Runtime/HairStrands/HairStrands.uplugin" 447
"../../../Engine/Plugins/Runtime/Harmonix/Harmonix.uplugin" 448
"../../../Engine/Plugins/Runtime/HDRIBackdrop/HDRIBackdrop.uplugin" 449
"../../../Engine/Plugins/Runtime/HPMotionController/HPMotionController.uplugin" 450
"../../../Engine/Plugins/Runtime/HTTPChunkInstaller/HTTPChunkInstaller.uplugin" 451
"../../../Engine/Plugins/Runtime/IOSDeviceProfileSelector/IOSDeviceProfileSelector.uplugin" 452
"../../../Engine/Plugins/Runtime/IOSReplayKit/IOSReplayKit.uplugin" 453
"../../../Engine/Plugins/Runtime/GameInput/GameInput.uplugin" 454
"../../../Engine/Plugins/Runtime/InstancedActors/InstancedActors.uplugin" 455
"../../../Engine/Plugins/Runtime/InputDebugging/InputDebugging.uplugin" 456
"../../../Engine/Plugins/VirtualProduction/StageMonitoring/StageMonitoring.uplugin" 457
"../../../Engine/Plugins/Runtime/GeometryProcessing/GeometryProcessing.uplugin" 458
"../../../Engine/Plugins/Runtime/LocationServicesBPLibrary/LocationServicesBPLibrary.uplugin" 459
"../../../Engine/Plugins/Runtime/LocationServicesIOSImpl/LocationServicesIOSImpl.uplugin" 460
"../../../Engine/Plugins/Runtime/AnimationBudgetAllocator/AnimationBudgetAllocator.uplugin" 461
"../../../Engine/Plugins/Runtime/Metasound/Metasound.uplugin" 462
"../../../Engine/Plugins/Runtime/MassEntity/MassEntity.uplugin" 463
"../../../Engine/Plugins/Runtime/LinuxDeviceProfileSelector/LinuxDeviceProfileSelector.uplugin" 464
"../../../Engine/Plugins/Runtime/MassGameplay/MassGameplay.uplugin" 465
"../../../Engine/Plugins/Runtime/MicrosoftSpatialAudio/MicroSoftSpatialSound.uplugin" 466
"../../../Engine/Plugins/Runtime/MIDIDevice/MIDIDevice.uplugin" 467
"../../../Engine/Plugins/Runtime/MobileFSR/MobileFSR.uplugin" 468
"../../../Engine/Plugins/Runtime/LevelStreamingPersistence/LevelStreamingPersistence.uplugin" 469
"../../../Engine/Plugins/Runtime/MixedRealityCaptureFramework/MixedRealityCaptureFramework.uplugin" 470
"../../../Engine/Plugins/Runtime/MobilePatchingUtils/MobilePatchingUtils.uplugin" 471
"../../../Engine/Plugins/Runtime/ModelViewViewModel/ModelViewViewModel.uplugin" 472
"../../../Engine/Plugins/Runtime/ModularGameplay/ModularGameplay.uplugin" 473
"../../../Engine/Plugins/Runtime/NavCorridor/NavCorridor.uplugin" 474
"../../../Engine/Plugins/Runtime/nDisplay/nDisplay.uplugin" 475
"../../../Engine/Plugins/Runtime/MsQuic/MsQuic.uplugin" 476
"../../../Engine/Plugins/Runtime/nDisplayModularFeatures/nDisplayModularFeatures.uplugin" 477
"../../../Engine/Plugins/Runtime/NetworkPrediction/NetworkPrediction.uplugin" 478
"../../../Engine/Plugins/Runtime/NetworkPredictionExtras/NetworkPredictionExtras.uplugin" 479
"../../../Engine/Plugins/Runtime/NetworkPredictionInsights/NetworkPredictionInsights.uplugin" 480
"../../../Engine/Plugins/Runtime/LiveLinkOvernDisplay/LiveLinkOverNDisplay.uplugin" 481
"../../../Engine/Plugins/Runtime/OpenXREyeTracker/OpenXREyeTracker.uplugin" 482
"../../../Engine/Plugins/Runtime/OpenCV/OpenCV.uplugin" 483
"../../../Engine/Plugins/Runtime/OpenXRHandTracking/OpenXRHandTracking.uplugin" 484
"../../../Engine/Plugins/Runtime/OpenXRMsftHandInteraction/OpenXRMsftHandInteraction.uplugin" 485
"../../../Engine/Plugins/Runtime/OpenXRViveTracker/OpenXRViveTracker.uplugin" 486
"../../../Engine/Plugins/Runtime/OptionalMobileFeaturesBPLibrary/OptionalMobileFeaturesBPLibrary.uplugin" 487
"../../../Engine/Plugins/Runtime/MeshModelingToolset/MeshModelingToolset.uplugin" 488
"../../../Engine/Plugins/Runtime/OpenXR/OpenXR.uplugin" 489
"../../../Engine/Plugins/Runtime/OSC/OSC.uplugin" 490
"../../../Engine/Plugins/Runtime/ProceduralMeshComponent/ProceduralMeshComponent.uplugin" 491
"../../../Engine/Plugins/Runtime/PreLoadScreenMoviePlayer/PreLoadScreenMoviePlayer.uplugin" 492
"../../../Engine/Plugins/Runtime/RenderTrace/RenderTrace.uplugin" 493
"../../../Engine/Plugins/Runtime/PropertyAccess/PropertyAccessEditor.uplugin" 494
"../../../Engine/Plugins/Runtime/ReplicationSystemTestPlugin/ReplicationSystemTestPlugin.uplugin" 495
"../../../Engine/Plugins/Runtime/ReplicationGraph/ReplicationGraph.uplugin" 496
"../../../Engine/Plugins/Runtime/PropertyBindingUtils/PropertyBindingUtils.uplugin" 497
"../../../Engine/Plugins/Runtime/ResonanceAudio/ResonanceAudio.uplugin" 498
"../../../Engine/Plugins/Runtime/SoundFields/SoundFields.uplugin" 499
"../../../Engine/Plugins/Runtime/SkeletalMerging/SkeletalMerging.uplugin" 500
"../../../Engine/Plugins/Runtime/OSCModulationMixing/OSCModulationMixing.uplugin" 501
"../../../Engine/Plugins/Runtime/ScriptableToolsFramework/ScriptableToolsFramework.uplugin" 502
"../../../Engine/Plugins/Runtime/RigVM/RigVM.uplugin" 503
"../../../Engine/Plugins/Runtime/SoundCueTemplates/SoundCueTemplates.uplugin" 504
"../../../Engine/Plugins/Runtime/SoundUtilities/SoundUtilities.uplugin" 505
"../../../Engine/Plugins/Runtime/Spatialization/Spatialization.uplugin" 506
"../../../Engine/Plugins/Runtime/LocationServicesAndroidImpl/LocationServicesAndroidImpl.uplugin" 507
"../../../Engine/Plugins/Runtime/WarpUtils/WarpUtils.uplugin" 508
"../../../Engine/Plugins/Runtime/Soundscape/Soundscape.uplugin" 509
"../../../Engine/Plugins/Runtime/SunPosition/SunPosition.uplugin" 510
"../../../Engine/Plugins/Runtime/SmartObjects/SmartObjects.uplugin" 511
"../../../Engine/Plugins/Runtime/StateTree/StateTree.uplugin" 512
"../../../Engine/Plugins/Runtime/WebBrowserNativeProxy/WebBrowserNativeProxy.uplugin" 513
"../../../Engine/Plugins/Runtime/SignificanceManager/SignificanceManager.uplugin" 514
"../../../Engine/Plugins/Runtime/Synthesis/Synthesis.uplugin" 515
"../../../Engine/Plugins/Runtime/WebBrowserWidget/WebBrowserWidget.uplugin" 516
"../../../Engine/Plugins/Runtime/WebMMoviePlayer/WebMMoviePlayer.uplugin" 517
"../../../Engine/Plugins/Runtime/WindowsDeviceProfileSelector/WindowsDeviceProfileSelector.uplugin" 518
"../../../Engine/Plugins/Runtime/WorldConditions/WorldConditions.uplugin" 519
"../../../Engine/Plugins/Runtime/WindowsMoviePlayer/WindowsMoviePlayer.uplugin" 520
"../../../Engine/Plugins/Runtime/XRBase/XRBase.uplugin" 521
"../../../Engine/Plugins/Runtime/ZoneGraphAnnotations/ZoneGraphAnnotations.uplugin" 522
"../../../Engine/Plugins/Runtime/WaveTable/WaveTable.uplugin" 523
"../../../Engine/Plugins/Cameras/CameraShakePreviewer/CameraShakePreviewer.uplugin" 524
"../../../Engine/Plugins/Cameras/GameplayCameras/GameplayCameras.uplugin" 525
"../../../Engine/Plugins/Runtime/SoundMod/SoundMod.uplugin" 526
"../../../Engine/Plugins/2D/Paper2D/Paper2D.uplugin" 527
"../../../Engine/Plugins/Online/IOS/OnlineSubsystemIOS/OnlineSubsystemIOS.uplugin" 528
"../../../Engine/Plugins/Runtime/ZoneGraph/ZoneGraph.uplugin" 529
"../../../Engine/Plugins/Experimental/CharacterFXEditor/ExampleCharacterFXEditor/ExampleCharacterFXEditor.uplugin" 530
"../../../Engine/Plugins/Experimental/CharacterFXEditor/BaseCharacterFXEditor/BaseCharacterFXEditor.uplugin" 531
"../../../Engine/Plugins/Runtime/XR/XRVisualization/XRVisualization.uplugin" 532
"../../../Engine/Plugins/Experimental/Animation/Optimus/Optimus.uplugin" 533
"../../../Engine/Plugins/Experimental/Animation/MotionTrajectory/MotionTrajectory.uplugin" 534
"../../../Engine/Plugins/Experimental/Animation/CurveExpression/CurveExpression.uplugin" 535
"../../../Engine/Plugins/Experimental/Animation/SkeletalMeshModelingTools/SkeletalMeshModelingTools.uplugin" 536
"../../../Engine/Plugins/Experimental/Animation/ContextualAnimation/ContextualAnimation.uplugin" 537
"../../../Engine/Plugins/Runtime/Database/ADOSupport/ADOSupport.uplugin" 538
"../../../Engine/Plugins/Runtime/Database/SQLiteCore/SQLiteCore.uplugin" 539
"../../../Engine/Plugins/Runtime/Database/DatabaseSupport/DatabaseSupport.uplugin" 540
"../../../Engine/Plugins/Editor/ContentBrowser/ContentBrowserAliasDataSoure/ContentBrowserAliasDataSource.uplugin" 541
"../../../Engine/Plugins/Runtime/Database/RemoteDatabaseSupport/RemoteDatabaseSupport.uplugin" 542
"../../../Engine/Plugins/Runtime/XR/XRScribe/XRScribe.uplugin" 543
"../../../Engine/Plugins/Editor/ContentBrowser/ContentBrowserFileDataSource/ContentBrowserFileDataSource.uplugin" 544
"../../../Engine/Plugins/Runtime/AR/ARUtilities/ARUtilities.uplugin" 545
"../../../Engine/Plugins/Runtime/AR/AzureSpatialAnchors/AzureSpatialAnchors.uplugin" 546
"../../../Engine/Plugins/Editor/ContentBrowser/ContentBrowserAssetDataSource/ContentBrowserAssetDataSource.uplugin" 547
"../../../Engine/Plugins/Runtime/MeshReconstruction/DummyMeshReconstructor/DummyMeshReconstructor.uplugin" 548
"../../../Engine/Plugins/Runtime/AR/AzureSpatialAnchorsForARCore/AzureSpatialAnchorsForARCore.uplugin" 549
"../../../Engine/Plugins/Runtime/Steam/SteamAudio/SteamAudio.uplugin" 550
"../../../Engine/Plugins/Runtime/AR/AzureSpatialAnchorsForARKit/AzureSpatialAnchorsForARKit.uplugin" 551
"../../../Engine/Plugins/Runtime/Steam/SteamShared/SteamShared.uplugin" 552
"../../../Engine/Plugins/Editor/ContentBrowser/ContentBrowserClassDataSource/ContentBrowserClassDataSource.uplugin" 553
"../../../Engine/Plugins/Developer/Concert/ConcertMain/ConcertMain.uplugin" 554
"../../../Engine/Plugins/Runtime/Steam/SteamSockets/SteamSockets.uplugin" 555
"../../../Engine/Plugins/Runtime/Nvidia/Reflex/Reflex.uplugin" 556
"../../../Engine/Plugins/Runtime/PacketHandlers/AESGCMHandlerComponent/AESGCMHandlerComponent.uplugin" 557
"../../../Engine/Plugins/Experimental/AVCodecs/AMFCodecs/AMFCodecs.uplugin" 558
"../../../Engine/Plugins/Experimental/AVCodecs/AVCodecsCore/AVCodecsCore.uplugin" 559
"../../../Engine/Plugins/Experimental/AVCodecs/VTCodecs/VTCodecs.uplugin" 560
"../../../Engine/Plugins/Runtime/PacketHandlers/AESHandlerComponent/AESHandlerComponent.uplugin" 561
"../../../Engine/Plugins/Experimental/AVCodecs/WMFCodecs/WMFCodecs.uplugin" 562
"../../../Engine/Plugins/Runtime/PacketHandlers/DTLSHandlerComponent/DTLSHandlerComponent.uplugin" 563
"../../../Engine/Plugins/VirtualProduction/Rivermax/RivermaxCore/RivermaxCore.uplugin" 564
"../../../Engine/Plugins/Runtime/Database/SQLiteSupport/SQLiteSupport.uplugin" 565
"../../../Engine/Plugins/VirtualProduction/Rivermax/RivermaxSync/RivermaxSync.uplugin" 566
"../../../Engine/Plugins/Runtime/Nvidia/GeForceNOWWrapper/GeForceNOWWrapper.uplugin" 567
"../../../Engine/Plugins/Experimental/AVCodecs/NVCodecs/NVCodecs.uplugin" 568
"../../../Engine/Plugins/Experimental/Enterprise/DatasmithInterchange/DatasmithInterchange.uplugin" 569
"../../../Engine/Plugins/Experimental/Enterprise/DatasmithRuntime/DatasmithRuntime.uplugin" 570
"../../../Engine/Plugins/Editor/Localization/PortableObjectFileDataSource/PortableObjectFileDataSource.uplugin" 571
"../../../Engine/Plugins/Editor/ObjectMixer/ObjectMixer/ObjectMixer.uplugin" 572
"../../../Engine/Plugins/Experimental/MetaHuman/MetaHumanProjectUtilities/MetaHumanProjectUtilities.uplugin" 573
"../../../Engine/Plugins/Editor/ObjectMixer/LightMixer/LightMixer.uplugin" 574
"../../../Engine/Plugins/Online/Android/AndroidFetchBackgroundDownload/AndroidFetchBackgroundDownload.uplugin" 575
"../../../Engine/Plugins/Experimental/Enterprise/DataprepGeometryOperations/DataprepGeometryOperations.uplugin" 576
"../../../Engine/Plugins/Experimental/Web/WebAPI/WebAPI.uplugin" 577
"../../../Engine/Plugins/VirtualProduction/Rivermax/RivermaxMedia/RivermaxMedia.uplugin" 578
"../../../Engine/Plugins/VirtualProduction/DMX/DMXEngine/DMXEngine.uplugin" 579
"../../../Engine/Plugins/Runtime/Steam/SteamController/SteamController.uplugin" 580
"../../../Engine/Plugins/VirtualProduction/DMX/DMXModularFeatures/DMXModularFeatures.uplugin" 581
"../../../Engine/Plugins/Online/Android/OnlineSubsystemGooglePlay/OnlineSubsystemGooglePlay.uplugin" 582
"../../../Engine/Plugins/Runtime/Windows/XInputDevice/XInputDevice.uplugin" 583
"../../../Engine/Plugins/Runtime/Advertising/IOSTapJoy/IOSTapJoy.uplugin" 584
"../../../Engine/Plugins/Runtime/Windows/WinDualShock/WinDualShock.uplugin" 585
"../../../Engine/Plugins/VirtualProduction/DMX/DMXFixtures/DMXFixtures.uplugin" 586
"../../../Engine/Plugins/Animation/MLDeformer/ChaosClothGenerator/ChaosClothGenerator.uplugin" 587
"../../../Engine/Plugins/VirtualProduction/DMX/DMXDisplayCluster/DMXDisplayCluster.uplugin" 588
"../../../Engine/Plugins/VirtualProduction/DMX/DMXPixelMapping/DMXPixelMapping.uplugin" 589
"../../../Engine/Plugins/Animation/MLDeformer/NeuralMorphModel/NeuralMorphModel.uplugin" 590
"../../../Engine/Plugins/Runtime/Analytics/Adjust/Adjust.uplugin" 591
"../../../Engine/Plugins/VirtualProduction/DMX/DMXControlConsole/DMXControlConsole.uplugin" 592
"../../../Engine/Plugins/Runtime/Analytics/AnalyticsMulticast/AnalyticsMulticast.uplugin" 593
"../../../Engine/Plugins/VirtualProduction/DMX/DatasmithMVR/DatasmithMVR.uplugin" 594
"../../../Engine/Plugins/Runtime/Analytics/FileLogging/FileLogging.uplugin" 595
"../../../Engine/Plugins/Animation/MLDeformer/MLDeformerFramework/MLDeformerFramework.uplugin" 596
"../../../Engine/Plugins/Runtime/Analytics/AnalyticsBlueprintLibrary/AnalyticsBlueprintLibrary.uplugin" 597
"../../../Engine/Plugins/Experimental/VirtualProduction/LedWallCalibration/LedWallCalibration.uplugin" 598
"../../../Engine/Plugins/Animation/MLDeformer/VertexDeltaModel/VertexDeltaModel.uplugin" 599
"../../../Engine/Plugins/Animation/MLDeformer/NearestNeighborModel/NearestNeighborModel.uplugin" 600
"../../../Engine/Plugins/Online/VoiceChat/VoiceChat/VoiceChat.uplugin" 601
"../../../Engine/Plugins/Experimental/VirtualProduction/VPSettings/VPSettings.uplugin" 602
"../../../Engine/Plugins/Runtime/Analytics/Flurry/Flurry.uplugin" 603
"../../../Engine/Plugins/Developer/Concert/ConcertSync/ConcertSyncClient/ConcertSyncClient.uplugin" 604
"../../../Engine/Plugins/VirtualProduction/DMX/DMXProtocol/DMXProtocol.uplugin" 605
"../../../Engine/Plugins/Developer/Concert/ConcertSync/ConcertSyncCore/ConcertSyncCore.uplugin" 606
"../../../Engine/Plugins/Online/VoiceChat/EOSVoiceChat/EOSVoiceChat.uplugin" 607
"../../../Engine/Plugins/Developer/Concert/ConcertSync/ConcertSyncTest/ConcertSyncTest.uplugin" 608
"../../../Engine/Plugins/Developer/Concert/ConcertSync/ConcertSyncServer/ConcertSyncServer.uplugin" 609
"../../../Engine/Plugins/Developer/Concert/ConcertScripting/ConcertReplicationScripting/ConcertReplicationScripting.uplugin" 610
"../../../Engine/Plugins/Runtime/AR/AppleAR/AppleARKit/AppleARKit.uplugin" 611
"../../../Engine/Plugins/Runtime/AR/AppleAR/AppleARKitFaceSupport/AppleARKitFaceSupport.uplugin" 612
"../../../Engine/Plugins/Developer/Concert/ConcertApp/MultiUserClient/MultiUserClient.uplugin" 613
"../../../Engine/Plugins/Developer/Concert/ConcertApp/DisasterRecoveryClient/DisasterRecoveryClient.uplugin" 614
"../../../Engine/Plugins/Runtime/AR/Google/GoogleARCoreServices/GoogleARCoreServices.uplugin" 615
"../../../Engine/Plugins/Runtime/AR/Google/GoogleARCore/GoogleARCore.uplugin" 616
"../../../Engine/Plugins/Developer/Concert/ConcertUI/ConcertClientSharedSlate/ConcertClientSharedSlate.uplugin" 617
"../../../Engine/Plugins/Developer/Concert/ConcertUI/ConcertSharedSlate/ConcertSharedSlate.uplugin" 618
"../../../Engine/Plugins/Developer/Concert/ConcertApp/MultiUserServer/MultiUserServer.uplugin" 619
"../../../Engine/Plugins/Experimental/VirtualProduction/VPRoles/VPRoles.uplugin" 620
"../../../Engine/Platforms/VisionOS/Plugins/Runtime/OpenXRHandTracking/OpenXRHandTracking_VisionOS.uplugin" 621
"../../../Engine/Platforms/VisionOS/Plugins/Runtime/OpenXRVisionOS/OpenXRVisionOS.uplugin" 622
"../../../Engine/Platforms/VisionOS/Plugins/Runtime/OpenXR/OpenXR_VisionOS.uplugin" 623
"../../../Engine/Platforms/VisionOS/Plugins/Compression/OodleNetwork/OodleNetwork_VisionOS.uplugin" 624
"../../../Engine/Content/Internationalization/icudt64l/cnvalias.icu" 625
"../../../Engine/Content/Internationalization/icudt64l/res_index.res" 626
"../../../Engine/Content/Internationalization/icudt64l/plurals.res" 627
"../../../Engine/Content/Internationalization/icudt64l/lang/en_GB.res" 628
"../../../Engine/Content/Internationalization/icudt64l/lang/pool.res" 629
"../../../Engine/Content/Internationalization/icudt64l/lang/en_001.res" 630
"../../../Engine/Content/Internationalization/icudt64l/lang/en.res" 631
"../../../Engine/Content/Internationalization/icudt64l/lang/root.res" 632
"../../../Engine/Content/Internationalization/icudt64l/region/en_GB.res" 633
"../../../Engine/Content/Internationalization/icudt64l/region/pool.res" 634
"../../../Engine/Content/Internationalization/icudt64l/region/en.res" 635
"../../../Engine/Content/Internationalization/icudt64l/region/root.res" 636
"../../../Engine/Content/Internationalization/icudt64l/windowsZones.res" 637
"../../../Engine/Content/Internationalization/icudt64l/zoneinfo64.res" 638
"../../../Engine/Content/Internationalization/icudt64l/keyTypeData.res" 639
"../../../Engine/Content/Internationalization/icudt64l/timezoneTypes.res" 640
"../../../Engine/Content/Internationalization/icudt64l/likelySubtags.res" 641
"../../../Engine/Content/Internationalization/icudt64l/en_US.res" 642
"../../../Engine/Content/Internationalization/icudt64l/pool.res" 643
"../../../Engine/Content/Internationalization/icudt64l/en.res" 644
"../../../Engine/Content/Internationalization/icudt64l/root.res" 645
"../../../Engine/Content/Internationalization/icudt64l/supplementalData.res" 646
"../../../Engine/Config/ConfigRedirects.ini" 647
"C:/Users/win11/AppData/Local/UnrealEngine/5.4/Saved/Config/WindowsEditor/Manifest.ini" 648
"../../../Engine/Config/BaseEngine.ini" 649
"../../../Engine/Config/Windows/BaseWindowsEngine.ini" 650
"../../../../../../Users/win11/Documents/GitHub/the-last-check-in/Config/DefaultEngine.ini" 651
"../../../Engine/Config/Windows/WindowsEngine.ini" 652
"../../../Engine/Config/BaseGame.ini" 653
"../../../../../../Users/win11/Documents/GitHub/the-last-check-in/Config/DefaultGame.ini" 654
"../../../Engine/Config/Windows/WindowsGame.ini" 655
"C:/Users/win11/Documents/GitHub/the-last-check-in/Saved/Config/WindowsEditor/Game.ini" 656
"../../../Engine/Config/BaseInput.ini" 657
"../../../../../../Users/win11/Documents/GitHub/the-last-check-in/Config/DefaultInput.ini" 658
"../../../Engine/Config/Windows/WindowsInput.ini" 659
"../../../Engine/Config/BaseDeviceProfiles.ini" 660
"../../../Engine/Config/BaseGameUserSettings.ini" 661
"C:/Users/win11/Documents/GitHub/the-last-check-in/Saved/Config/WindowsEditor/GameUserSettings.ini" 662
"../../../Engine/Config/BaseScalability.ini" 663
"../../../Engine/Config/BaseRuntimeOptions.ini" 664
"../../../Engine/Config/BaseInstallBundle.ini" 665
"../../../Engine/Config/BaseHardware.ini" 666
"../../../Engine/Config/BaseCompat.ini" 667
"../../../Engine/Config/BaseLightmass.ini" 668
"../../../Engine/Config/BaseEditor.ini" 669
"../../../../../../Users/win11/Documents/GitHub/the-last-check-in/Config/DefaultEditor.ini" 670
"C:/Users/win11/Documents/GitHub/the-last-check-in/Saved/Config/WindowsEditor/Editor.ini" 671
"../../../Engine/Config/BaseEditorPerProjectUserSettings.ini" 672
"../../../../../../Users/win11/Documents/GitHub/the-last-check-in/Config/DefaultEditorPerProjectUserSettings.ini" 673
"../../../Engine/Config/Windows/WindowsEditorPerProjectUserSettings.ini" 674
"C:/Users/win11/Documents/GitHub/the-last-check-in/Saved/Config/WindowsEditor/EditorPerProjectUserSettings.ini" 675
"../../../Engine/Config/BaseEditorSettings.ini" 676
"C:/Users/win11/AppData/Local/UnrealEngine/5.4/Saved/Config/WindowsEditor/EditorSettings.ini" 677
"../../../Engine/Config/BaseEditorKeyBindings.ini" 678
"C:/Users/win11/AppData/Local/UnrealEngine/5.4/Saved/Config/WindowsEditor/EditorLayout.ini" 679
"../../../Engine/Config/Mac/BaseMacEngine.ini" 680
"../../../Engine/Config/IOS/BaseIOSEngine.ini" 681
"../../../Engine/Config/Android/BaseAndroidEngine.ini" 682
"../../../Engine/Config/Unix/UnixEngine.ini" 683
"../../../Engine/Config/LinuxArm64/BaseLinuxArm64Engine.ini" 684
"../../../Engine/Config/Android/AndroidEngine.ini" 685
"../../../Engine/Config/Linux/BaseLinuxEngine.ini" 686
"../../../Engine/Binaries/Win64/BootstrapPackagedGame-Win64-Shipping.target" 687
"../../../Engine/Binaries/Win64/BuildPatchTool-Win64-Shipping.target" 688
"../../../Engine/Config/LinuxArm64/LinuxArm64Engine.ini" 689
"../../../Engine/Binaries/Win64/CrashReportClient-Win64-Shipping.target" 690
"../../../Engine/Config/TVOS/TVOSEngine.ini" 691
"../../../Engine/Config/IOS/BaseIOSGame.ini" 692
"../../../Engine/Config/Android/BaseAndroidGame.ini" 693
"../../../Engine/Config/IOS/IOSGame.ini" 694
"../../../Engine/Binaries/Win64/CrashReportClientEditor-Win64-Shipping.target" 695
"../../../Engine/Config/Mac/MacGame.ini" 696
"../../../Engine/Config/Linux/LinuxEngine.ini" 697
"../../../Engine/Binaries/Win64/DatasmithCADWorker.target" 698
"../../../Engine/Binaries/Win64/EpicWebHelper-Win64-Shipping.target" 699
"../../../Engine/Binaries/Win64/InterchangeWorker.target" 700
"../../../Engine/Binaries/Win64/LiveCodingConsole.target" 701
"../../../Engine/Config/Mac/BaseMacInput.ini" 702
"../../../Engine/Binaries/Win64/ShaderCompileWorker.target" 703
"../../../Engine/Binaries/Win64/SwitchboardListener.target" 704
"../../../Engine/Config/Linux/LinuxGame.ini" 705
"../../../Engine/Binaries/Win64/SwitchboardListenerHelper.target" 706
"../../../Engine/Binaries/Win64/UnrealEditor-Win64-DebugGame.target" 707
"../../../Engine/Config/IOS/IOSScalability.ini" 708
"../../../Engine/Config/Android/AndroidScalability.ini" 709
"../../../Engine/Config/Android/BaseAndroidInstallBundle.ini" 710
"../../../Engine/Platforms/VisionOS/Config/BaseVisionOSEngine.ini" 711
"../../../Engine/Binaries/Win64/UnrealEditor.target" 712
"../../../Engine/Config/PluginBase.ini" 713
"../../../Engine/Plugins/ChaosVD/Config/Engine.ini" 714
"../../../Engine/Plugins/EnhancedInput/Config/BaseEnhancedInput.ini" 715
"../../../Engine/Plugins/EnhancedInput/Config/Input.ini" 716
"../../../Engine/Plugins/Fab/Config/BaseFab.ini" 717
"../../../Engine/Plugins/TraceUtilities/Config/BaseTraceUtilities.ini" 718
"../../../Engine/Plugins/Experimental/FullBodyIK/Config/BaseFullBodyIK.ini" 719
"../../../Engine/Plugins/Experimental/StructUtils/Config/BaseStructUtils.ini" 720
"../../../Engine/Plugins/Experimental/ToolPresets/Config/BaseToolPresets.ini" 721
"../../../Engine/Plugins/Animation/ControlRig/Config/BaseControlRig.ini" 722
"../../../Engine/Plugins/Animation/IKRig/Config/BaseIKRig.ini" 723
"../../../Engine/Plugins/Developer/TraceDataFiltering/Config/BaseTraceDataFilters.ini" 724
"../../../Engine/Plugins/FX/Niagara/Config/BaseNiagara.ini" 725
"../../../Engine/Plugins/Editor/EditorScriptingUtilities/Config/BaseEditorScriptingUtilities.ini" 726
"../../../Engine/Plugins/Interchange/Runtime/Config/BaseInterchange.ini" 727
"../../../Engine/Plugins/Enterprise/DatasmithContent/Config/BaseDatasmithContent.ini" 728
"../../../Engine/Plugins/Enterprise/GLTFExporter/Config/BaseGLTFExporter.ini" 729
"../../../Engine/Plugins/Enterprise/GLTFExporter/Config/DefaultGLTFExporter.ini" 730
"../../../Engine/Plugins/Enterprise/VariantManagerContent/Config/BaseVariantManagerContent.ini" 731
"../../../Engine/Plugins/Runtime/InputDebugging/Config/Input.ini" 732
"../../../Engine/Plugins/Runtime/Metasound/Config/BaseMetasound.ini" 733
"../../../Engine/Plugins/Runtime/Metasound/Config/DefaultMetasound.ini" 734
"../../../Engine/Plugins/Runtime/Synthesis/Config/BaseSynthesis.ini" 735
"../../../Engine/Plugins/2D/Paper2D/Config/BasePaper2D.ini" 736
"../../../Engine/Plugins/Experimental/MetaHuman/MetaHumanProjectUtilities/Config/BaseMetaHumanProjectUtilities.ini" 737
"../../../Engine/Plugins/Editor/ModelingToolsEditorMode/Binaries/Win64/UnrealEditor.modules" 738
"../../../Engine/Plugins/Runtime/MeshModelingToolset/Binaries/Win64/UnrealEditor.modules" 739
"../../../Engine/Plugins/Experimental/MeshModelingToolsetExp/Binaries/Win64/UnrealEditor.modules" 740
"../../../Engine/Plugins/Editor/MeshLODToolset/Binaries/Win64/UnrealEditor.modules" 741
"../../../Engine/Plugins/Experimental/ToolPresets/Binaries/Win64/UnrealEditor.modules" 742
"../../../Engine/Plugins/Runtime/GeometryProcessing/Binaries/Win64/UnrealEditor.modules" 743
"../../../Engine/Plugins/Editor/ProxyLODPlugin/Binaries/Win64/UnrealEditor.modules" 744
"../../../Engine/Plugins/Experimental/PlanarCutPlugin/Binaries/Win64/UnrealEditor.modules" 745
"../../../Engine/Plugins/Experimental/GeometryFlow/Binaries/Win64/UnrealEditor.modules" 746
"../../../Engine/Plugins/Editor/EditorScriptingUtilities/Binaries/Win64/UnrealEditor.modules" 747
"../../../Engine/Plugins/ChaosCloth/Binaries/Win64/UnrealEditor.modules" 748
"../../../Engine/Plugins/Experimental/ChaosCaching/Binaries/Win64/UnrealEditor.modules" 749
"../../../Engine/Plugins/VirtualProduction/Takes/Binaries/Win64/UnrealEditor.modules" 750
"../../../Engine/Plugins/Runtime/AudioCapture/Binaries/Win64/UnrealEditor.modules" 751
"../../../Engine/Plugins/MovieScene/LevelSequenceEditor/Binaries/Win64/UnrealEditor.modules" 752
"../../../Engine/Plugins/MovieScene/SequencerScripting/Binaries/Win64/UnrealEditor.modules" 753
"../../../Engine/Plugins/Experimental/PythonScriptPlugin/Binaries/Win64/UnrealEditor.modules" 754
"../../../Engine/Plugins/Editor/ContentBrowser/ContentBrowserFileDataSource/Binaries/Win64/UnrealEditor.modules" 755
"../../../Engine/Plugins/ChaosVD/Binaries/Win64/UnrealEditor.modules" 756
"../../../Engine/Plugins/CmdLinkServer/Binaries/Win64/UnrealEditor.modules" 757
"../../../Engine/Plugins/EnhancedInput/Binaries/Win64/UnrealEditor.modules" 758
"../../../Engine/Plugins/Bridge/Binaries/Win64/UnrealEditor.modules" 759
"../../../Engine/Plugins/Experimental/MetaHuman/MetaHumanProjectUtilities/Binaries/Win64/UnrealEditor.modules" 760
"../../../Engine/Plugins/Fab/Binaries/Win64/UnrealEditor.modules" 761
"../../../Engine/Plugins/Interchange/Runtime/Binaries/Win64/UnrealEditor.modules" 762
"../../../Engine/Plugins/Online/EOSShared/Binaries/Win64/UnrealEditor.modules" 763
"../../../Engine/Plugins/Enterprise/VariantManagerContent/Binaries/Win64/UnrealEditor.modules" 764
"../../../Engine/Plugins/Enterprise/VariantManager/Binaries/Win64/UnrealEditor.modules" 765
"../../../Engine/Plugins/FastBuildController/Binaries/Win64/UnrealEditor.modules" 766
"../../../Engine/Plugins/MeshPainting/Binaries/Win64/UnrealEditor.modules" 767
"../../../Engine/Plugins/Interchange/Editor/Binaries/Win64/UnrealEditor.modules" 768
"../../../Engine/Plugins/RenderGraphInsights/Binaries/Win64/UnrealEditor.modules" 769
"../../../Engine/Plugins/XGEController/Binaries/Win64/UnrealEditor.modules" 770
"../../../Engine/Plugins/WorldMetrics/Binaries/Win64/UnrealEditor.modules" 771
"../../../Engine/Plugins/TraceUtilities/Binaries/Win64/UnrealEditor.modules" 772
"../../../Engine/Plugins/AI/AISupport/Binaries/Win64/UnrealEditor.modules" 773
"../../../Engine/Plugins/AI/EnvironmentQueryEditor/Binaries/Win64/UnrealEditor.modules" 774
"../../../Engine/Plugins/Compression/OodleNetwork/Binaries/Win64/UnrealEditor.modules" 775
"../../../Engine/Plugins/Experimental/AutomationUtils/Binaries/Win64/UnrealEditor.modules" 776
"../../../Engine/Plugins/Experimental/BackChannel/Binaries/Win64/UnrealEditor.modules" 777
"../../../Engine/Plugins/Experimental/ChaosEditor/Binaries/Win64/UnrealEditor.modules" 778
"../../../Engine/Plugins/Experimental/GeometryCollectionPlugin/Binaries/Win64/UnrealEditor.modules" 779
"../../../Engine/Plugins/Experimental/Fracture/Binaries/Win64/UnrealEditor.modules" 780
"../../../Engine/Plugins/Runtime/ProceduralMeshComponent/Binaries/Win64/UnrealEditor.modules" 781
"../../../Engine/Plugins/Experimental/ChaosSolverPlugin/Binaries/Win64/UnrealEditor.modules" 782
"../../../Engine/Plugins/Experimental/Dataflow/Binaries/Win64/UnrealEditor.modules" 783
"../../../Engine/Plugins/Experimental/CharacterFXEditor/BaseCharacterFXEditor/Binaries/Win64/UnrealEditor.modules" 784
"../../../Engine/Plugins/Experimental/ChaosNiagara/Binaries/Win64/UnrealEditor.modules" 785
"../../../Engine/Plugins/FX/Niagara/Binaries/Win64/UnrealEditor.modules" 786
"../../../Engine/Plugins/Experimental/CharacterAI/Binaries/Win64/UnrealEditor.modules" 787
"../../../Engine/Plugins/Experimental/ChaosUserDataPT/Binaries/Win64/UnrealEditor.modules" 788
"../../../Engine/Plugins/Experimental/LocalizableMessage/Binaries/Win64/UnrealEditor.modules" 789
"../../../Engine/Plugins/Experimental/StructUtils/Binaries/Win64/UnrealEditor.modules" 790
"../../../Engine/Plugins/Runtime/PropertyAccess/Binaries/Win64/UnrealEditor.modules" 791
"../../../Engine/Plugins/Experimental/OpenImageDenoise/Binaries/Win64/UnrealEditor.modules" 792
"../../../Engine/Plugins/Experimental/PlatformCrypto/Binaries/Win64/UnrealEditor.modules" 793
"../../../Engine/Plugins/Experimental/SkeletalReduction/Binaries/Win64/UnrealEditor.modules" 794
"../../../Engine/Plugins/Experimental/StudioTelemetry/Binaries/Win64/UnrealEditor.modules" 795
"../../../Engine/Plugins/Animation/AnimationData/Binaries/Win64/UnrealEditor.modules" 796
"../../../Engine/Plugins/Animation/ControlRig/Binaries/Win64/UnrealEditor.modules" 797
"../../../Engine/Plugins/Runtime/RigVM/Binaries/Win64/UnrealEditor.modules" 798
"../../../Engine/Plugins/Animation/AnimationModifierLibrary/Binaries/Win64/UnrealEditor.modules" 799
"../../../Engine/Plugins/Animation/ACLPlugin/Binaries/Win64/UnrealEditor.modules" 800
"../../../Engine/Plugins/Animation/BlendSpaceMotionAnalysis/Binaries/Win64/UnrealEditor.modules" 801
"../../../Engine/Plugins/Animation/ControlRigSpline/Binaries/Win64/UnrealEditor.modules" 802
"../../../Engine/Plugins/Animation/IKRig/Binaries/Win64/UnrealEditor.modules" 803
"../../../Engine/Plugins/Experimental/FullBodyIK/Binaries/Win64/UnrealEditor.modules" 804
"../../../Engine/Plugins/Importers/AlembicImporter/Binaries/Win64/UnrealEditor.modules" 805
"../../../Engine/Plugins/Runtime/GeometryCache/Binaries/Win64/UnrealEditor.modules" 806
"../../../Engine/Plugins/MovieScene/ActorSequence/Binaries/Win64/UnrealEditor.modules" 807
"../../../Engine/Plugins/Developer/CLionSourceCodeAccess/Binaries/Win64/UnrealEditor.modules" 808
"../../../Engine/Plugins/Developer/GitSourceControl/Binaries/Win64/UnrealEditor.modules" 809
"../../../Engine/Plugins/Developer/DumpGPUServices/Binaries/Win64/UnrealEditor.modules" 810
"../../../Engine/Plugins/Developer/N10XSourceCodeAccess/Binaries/Win64/UnrealEditor.modules" 811
"../../../Engine/Plugins/Developer/PerforceSourceControl/Binaries/Win64/UnrealEditor.modules" 812
"../../../Engine/Plugins/Developer/PlasticSourceControl/Binaries/Win64/UnrealEditor.modules" 813
"../../../Engine/Plugins/Developer/PluginUtils/Binaries/Win64/UnrealEditor.modules" 814
"../../../Engine/Plugins/Developer/PixWinPlugin/Binaries/Win64/UnrealEditor.modules" 815
"../../../Engine/Plugins/Developer/PropertyAccessNode/Binaries/Win64/UnrealEditor.modules" 816
"../../../Engine/Plugins/Developer/RenderDocPlugin/Binaries/Win64/UnrealEditor.modules" 817
"../../../Engine/Plugins/Developer/RiderSourceCodeAccess/Binaries/Win64/UnrealEditor.modules" 818
"../../../Engine/Plugins/Developer/TextureFormatOodle/Binaries/Win64/UnrealEditor.modules" 819
"../../../Engine/Plugins/Developer/SubversionSourceControl/Binaries/Win64/UnrealEditor.modules" 820
"../../../Engine/Plugins/Developer/TraceDataFiltering/Binaries/Win64/UnrealEditor.modules" 821
"../../../Engine/Plugins/Developer/UObjectPlugin/Binaries/Win64/UnrealEditor.modules" 822
"../../../Engine/Plugins/Developer/VisualStudioCodeSourceCodeAccess/Binaries/Win64/UnrealEditor.modules" 823
"../../../Engine/Plugins/Tests/InterchangeTests/Binaries/Win64/UnrealEditor.modules" 824
"../../../Engine/Plugins/Developer/AnimationSharing/Binaries/Win64/UnrealEditor.modules" 825
"../../../Engine/Plugins/Runtime/SignificanceManager/Binaries/Win64/UnrealEditor.modules" 826
"../../../Engine/Plugins/Developer/VisualStudioSourceCodeAccess/Binaries/Win64/UnrealEditor.modules" 827
"../../../Engine/Plugins/FX/NiagaraSimCaching/Binaries/Win64/UnrealEditor.modules" 828
"../../../Engine/Plugins/Messaging/UdpMessaging/Binaries/Win64/UnrealEditor.modules" 829
"../../../Engine/Plugins/Messaging/TcpMessaging/Binaries/Win64/UnrealEditor.modules" 830
"../../../Engine/Plugins/Editor/AssetManagerEditor/Binaries/Win64/UnrealEditor.modules" 831
"../../../Engine/Plugins/Editor/BlueprintHeaderView/Binaries/Win64/UnrealEditor.modules" 832
"../../../Engine/Plugins/Editor/CryptoKeys/Binaries/Win64/UnrealEditor.modules" 833
"../../../Engine/Plugins/Editor/ChangelistReview/Binaries/Win64/UnrealEditor.modules" 834
"../../../Engine/Plugins/Editor/EditorDebugTools/Binaries/Win64/UnrealEditor.modules" 835
"../../../Engine/Plugins/Editor/DataValidation/Binaries/Win64/UnrealEditor.modules" 836
"../../../Engine/Plugins/Editor/FacialAnimation/Binaries/Win64/UnrealEditor.modules" 837
"../../../Engine/Plugins/Editor/EngineAssetDefinitions/Binaries/Win64/UnrealEditor.modules" 838
"../../../Engine/Plugins/Editor/GameplayTagsEditor/Binaries/Win64/UnrealEditor.modules" 839
"../../../Engine/Plugins/Editor/GeometryMode/Binaries/Win64/UnrealEditor.modules" 840
"../../../Engine/Plugins/Editor/MobileLauncherProfileWizard/Binaries/Win64/UnrealEditor.modules" 841
"../../../Engine/Plugins/Editor/CurveEditorTools/Binaries/Win64/UnrealEditor.modules" 842
"../../../Engine/Plugins/Editor/SequencerAnimTools/Binaries/Win64/UnrealEditor.modules" 843
"../../../Engine/Plugins/Editor/SpeedTreeImporter/Binaries/Win64/UnrealEditor.modules" 844
"../../../Engine/Plugins/Editor/PluginBrowser/Binaries/Win64/UnrealEditor.modules" 845
"../../../Engine/Plugins/Editor/WorldPartitionHLODUtilities/Binaries/Win64/UnrealEditor.modules" 846
"../../../Engine/Plugins/Editor/MaterialAnalyzer/Binaries/Win64/UnrealEditor.modules" 847
"../../../Engine/Plugins/Editor/UVEditor/Binaries/Win64/UnrealEditor.modules" 848
"../../../Engine/Plugins/Online/OnlineSubsystem/Binaries/Win64/UnrealEditor.modules" 849
"../../../Engine/Plugins/Online/OnlineBase/Binaries/Win64/UnrealEditor.modules" 850
"../../../Engine/Plugins/Online/OnlineSubsystemNull/Binaries/Win64/UnrealEditor.modules" 851
"../../../Engine/Plugins/Online/OnlineSubsystemUtils/Binaries/Win64/UnrealEditor.modules" 852
"../../../Engine/Plugins/Online/OnlineServices/Binaries/Win64/UnrealEditor.modules" 853
"../../../Engine/Plugins/Media/AndroidMedia/Binaries/Win64/UnrealEditor.modules" 854
"../../../Engine/Plugins/Media/AvfMedia/Binaries/Win64/UnrealEditor.modules" 855
"../../../Engine/Plugins/Media/ImgMedia/Binaries/Win64/UnrealEditor.modules" 856
"../../../Engine/Plugins/Media/MediaPlayerEditor/Binaries/Win64/UnrealEditor.modules" 857
"../../../Engine/Plugins/Media/MediaPlate/Binaries/Win64/UnrealEditor.modules" 858
"../../../Engine/Plugins/Media/MediaCompositing/Binaries/Win64/UnrealEditor.modules" 859
"../../../Engine/Plugins/Media/WmfMedia/Binaries/Win64/UnrealEditor.modules" 860
"../../../Engine/Plugins/Enterprise/DatasmithContent/Binaries/Win64/UnrealEditor.modules" 861
"../../../Engine/Plugins/Enterprise/GLTFExporter/Binaries/Win64/UnrealEditor.modules" 862
"../../../Engine/Plugins/Portal/LauncherChunkInstaller/Binaries/Win64/UnrealEditor.modules" 863
"../../../Engine/Plugins/Runtime/AndroidDeviceProfileSelector/Binaries/Win64/UnrealEditor.modules" 864
"../../../Engine/Plugins/Runtime/AndroidFileServer/Binaries/Win64/UnrealEditor.modules" 865
"../../../Engine/Plugins/Runtime/ActorLayerUtilities/Binaries/Win64/UnrealEditor.modules" 866
"../../../Engine/Plugins/Runtime/AndroidPermission/Binaries/Win64/UnrealEditor.modules" 867
"../../../Engine/Plugins/Runtime/AppleImageUtils/Binaries/Win64/UnrealEditor.modules" 868
"../../../Engine/Plugins/Runtime/ArchVisCharacter/Binaries/Win64/UnrealEditor.modules" 869
"../../../Engine/Plugins/Runtime/AssetTags/Binaries/Win64/UnrealEditor.modules" 870
"../../../Engine/Plugins/Runtime/CableComponent/Binaries/Win64/UnrealEditor.modules" 871
"../../../Engine/Plugins/Runtime/ChunkDownloader/Binaries/Win64/UnrealEditor.modules" 872
"../../../Engine/Plugins/Runtime/CustomMeshComponent/Binaries/Win64/UnrealEditor.modules" 873
"../../../Engine/Plugins/Runtime/ExampleDeviceProfileSelector/Binaries/Win64/UnrealEditor.modules" 874
"../../../Engine/Plugins/Runtime/GooglePAD/Binaries/Win64/UnrealEditor.modules" 875
"../../../Engine/Plugins/Runtime/InputDebugging/Binaries/Win64/UnrealEditor.modules" 876
"../../../Engine/Plugins/Runtime/LocationServicesBPLibrary/Binaries/Win64/UnrealEditor.modules" 877
"../../../Engine/Plugins/Runtime/Metasound/Binaries/Win64/UnrealEditor.modules" 878
"../../../Engine/Plugins/Runtime/AudioWidgets/Binaries/Win64/UnrealEditor.modules" 879
"../../../Engine/Plugins/Runtime/AudioSynesthesia/Binaries/Win64/UnrealEditor.modules" 880
"../../../Engine/Plugins/Runtime/WaveTable/Binaries/Win64/UnrealEditor.modules" 881
"../../../Engine/Plugins/Runtime/MobilePatchingUtils/Binaries/Win64/UnrealEditor.modules" 882
"../../../Engine/Plugins/Runtime/MsQuic/Binaries/Win64/UnrealEditor.modules" 883
"../../../Engine/Plugins/Runtime/ResonanceAudio/Binaries/Win64/UnrealEditor.modules" 884
"../../../Engine/Plugins/Runtime/SoundFields/Binaries/Win64/UnrealEditor.modules" 885
"../../../Engine/Plugins/Runtime/Synthesis/Binaries/Win64/UnrealEditor.modules" 886
"../../../Engine/Plugins/Runtime/WebMMoviePlayer/Binaries/Win64/UnrealEditor.modules" 887
"../../../Engine/Plugins/Media/WebMMedia/Binaries/Win64/UnrealEditor.modules" 888
"../../../Engine/Plugins/Runtime/WindowsDeviceProfileSelector/Binaries/Win64/UnrealEditor.modules" 889
"../../../Engine/Plugins/Runtime/WindowsMoviePlayer/Binaries/Win64/UnrealEditor.modules" 890
"../../../Engine/Plugins/Cameras/CameraShakePreviewer/Binaries/Win64/UnrealEditor.modules" 891
"../../../Engine/Plugins/Cameras/GameplayCameras/Binaries/Win64/UnrealEditor.modules" 892
"../../../Engine/Plugins/MovieScene/TemplateSequence/Binaries/Win64/UnrealEditor.modules" 893
"../../../Engine/Plugins/2D/Paper2D/Binaries/Win64/UnrealEditor.modules" 894
"../../../Engine/Plugins/Editor/ContentBrowser/ContentBrowserAssetDataSource/Binaries/Win64/UnrealEditor.modules" 895
"../../../Engine/Plugins/Editor/ContentBrowser/ContentBrowserClassDataSource/Binaries/Win64/UnrealEditor.modules" 896
"../../../Engine/Plugins/Editor/Localization/PortableObjectFileDataSource/Binaries/Win64/UnrealEditor.modules" 897
"../../../Engine/Plugins/Editor/ObjectMixer/ObjectMixer/Binaries/Win64/UnrealEditor.modules" 898
"../../../Engine/Plugins/Editor/ObjectMixer/LightMixer/Binaries/Win64/UnrealEditor.modules" 899
"../../../Engine/Plugins/Runtime/Windows/XInputDevice/Binaries/Win64/UnrealEditor.modules" 900
"../../../Engine/Config/BaseSourceControlSettings.ini" 901
"../../../Engine/Content/Internationalization/icudt64l/coll/ucadata.icu" 902
"../../../Engine/Content/Internationalization/icudt64l/coll/en_US.res" 903
"../../../Engine/Content/Internationalization/icudt64l/coll/en.res" 904
"../../../Engine/Content/Internationalization/icudt64l/coll/root.res" 905
"../../../Engine/Content/Certificates/ThirdParty/cacert.pem" 906
"../../../Engine/Config/ConsoleVariables.ini" 907
"../../../Engine/Binaries/Win64/Android/UnrealEditor.modules" 908
"../../../Engine/Binaries/Win64/IOS/UnrealEditor.modules" 909
"../../../Engine/Binaries/Win64/Linux/UnrealEditor.modules" 910
"../../../Engine/Binaries/Win64/LinuxArm64/UnrealEditor.modules" 911
"../../../Engine/Content/Localization/Editor/en/Editor.locres" 912
"../../../Engine/Content/Localization/EditorTutorials/en/EditorTutorials.locres" 913
"../../../Engine/Content/Localization/Keywords/en/Keywords.locres" 914
"../../../Engine/Content/Localization/Category/en/Category.locres" 915
"../../../Engine/Content/Localization/ToolTips/en/ToolTips.locres" 916
"../../../Engine/Content/Localization/PropertyNames/en/PropertyNames.locres" 917
"../../../Engine/Content/Localization/Engine/en/Engine.locres" 918
"../../../Engine/Plugins/Online/OnlineSubsystem/Content/Localization/OnlineSubsystem/en/OnlineSubsystem.locres" 919
"../../../Engine/Plugins/Online/OnlineSubsystemUtils/Content/Localization/OnlineSubsystemUtils/en/OnlineSubsystemUtils.locres" 920
"../../../Engine/Plugins/Online/IOS/OnlineSubsystemIOS/Content/Localization/OnlineSubsystemIOS/en/OnlineSubsystemIOS.locres" 921
"../../../Engine/Plugins/Online/Android/OnlineSubsystemGooglePlay/Content/Localization/OnlineSubsystemGooglePlay/en/OnlineSubsystemGooglePlay.locres" 922
"../../../Engine/Content/Internationalization/icudt64l/en_GB.res" 923
"../../../Engine/Content/Internationalization/icudt64l/en_001.res" 924
"../../../Engine/Content/Internationalization/icudt64l/numberingSystems.res" 925
"../../../Engine/Content/Internationalization/icudt64l/curr/supplementalData.res" 926
"../../../Engine/Content/Internationalization/icudt64l/curr/en_GB.res" 927
"../../../Engine/Content/Internationalization/icudt64l/curr/pool.res" 928
"../../../Engine/Content/Internationalization/icudt64l/curr/en_001.res" 929
"../../../Engine/Content/Internationalization/icudt64l/curr/en.res" 930
"../../../Engine/Content/Internationalization/icudt64l/curr/root.res" 931
"../../../Engine/Content/Internationalization/icudt64l/lang/af.res" 932
"../../../Engine/Content/Internationalization/icudt64l/region/af.res" 933
"../../../Engine/Content/Internationalization/icudt64l/lang/agq.res" 934
"../../../Engine/Content/Internationalization/icudt64l/region/agq.res" 935
"../../../Engine/Content/Internationalization/icudt64l/lang/ak.res" 936
"../../../Engine/Content/Internationalization/icudt64l/region/ak.res" 937
"../../../Engine/Content/Internationalization/icudt64l/lang/am.res" 938
"../../../Engine/Content/Internationalization/icudt64l/region/am.res" 939
"../../../Engine/Content/Internationalization/icudt64l/lang/ar.res" 940
"../../../Engine/Content/Internationalization/icudt64l/region/ar.res" 941
"../../../Engine/Content/Internationalization/icudt64l/region/ar_AE.res" 942
"../../../Engine/Content/Internationalization/icudt64l/lang/ar_EG.res" 943
"../../../Engine/Content/Internationalization/icudt64l/lang/ar_LY.res" 944
"../../../Engine/Content/Internationalization/icudt64l/region/ar_LY.res" 945
"../../../Engine/Content/Internationalization/icudt64l/lang/ar_SA.res" 946
"../../../Engine/Content/Internationalization/icudt64l/region/ar_SA.res" 947
"../../../Engine/Content/Internationalization/icudt64l/lang/as.res" 948
"../../../Engine/Content/Internationalization/icudt64l/region/as.res" 949
"../../../Engine/Content/Internationalization/icudt64l/lang/asa.res" 950
"../../../Engine/Content/Internationalization/icudt64l/region/asa.res" 951
"../../../Engine/Content/Internationalization/icudt64l/lang/ast.res" 952
"../../../Engine/Content/Internationalization/icudt64l/region/ast.res" 953
"../../../Engine/Content/Internationalization/icudt64l/lang/az.res" 954
"../../../Engine/Content/Internationalization/icudt64l/lang/az_Cyrl.res" 955
"../../../Engine/Content/Internationalization/icudt64l/lang/az_AZ.res" 956
"../../../Engine/Content/Internationalization/icudt64l/lang/az_Latn_AZ.res" 957
"../../../Engine/Content/Internationalization/icudt64l/lang/az_Latn.res" 958
"../../../Engine/Content/Internationalization/icudt64l/region/az_AZ.res" 959
"../../../Engine/Content/Internationalization/icudt64l/region/az_Latn_AZ.res" 960
"../../../Engine/Content/Internationalization/icudt64l/region/az_Latn.res" 961
"../../../Engine/Content/Internationalization/icudt64l/region/az.res" 962
"../../../Engine/Content/Internationalization/icudt64l/region/az_Cyrl.res" 963
"../../../Engine/Content/Internationalization/icudt64l/lang/bas.res" 964
"../../../Engine/Content/Internationalization/icudt64l/region/bas.res" 965
"../../../Engine/Content/Internationalization/icudt64l/lang/be.res" 966
"../../../Engine/Content/Internationalization/icudt64l/region/be.res" 967
"../../../Engine/Content/Internationalization/icudt64l/lang/bem.res" 968
"../../../Engine/Content/Internationalization/icudt64l/region/bem.res" 969
"../../../Engine/Content/Internationalization/icudt64l/lang/bez.res" 970
"../../../Engine/Content/Internationalization/icudt64l/region/bez.res" 971
"../../../Engine/Content/Internationalization/icudt64l/lang/bg.res" 972
"../../../Engine/Content/Internationalization/icudt64l/region/bg.res" 973
"../../../Engine/Content/Internationalization/icudt64l/lang/bm.res" 974
"../../../Engine/Content/Internationalization/icudt64l/region/bm.res" 975
"../../../Engine/Content/Internationalization/icudt64l/lang/bn.res" 976
"../../../Engine/Content/Internationalization/icudt64l/region/bn.res" 977
"../../../Engine/Content/Internationalization/icudt64l/lang/bn_IN.res" 978
"../../../Engine/Content/Internationalization/icudt64l/region/bn_IN.res" 979
"../../../Engine/Content/Internationalization/icudt64l/lang/bo.res" 980
"../../../Engine/Content/Internationalization/icudt64l/region/bo.res" 981
"../../../Engine/Content/Internationalization/icudt64l/region/bo_IN.res" 982
"../../../Engine/Content/Internationalization/icudt64l/lang/br.res" 983
"../../../Engine/Content/Internationalization/icudt64l/region/br.res" 984
"../../../Engine/Content/Internationalization/icudt64l/lang/brx.res" 985
"../../../Engine/Content/Internationalization/icudt64l/region/brx.res" 986
"../../../Engine/Content/Internationalization/icudt64l/lang/bs.res" 987
"../../../Engine/Content/Internationalization/icudt64l/lang/bs_Cyrl.res" 988
"../../../Engine/Content/Internationalization/icudt64l/lang/bs_BA.res" 989
"../../../Engine/Content/Internationalization/icudt64l/lang/bs_Latn_BA.res" 990
"../../../Engine/Content/Internationalization/icudt64l/lang/bs_Latn.res" 991
"../../../Engine/Content/Internationalization/icudt64l/region/bs_BA.res" 992
"../../../Engine/Content/Internationalization/icudt64l/region/bs_Latn_BA.res" 993
"../../../Engine/Content/Internationalization/icudt64l/region/bs_Latn.res" 994
"../../../Engine/Content/Internationalization/icudt64l/region/bs.res" 995
"../../../Engine/Content/Internationalization/icudt64l/region/bs_Cyrl.res" 996
"../../../Engine/Content/Internationalization/icudt64l/lang/ca.res" 997
"../../../Engine/Content/Internationalization/icudt64l/region/ca.res" 998
"../../../Engine/Content/Internationalization/icudt64l/lang/ccp.res" 999
"../../../Engine/Content/Internationalization/icudt64l/region/ccp.res" 1000
"../../../Engine/Content/Internationalization/icudt64l/lang/ce.res" 1001
"../../../Engine/Content/Internationalization/icudt64l/region/ce.res" 1002
"../../../Engine/Content/Internationalization/icudt64l/lang/ceb.res" 1003
"../../../Engine/Content/Internationalization/icudt64l/region/ceb.res" 1004
"../../../Engine/Content/Internationalization/icudt64l/lang/cgg.res" 1005
"../../../Engine/Content/Internationalization/icudt64l/region/cgg.res" 1006
"../../../Engine/Content/Internationalization/icudt64l/lang/chr.res" 1007
"../../../Engine/Content/Internationalization/icudt64l/region/chr.res" 1008
"../../../Engine/Content/Internationalization/icudt64l/lang/ckb.res" 1009
"../../../Engine/Content/Internationalization/icudt64l/region/ckb.res" 1010
"../../../Engine/Content/Internationalization/icudt64l/lang/cs.res" 1011
"../../../Engine/Content/Internationalization/icudt64l/region/cs.res" 1012
"../../../Engine/Content/Internationalization/icudt64l/lang/cy.res" 1013
"../../../Engine/Content/Internationalization/icudt64l/region/cy.res" 1014
"../../../Engine/Content/Internationalization/icudt64l/lang/da.res" 1015
"../../../Engine/Content/Internationalization/icudt64l/region/da.res" 1016
"../../../Engine/Content/Internationalization/icudt64l/lang/dav.res" 1017
"../../../Engine/Content/Internationalization/icudt64l/region/dav.res" 1018
"../../../Engine/Content/Internationalization/icudt64l/lang/de.res" 1019
"../../../Engine/Content/Internationalization/icudt64l/lang/de_AT.res" 1020
"../../../Engine/Content/Internationalization/icudt64l/region/de_AT.res" 1021
"../../../Engine/Content/Internationalization/icudt64l/region/de.res" 1022
"../../../Engine/Content/Internationalization/icudt64l/lang/de_CH.res" 1023
"../../../Engine/Content/Internationalization/icudt64l/region/de_CH.res" 1024
"../../../Engine/Content/Internationalization/icudt64l/lang/de_LU.res" 1025
"../../../Engine/Content/Internationalization/icudt64l/lang/dje.res" 1026
"../../../Engine/Content/Internationalization/icudt64l/region/dje.res" 1027
"../../../Engine/Content/Internationalization/icudt64l/lang/dsb.res" 1028
"../../../Engine/Content/Internationalization/icudt64l/region/dsb.res" 1029
"../../../Engine/Content/Internationalization/icudt64l/lang/dua.res" 1030
"../../../Engine/Content/Internationalization/icudt64l/region/dua.res" 1031
"../../../Engine/Content/Internationalization/icudt64l/lang/dyo.res" 1032
"../../../Engine/Content/Internationalization/icudt64l/region/dyo.res" 1033
"../../../Engine/Content/Internationalization/icudt64l/lang/dz.res" 1034
"../../../Engine/Content/Internationalization/icudt64l/region/dz.res" 1035
"../../../Engine/Content/Internationalization/icudt64l/lang/ebu.res" 1036
"../../../Engine/Content/Internationalization/icudt64l/region/ebu.res" 1037
"../../../Engine/Content/Internationalization/icudt64l/lang/ee.res" 1038
"../../../Engine/Content/Internationalization/icudt64l/region/ee.res" 1039
"../../../Engine/Content/Internationalization/icudt64l/lang/el.res" 1040
"../../../Engine/Content/Internationalization/icudt64l/region/el.res" 1041
"../../../Engine/Content/Internationalization/icudt64l/lang/en_150.res" 1042
"../../../Engine/Content/Internationalization/icudt64l/region/en_150.res" 1043
"../../../Engine/Content/Internationalization/icudt64l/lang/en_AG.res" 1044
"../../../Engine/Content/Internationalization/icudt64l/region/en_AG.res" 1045
"../../../Engine/Content/Internationalization/icudt64l/lang/en_AI.res" 1046
"../../../Engine/Content/Internationalization/icudt64l/region/en_AI.res" 1047
"../../../Engine/Content/Internationalization/icudt64l/lang/en_AT.res" 1048
"../../../Engine/Content/Internationalization/icudt64l/region/en_AT.res" 1049
"../../../Engine/Content/Internationalization/icudt64l/lang/en_AU.res" 1050
"../../../Engine/Content/Internationalization/icudt64l/region/en_AU.res" 1051
"../../../Engine/Content/Internationalization/icudt64l/lang/en_BB.res" 1052
"../../../Engine/Content/Internationalization/icudt64l/region/en_BB.res" 1053
"../../../Engine/Content/Internationalization/icudt64l/lang/en_BE.res" 1054
"../../../Engine/Content/Internationalization/icudt64l/region/en_BE.res" 1055
"../../../Engine/Content/Internationalization/icudt64l/lang/en_BM.res" 1056
"../../../Engine/Content/Internationalization/icudt64l/region/en_BM.res" 1057
"../../../Engine/Content/Internationalization/icudt64l/lang/en_BS.res" 1058
"../../../Engine/Content/Internationalization/icudt64l/region/en_BS.res" 1059
"../../../Engine/Content/Internationalization/icudt64l/lang/en_BW.res" 1060
"../../../Engine/Content/Internationalization/icudt64l/region/en_BW.res" 1061
"../../../Engine/Content/Internationalization/icudt64l/lang/en_BZ.res" 1062
"../../../Engine/Content/Internationalization/icudt64l/region/en_BZ.res" 1063
"../../../Engine/Content/Internationalization/icudt64l/lang/en_CA.res" 1064
"../../../Engine/Content/Internationalization/icudt64l/region/en_CA.res" 1065
"../../../Engine/Content/Internationalization/icudt64l/lang/en_CC.res" 1066
"../../../Engine/Content/Internationalization/icudt64l/region/en_CC.res" 1067
"../../../Engine/Content/Internationalization/icudt64l/lang/en_CH.res" 1068
"../../../Engine/Content/Internationalization/icudt64l/region/en_CH.res" 1069
"../../../Engine/Content/Internationalization/icudt64l/lang/en_CK.res" 1070
"../../../Engine/Content/Internationalization/icudt64l/region/en_CK.res" 1071
"../../../Engine/Content/Internationalization/icudt64l/lang/en_CM.res" 1072
"../../../Engine/Content/Internationalization/icudt64l/region/en_CM.res" 1073
"../../../Engine/Content/Internationalization/icudt64l/lang/en_CX.res" 1074
"../../../Engine/Content/Internationalization/icudt64l/region/en_CX.res" 1075
"../../../Engine/Content/Internationalization/icudt64l/lang/en_CY.res" 1076
"../../../Engine/Content/Internationalization/icudt64l/region/en_CY.res" 1077
"../../../Engine/Content/Internationalization/icudt64l/lang/en_DE.res" 1078
"../../../Engine/Content/Internationalization/icudt64l/region/en_DE.res" 1079
"../../../Engine/Content/Internationalization/icudt64l/lang/en_DG.res" 1080
"../../../Engine/Content/Internationalization/icudt64l/region/en_DG.res" 1081
"../../../Engine/Content/Internationalization/icudt64l/lang/en_DK.res" 1082
"../../../Engine/Content/Internationalization/icudt64l/region/en_DK.res" 1083
"../../../Engine/Content/Internationalization/icudt64l/lang/en_DM.res" 1084
"../../../Engine/Content/Internationalization/icudt64l/region/en_DM.res" 1085
"../../../Engine/Content/Internationalization/icudt64l/lang/en_ER.res" 1086
"../../../Engine/Content/Internationalization/icudt64l/region/en_ER.res" 1087
"../../../Engine/Content/Internationalization/icudt64l/lang/en_FI.res" 1088
"../../../Engine/Content/Internationalization/icudt64l/region/en_FI.res" 1089
"../../../Engine/Content/Internationalization/icudt64l/lang/en_FJ.res" 1090
"../../../Engine/Content/Internationalization/icudt64l/region/en_FJ.res" 1091
"../../../Engine/Content/Internationalization/icudt64l/lang/en_FK.res" 1092
"../../../Engine/Content/Internationalization/icudt64l/region/en_FK.res" 1093
"../../../Engine/Content/Internationalization/icudt64l/lang/en_FM.res" 1094
"../../../Engine/Content/Internationalization/icudt64l/region/en_FM.res" 1095
"../../../Engine/Content/Internationalization/icudt64l/lang/en_GD.res" 1096
"../../../Engine/Content/Internationalization/icudt64l/region/en_GD.res" 1097
"../../../Engine/Content/Internationalization/icudt64l/lang/en_GG.res" 1098
"../../../Engine/Content/Internationalization/icudt64l/region/en_GG.res" 1099
"../../../Engine/Content/Internationalization/icudt64l/lang/en_GH.res" 1100
"../../../Engine/Content/Internationalization/icudt64l/region/en_GH.res" 1101
"../../../Engine/Content/Internationalization/icudt64l/lang/en_GI.res" 1102
"../../../Engine/Content/Internationalization/icudt64l/region/en_GI.res" 1103
"../../../Engine/Content/Internationalization/icudt64l/lang/en_GM.res" 1104
"../../../Engine/Content/Internationalization/icudt64l/region/en_GM.res" 1105
"../../../Engine/Content/Internationalization/icudt64l/lang/en_GY.res" 1106
"../../../Engine/Content/Internationalization/icudt64l/region/en_GY.res" 1107
"../../../Engine/Content/Internationalization/icudt64l/lang/en_HK.res" 1108
"../../../Engine/Content/Internationalization/icudt64l/region/en_HK.res" 1109
"../../../Engine/Content/Internationalization/icudt64l/lang/en_IE.res" 1110
"../../../Engine/Content/Internationalization/icudt64l/region/en_IE.res" 1111
"../../../Engine/Content/Internationalization/icudt64l/lang/en_IL.res" 1112
"../../../Engine/Content/Internationalization/icudt64l/region/en_IL.res" 1113
"../../../Engine/Content/Internationalization/icudt64l/lang/en_IM.res" 1114
"../../../Engine/Content/Internationalization/icudt64l/region/en_IM.res" 1115
"../../../Engine/Content/Internationalization/icudt64l/lang/en_IN.res" 1116
"../../../Engine/Content/Internationalization/icudt64l/region/en_IN.res" 1117
"../../../Engine/Content/Internationalization/icudt64l/lang/en_IO.res" 1118
"../../../Engine/Content/Internationalization/icudt64l/region/en_IO.res" 1119
"../../../Engine/Content/Internationalization/icudt64l/lang/en_JE.res" 1120
"../../../Engine/Content/Internationalization/icudt64l/region/en_JE.res" 1121
"../../../Engine/Content/Internationalization/icudt64l/lang/en_JM.res" 1122
"../../../Engine/Content/Internationalization/icudt64l/region/en_JM.res" 1123
"../../../Engine/Content/Internationalization/icudt64l/lang/en_KE.res" 1124
"../../../Engine/Content/Internationalization/icudt64l/region/en_KE.res" 1125
"../../../Engine/Content/Internationalization/icudt64l/lang/en_KI.res" 1126
"../../../Engine/Content/Internationalization/icudt64l/region/en_KI.res" 1127
"../../../Engine/Content/Internationalization/icudt64l/lang/en_KN.res" 1128
"../../../Engine/Content/Internationalization/icudt64l/region/en_KN.res" 1129
"../../../Engine/Content/Internationalization/icudt64l/lang/en_KY.res" 1130
"../../../Engine/Content/Internationalization/icudt64l/region/en_KY.res" 1131
"../../../Engine/Content/Internationalization/icudt64l/lang/en_LC.res" 1132
"../../../Engine/Content/Internationalization/icudt64l/region/en_LC.res" 1133
"../../../Engine/Content/Internationalization/icudt64l/lang/en_LR.res" 1134
"../../../Engine/Content/Internationalization/icudt64l/region/en_LR.res" 1135
"../../../Engine/Content/Internationalization/icudt64l/lang/en_LS.res" 1136
"../../../Engine/Content/Internationalization/icudt64l/region/en_LS.res" 1137
"../../../Engine/Content/Internationalization/icudt64l/lang/en_MG.res" 1138
"../../../Engine/Content/Internationalization/icudt64l/region/en_MG.res" 1139
"../../../Engine/Content/Internationalization/icudt64l/lang/en_MO.res" 1140
"../../../Engine/Content/Internationalization/icudt64l/region/en_MO.res" 1141
"../../../Engine/Content/Internationalization/icudt64l/lang/en_MS.res" 1142
"../../../Engine/Content/Internationalization/icudt64l/region/en_MS.res" 1143
"../../../Engine/Content/Internationalization/icudt64l/lang/en_MT.res" 1144
"../../../Engine/Content/Internationalization/icudt64l/region/en_MT.res" 1145
"../../../Engine/Content/Internationalization/icudt64l/lang/en_MU.res" 1146
"../../../Engine/Content/Internationalization/icudt64l/region/en_MU.res" 1147
"../../../Engine/Content/Internationalization/icudt64l/lang/en_MW.res" 1148
"../../../Engine/Content/Internationalization/icudt64l/region/en_MW.res" 1149
"../../../Engine/Content/Internationalization/icudt64l/lang/en_MY.res" 1150
"../../../Engine/Content/Internationalization/icudt64l/region/en_MY.res" 1151
"../../../Engine/Content/Internationalization/icudt64l/lang/en_NA.res" 1152
"../../../Engine/Content/Internationalization/icudt64l/region/en_NA.res" 1153
"../../../Engine/Content/Internationalization/icudt64l/lang/en_NF.res" 1154
"../../../Engine/Content/Internationalization/icudt64l/region/en_NF.res" 1155
"../../../Engine/Content/Internationalization/icudt64l/lang/en_NG.res" 1156
"../../../Engine/Content/Internationalization/icudt64l/region/en_NG.res" 1157
"../../../Engine/Content/Internationalization/icudt64l/lang/en_NL.res" 1158
"../../../Engine/Content/Internationalization/icudt64l/region/en_NL.res" 1159
"../../../Engine/Content/Internationalization/icudt64l/lang/en_NR.res" 1160
"../../../Engine/Content/Internationalization/icudt64l/region/en_NR.res" 1161
"../../../Engine/Content/Internationalization/icudt64l/lang/en_NU.res" 1162
"../../../Engine/Content/Internationalization/icudt64l/region/en_NU.res" 1163
"../../../Engine/Content/Internationalization/icudt64l/lang/en_NZ.res" 1164
"../../../Engine/Content/Internationalization/icudt64l/region/en_NZ.res" 1165
"../../../Engine/Content/Internationalization/icudt64l/lang/en_PG.res" 1166
"../../../Engine/Content/Internationalization/icudt64l/region/en_PG.res" 1167
"../../../Engine/Content/Internationalization/icudt64l/lang/en_PH.res" 1168
"../../../Engine/Content/Internationalization/icudt64l/region/en_PH.res" 1169
"../../../Engine/Content/Internationalization/icudt64l/lang/en_PK.res" 1170
"../../../Engine/Content/Internationalization/icudt64l/region/en_PK.res" 1171
"../../../Engine/Content/Internationalization/icudt64l/lang/en_PN.res" 1172
"../../../Engine/Content/Internationalization/icudt64l/region/en_PN.res" 1173
"../../../Engine/Content/Internationalization/icudt64l/lang/en_PW.res" 1174
"../../../Engine/Content/Internationalization/icudt64l/region/en_PW.res" 1175
"../../../Engine/Content/Internationalization/icudt64l/lang/en_RW.res" 1176
"../../../Engine/Content/Internationalization/icudt64l/region/en_RW.res" 1177
"../../../Engine/Content/Internationalization/icudt64l/lang/en_SB.res" 1178
"../../../Engine/Content/Internationalization/icudt64l/region/en_SB.res" 1179
"../../../Engine/Content/Internationalization/icudt64l/lang/en_SC.res" 1180
"../../../Engine/Content/Internationalization/icudt64l/region/en_SC.res" 1181
"../../../Engine/Content/Internationalization/icudt64l/lang/en_SD.res" 1182
"../../../Engine/Content/Internationalization/icudt64l/region/en_SD.res" 1183
"../../../Engine/Content/Internationalization/icudt64l/lang/en_SE.res" 1184
"../../../Engine/Content/Internationalization/icudt64l/region/en_SE.res" 1185
"../../../Engine/Content/Internationalization/icudt64l/lang/en_SG.res" 1186
"../../../Engine/Content/Internationalization/icudt64l/region/en_SG.res" 1187
"../../../Engine/Content/Internationalization/icudt64l/lang/en_SH.res" 1188
"../../../Engine/Content/Internationalization/icudt64l/region/en_SH.res" 1189
"../../../Engine/Content/Internationalization/icudt64l/lang/en_SI.res" 1190
"../../../Engine/Content/Internationalization/icudt64l/region/en_SI.res" 1191
"../../../Engine/Content/Internationalization/icudt64l/lang/en_SL.res" 1192
"../../../Engine/Content/Internationalization/icudt64l/region/en_SL.res" 1193
"../../../Engine/Content/Internationalization/icudt64l/lang/en_SS.res" 1194
"../../../Engine/Content/Internationalization/icudt64l/region/en_SS.res" 1195
"../../../Engine/Content/Internationalization/icudt64l/lang/en_SX.res" 1196
"../../../Engine/Content/Internationalization/icudt64l/region/en_SX.res" 1197
"../../../Engine/Content/Internationalization/icudt64l/lang/en_SZ.res" 1198
"../../../Engine/Content/Internationalization/icudt64l/region/en_SZ.res" 1199
"../../../Engine/Content/Internationalization/icudt64l/lang/en_TC.res" 1200
"../../../Engine/Content/Internationalization/icudt64l/region/en_TC.res" 1201
"../../../Engine/Content/Internationalization/icudt64l/lang/en_TK.res" 1202
"../../../Engine/Content/Internationalization/icudt64l/region/en_TK.res" 1203
"../../../Engine/Content/Internationalization/icudt64l/lang/en_TO.res" 1204
"../../../Engine/Content/Internationalization/icudt64l/region/en_TO.res" 1205
"../../../Engine/Content/Internationalization/icudt64l/lang/en_TT.res" 1206
"../../../Engine/Content/Internationalization/icudt64l/region/en_TT.res" 1207
"../../../Engine/Content/Internationalization/icudt64l/lang/en_TV.res" 1208
"../../../Engine/Content/Internationalization/icudt64l/region/en_TV.res" 1209
"../../../Engine/Content/Internationalization/icudt64l/lang/en_TZ.res" 1210
"../../../Engine/Content/Internationalization/icudt64l/region/en_TZ.res" 1211
"../../../Engine/Content/Internationalization/icudt64l/lang/en_UG.res" 1212
"../../../Engine/Content/Internationalization/icudt64l/region/en_UG.res" 1213
"../../../Engine/Content/Internationalization/icudt64l/lang/en_VC.res" 1214
"../../../Engine/Content/Internationalization/icudt64l/region/en_VC.res" 1215
"../../../Engine/Content/Internationalization/icudt64l/lang/en_VG.res" 1216
"../../../Engine/Content/Internationalization/icudt64l/region/en_VG.res" 1217
"../../../Engine/Content/Internationalization/icudt64l/lang/en_VU.res" 1218
"../../../Engine/Content/Internationalization/icudt64l/region/en_VU.res" 1219
"../../../Engine/Content/Internationalization/icudt64l/lang/en_WS.res" 1220
"../../../Engine/Content/Internationalization/icudt64l/region/en_WS.res" 1221
"../../../Engine/Content/Internationalization/icudt64l/lang/en_ZA.res" 1222
"../../../Engine/Content/Internationalization/icudt64l/region/en_ZA.res" 1223
"../../../Engine/Content/Internationalization/icudt64l/lang/en_ZM.res" 1224
"../../../Engine/Content/Internationalization/icudt64l/region/en_ZM.res" 1225
"../../../Engine/Content/Internationalization/icudt64l/lang/en_ZW.res" 1226
"../../../Engine/Content/Internationalization/icudt64l/region/en_ZW.res" 1227
"../../../Engine/Content/Internationalization/icudt64l/lang/eo.res" 1228
"../../../Engine/Content/Internationalization/icudt64l/region/eo.res" 1229
"../../../Engine/Content/Internationalization/icudt64l/lang/es.res" 1230
"../../../Engine/Content/Internationalization/icudt64l/lang/es_419.res" 1231
"../../../Engine/Content/Internationalization/icudt64l/region/es_419.res" 1232
"../../../Engine/Content/Internationalization/icudt64l/region/es.res" 1233
"../../../Engine/Content/Internationalization/icudt64l/lang/es_AR.res" 1234
"../../../Engine/Content/Internationalization/icudt64l/region/es_AR.res" 1235
"../../../Engine/Content/Internationalization/icudt64l/lang/es_BO.res" 1236
"../../../Engine/Content/Internationalization/icudt64l/region/es_BO.res" 1237
"../../../Engine/Content/Internationalization/icudt64l/lang/es_BR.res" 1238
"../../../Engine/Content/Internationalization/icudt64l/region/es_BR.res" 1239
"../../../Engine/Content/Internationalization/icudt64l/lang/es_BZ.res" 1240
"../../../Engine/Content/Internationalization/icudt64l/region/es_BZ.res" 1241
"../../../Engine/Content/Internationalization/icudt64l/lang/es_CL.res" 1242
"../../../Engine/Content/Internationalization/icudt64l/region/es_CL.res" 1243
"../../../Engine/Content/Internationalization/icudt64l/lang/es_CO.res" 1244
"../../../Engine/Content/Internationalization/icudt64l/region/es_CO.res" 1245
"../../../Engine/Content/Internationalization/icudt64l/lang/es_CR.res" 1246
"../../../Engine/Content/Internationalization/icudt64l/region/es_CR.res" 1247
"../../../Engine/Content/Internationalization/icudt64l/lang/es_CU.res" 1248
"../../../Engine/Content/Internationalization/icudt64l/region/es_CU.res" 1249
"../../../Engine/Content/Internationalization/icudt64l/lang/es_DO.res" 1250
"../../../Engine/Content/Internationalization/icudt64l/region/es_DO.res" 1251
"../../../Engine/Content/Internationalization/icudt64l/lang/es_EC.res" 1252
"../../../Engine/Content/Internationalization/icudt64l/region/es_EC.res" 1253
"../../../Engine/Content/Internationalization/icudt64l/lang/es_GT.res" 1254
"../../../Engine/Content/Internationalization/icudt64l/region/es_GT.res" 1255
"../../../Engine/Content/Internationalization/icudt64l/lang/es_HN.res" 1256
"../../../Engine/Content/Internationalization/icudt64l/region/es_HN.res" 1257
"../../../Engine/Content/Internationalization/icudt64l/lang/es_MX.res" 1258
"../../../Engine/Content/Internationalization/icudt64l/region/es_MX.res" 1259
"../../../Engine/Content/Internationalization/icudt64l/lang/es_NI.res" 1260
"../../../Engine/Content/Internationalization/icudt64l/region/es_NI.res" 1261
"../../../Engine/Content/Internationalization/icudt64l/lang/es_PA.res" 1262
"../../../Engine/Content/Internationalization/icudt64l/region/es_PA.res" 1263
"../../../Engine/Content/Internationalization/icudt64l/lang/es_PE.res" 1264
"../../../Engine/Content/Internationalization/icudt64l/region/es_PE.res" 1265
"../../../Engine/Content/Internationalization/icudt64l/lang/es_PR.res" 1266
"../../../Engine/Content/Internationalization/icudt64l/region/es_PR.res" 1267
"../../../Engine/Content/Internationalization/icudt64l/lang/es_PY.res" 1268
"../../../Engine/Content/Internationalization/icudt64l/region/es_PY.res" 1269
"../../../Engine/Content/Internationalization/icudt64l/lang/es_SV.res" 1270
"../../../Engine/Content/Internationalization/icudt64l/region/es_SV.res" 1271
"../../../Engine/Content/Internationalization/icudt64l/lang/es_US.res" 1272
"../../../Engine/Content/Internationalization/icudt64l/region/es_US.res" 1273
"../../../Engine/Content/Internationalization/icudt64l/lang/es_UY.res" 1274
"../../../Engine/Content/Internationalization/icudt64l/region/es_UY.res" 1275
"../../../Engine/Content/Internationalization/icudt64l/lang/es_VE.res" 1276
"../../../Engine/Content/Internationalization/icudt64l/region/es_VE.res" 1277
"../../../Engine/Content/Internationalization/icudt64l/lang/et.res" 1278
"../../../Engine/Content/Internationalization/icudt64l/region/et.res" 1279
"../../../Engine/Content/Internationalization/icudt64l/lang/eu.res" 1280
"../../../Engine/Content/Internationalization/icudt64l/region/eu.res" 1281
"../../../Engine/Content/Internationalization/icudt64l/lang/ewo.res" 1282
"../../../Engine/Content/Internationalization/icudt64l/region/ewo.res" 1283
"../../../Engine/Content/Internationalization/icudt64l/lang/fa.res" 1284
"../../../Engine/Content/Internationalization/icudt64l/lang/fa_AF.res" 1285
"../../../Engine/Content/Internationalization/icudt64l/region/fa_AF.res" 1286
"../../../Engine/Content/Internationalization/icudt64l/region/fa.res" 1287
"../../../Engine/Content/Internationalization/icudt64l/lang/ff.res" 1288
"../../../Engine/Content/Internationalization/icudt64l/lang/ff_Latn.res" 1289
"../../../Engine/Content/Internationalization/icudt64l/region/ff.res" 1290
"../../../Engine/Content/Internationalization/icudt64l/region/ff_Latn.res" 1291
"../../../Engine/Content/Internationalization/icudt64l/lang/ff_CM.res" 1292
"../../../Engine/Content/Internationalization/icudt64l/lang/ff_Latn_CM.res" 1293
"../../../Engine/Content/Internationalization/icudt64l/region/ff_CM.res" 1294
"../../../Engine/Content/Internationalization/icudt64l/region/ff_Latn_CM.res" 1295
"../../../Engine/Content/Internationalization/icudt64l/lang/ff_GN.res" 1296
"../../../Engine/Content/Internationalization/icudt64l/lang/ff_Latn_GN.res" 1297
"../../../Engine/Content/Internationalization/icudt64l/region/ff_GN.res" 1298
"../../../Engine/Content/Internationalization/icudt64l/region/ff_Latn_GN.res" 1299
"../../../Engine/Content/Internationalization/icudt64l/lang/ff_MR.res" 1300
"../../../Engine/Content/Internationalization/icudt64l/lang/ff_Latn_MR.res" 1301
"../../../Engine/Content/Internationalization/icudt64l/region/ff_MR.res" 1302
"../../../Engine/Content/Internationalization/icudt64l/region/ff_Latn_MR.res" 1303
"../../../Engine/Content/Internationalization/icudt64l/lang/ff_SN.res" 1304
"../../../Engine/Content/Internationalization/icudt64l/lang/ff_Latn_SN.res" 1305
"../../../Engine/Content/Internationalization/icudt64l/region/ff_SN.res" 1306
"../../../Engine/Content/Internationalization/icudt64l/region/ff_Latn_SN.res" 1307
"../../../Engine/Content/Internationalization/icudt64l/lang/fi.res" 1308
"../../../Engine/Content/Internationalization/icudt64l/region/fi.res" 1309
"../../../Engine/Content/Internationalization/icudt64l/lang/fil.res" 1310
"../../../Engine/Content/Internationalization/icudt64l/lang/fil_PH.res" 1311
"../../../Engine/Content/Internationalization/icudt64l/region/fil_PH.res" 1312
"../../../Engine/Content/Internationalization/icudt64l/region/fil.res" 1313
"../../../Engine/Content/Internationalization/icudt64l/lang/fo.res" 1314
"../../../Engine/Content/Internationalization/icudt64l/region/fo.res" 1315
"../../../Engine/Content/Internationalization/icudt64l/lang/fr.res" 1316
"../../../Engine/Content/Internationalization/icudt64l/lang/fr_BE.res" 1317
"../../../Engine/Content/Internationalization/icudt64l/region/fr_BE.res" 1318
"../../../Engine/Content/Internationalization/icudt64l/region/fr.res" 1319
"../../../Engine/Content/Internationalization/icudt64l/lang/fr_CA.res" 1320
"../../../Engine/Content/Internationalization/icudt64l/region/fr_CA.res" 1321
"../../../Engine/Content/Internationalization/icudt64l/lang/fr_CH.res" 1322
"../../../Engine/Content/Internationalization/icudt64l/lang/fur.res" 1323
"../../../Engine/Content/Internationalization/icudt64l/region/fur.res" 1324
"../../../Engine/Content/Internationalization/icudt64l/lang/fy.res" 1325
"../../../Engine/Content/Internationalization/icudt64l/region/fy.res" 1326
"../../../Engine/Content/Internationalization/icudt64l/lang/ga.res" 1327
"../../../Engine/Content/Internationalization/icudt64l/region/ga.res" 1328
"../../../Engine/Content/Internationalization/icudt64l/lang/gd.res" 1329
"../../../Engine/Content/Internationalization/icudt64l/region/gd.res" 1330
"../../../Engine/Content/Internationalization/icudt64l/lang/gl.res" 1331
"../../../Engine/Content/Internationalization/icudt64l/region/gl.res" 1332
"../../../Engine/Content/Internationalization/icudt64l/lang/gsw.res" 1333
"../../../Engine/Content/Internationalization/icudt64l/region/gsw.res" 1334
"../../../Engine/Content/Internationalization/icudt64l/lang/gu.res" 1335
"../../../Engine/Content/Internationalization/icudt64l/region/gu.res" 1336
"../../../Engine/Content/Internationalization/icudt64l/lang/guz.res" 1337
"../../../Engine/Content/Internationalization/icudt64l/region/guz.res" 1338
"../../../Engine/Content/Internationalization/icudt64l/lang/gv.res" 1339
"../../../Engine/Content/Internationalization/icudt64l/region/gv.res" 1340
"../../../Engine/Content/Internationalization/icudt64l/lang/ha.res" 1341
"../../../Engine/Content/Internationalization/icudt64l/region/ha.res" 1342
"../../../Engine/Content/Internationalization/icudt64l/lang/ha_NE.res" 1343
"../../../Engine/Content/Internationalization/icudt64l/region/ha_NE.res" 1344
"../../../Engine/Content/Internationalization/icudt64l/lang/haw.res" 1345
"../../../Engine/Content/Internationalization/icudt64l/region/haw.res" 1346
"../../../Engine/Content/Internationalization/icudt64l/lang/he.res" 1347
"../../../Engine/Content/Internationalization/icudt64l/lang/he_IL.res" 1348
"../../../Engine/Content/Internationalization/icudt64l/region/he_IL.res" 1349
"../../../Engine/Content/Internationalization/icudt64l/region/he.res" 1350
"../../../Engine/Content/Internationalization/icudt64l/lang/hi.res" 1351
"../../../Engine/Content/Internationalization/icudt64l/region/hi.res" 1352
"../../../Engine/Content/Internationalization/icudt64l/lang/hr.res" 1353
"../../../Engine/Content/Internationalization/icudt64l/region/hr.res" 1354
"../../../Engine/Content/Internationalization/icudt64l/lang/hsb.res" 1355
"../../../Engine/Content/Internationalization/icudt64l/region/hsb.res" 1356
"../../../Engine/Content/Internationalization/icudt64l/lang/hu.res" 1357
"../../../Engine/Content/Internationalization/icudt64l/region/hu.res" 1358
"../../../Engine/Content/Internationalization/icudt64l/lang/hy.res" 1359
"../../../Engine/Content/Internationalization/icudt64l/region/hy.res" 1360
"../../../Engine/Content/Internationalization/icudt64l/lang/ia.res" 1361
"../../../Engine/Content/Internationalization/icudt64l/region/ia.res" 1362
"../../../Engine/Content/Internationalization/icudt64l/lang/id.res" 1363
"../../../Engine/Content/Internationalization/icudt64l/lang/id_ID.res" 1364
"../../../Engine/Content/Internationalization/icudt64l/region/id_ID.res" 1365
"../../../Engine/Content/Internationalization/icudt64l/region/id.res" 1366
"../../../Engine/Content/Internationalization/icudt64l/lang/ig.res" 1367
"../../../Engine/Content/Internationalization/icudt64l/region/ig.res" 1368
"../../../Engine/Content/Internationalization/icudt64l/lang/ii.res" 1369
"../../../Engine/Content/Internationalization/icudt64l/region/ii.res" 1370
"../../../Engine/Content/Internationalization/icudt64l/lang/is.res" 1371
"../../../Engine/Content/Internationalization/icudt64l/region/is.res" 1372
"../../../Engine/Content/Internationalization/icudt64l/lang/it.res" 1373
"../../../Engine/Content/Internationalization/icudt64l/region/it.res" 1374
"../../../Engine/Content/Internationalization/icudt64l/lang/ja.res" 1375
"../../../Engine/Content/Internationalization/icudt64l/lang/ja_JP.res" 1376
"../../../Engine/Content/Internationalization/icudt64l/region/ja_JP.res" 1377
"../../../Engine/Content/Internationalization/icudt64l/region/ja.res" 1378
"../../../Engine/Content/Internationalization/icudt64l/lang/jgo.res" 1379
"../../../Engine/Content/Internationalization/icudt64l/region/jgo.res" 1380
"../../../Engine/Content/Internationalization/icudt64l/lang/jmc.res" 1381
"../../../Engine/Content/Internationalization/icudt64l/region/jmc.res" 1382
"../../../Engine/Content/Internationalization/icudt64l/lang/jv.res" 1383
"../../../Engine/Content/Internationalization/icudt64l/region/jv.res" 1384
"../../../Engine/Content/Internationalization/icudt64l/lang/ka.res" 1385
"../../../Engine/Content/Internationalization/icudt64l/region/ka.res" 1386
"../../../Engine/Content/Internationalization/icudt64l/lang/kab.res" 1387
"../../../Engine/Content/Internationalization/icudt64l/region/kab.res" 1388
"../../../Engine/Content/Internationalization/icudt64l/lang/kam.res" 1389
"../../../Engine/Content/Internationalization/icudt64l/region/kam.res" 1390
"../../../Engine/Content/Internationalization/icudt64l/lang/kde.res" 1391
"../../../Engine/Content/Internationalization/icudt64l/region/kde.res" 1392
"../../../Engine/Content/Internationalization/icudt64l/lang/kea.res" 1393
"../../../Engine/Content/Internationalization/icudt64l/region/kea.res" 1394
"../../../Engine/Content/Internationalization/icudt64l/lang/khq.res" 1395
"../../../Engine/Content/Internationalization/icudt64l/region/khq.res" 1396
"../../../Engine/Content/Internationalization/icudt64l/lang/ki.res" 1397
"../../../Engine/Content/Internationalization/icudt64l/region/ki.res" 1398
"../../../Engine/Content/Internationalization/icudt64l/lang/kk.res" 1399
"../../../Engine/Content/Internationalization/icudt64l/region/kk.res" 1400
"../../../Engine/Content/Internationalization/icudt64l/lang/kkj.res" 1401
"../../../Engine/Content/Internationalization/icudt64l/region/kkj.res" 1402
"../../../Engine/Content/Internationalization/icudt64l/lang/kl.res" 1403
"../../../Engine/Content/Internationalization/icudt64l/region/kl.res" 1404
"../../../Engine/Content/Internationalization/icudt64l/lang/kln.res" 1405
"../../../Engine/Content/Internationalization/icudt64l/region/kln.res" 1406
"../../../Engine/Content/Internationalization/icudt64l/lang/km.res" 1407
"../../../Engine/Content/Internationalization/icudt64l/region/km.res" 1408
"../../../Engine/Content/Internationalization/icudt64l/lang/kn.res" 1409
"../../../Engine/Content/Internationalization/icudt64l/region/kn.res" 1410
"../../../Engine/Content/Internationalization/icudt64l/lang/ko.res" 1411
"../../../Engine/Content/Internationalization/icudt64l/region/ko_KP.res" 1412
"../../../Engine/Content/Internationalization/icudt64l/region/ko.res" 1413
"../../../Engine/Content/Internationalization/icudt64l/lang/kok.res" 1414
"../../../Engine/Content/Internationalization/icudt64l/region/kok.res" 1415
"../../../Engine/Content/Internationalization/icudt64l/lang/ks.res" 1416
"../../../Engine/Content/Internationalization/icudt64l/region/ks.res" 1417
"../../../Engine/Content/Internationalization/icudt64l/lang/ksb.res" 1418
"../../../Engine/Content/Internationalization/icudt64l/region/ksb.res" 1419
"../../../Engine/Content/Internationalization/icudt64l/lang/ksf.res" 1420
"../../../Engine/Content/Internationalization/icudt64l/region/ksf.res" 1421
"../../../Engine/Content/Internationalization/icudt64l/lang/ksh.res" 1422
"../../../Engine/Content/Internationalization/icudt64l/region/ksh.res" 1423
"../../../Engine/Content/Internationalization/icudt64l/lang/ku.res" 1424
"../../../Engine/Content/Internationalization/icudt64l/region/ku.res" 1425
"../../../Engine/Content/Internationalization/icudt64l/lang/kw.res" 1426
"../../../Engine/Content/Internationalization/icudt64l/region/kw.res" 1427
"../../../Engine/Content/Internationalization/icudt64l/lang/ky.res" 1428
"../../../Engine/Content/Internationalization/icudt64l/region/ky.res" 1429
"../../../Engine/Content/Internationalization/icudt64l/lang/lag.res" 1430
"../../../Engine/Content/Internationalization/icudt64l/region/lag.res" 1431
"../../../Engine/Content/Internationalization/icudt64l/lang/lb.res" 1432
"../../../Engine/Content/Internationalization/icudt64l/region/lb.res" 1433
"../../../Engine/Content/Internationalization/icudt64l/lang/lg.res" 1434
"../../../Engine/Content/Internationalization/icudt64l/region/lg.res" 1435
"../../../Engine/Content/Internationalization/icudt64l/lang/lkt.res" 1436
"../../../Engine/Content/Internationalization/icudt64l/region/lkt.res" 1437
"../../../Engine/Content/Internationalization/icudt64l/lang/ln.res" 1438
"../../../Engine/Content/Internationalization/icudt64l/region/ln.res" 1439
"../../../Engine/Content/Internationalization/icudt64l/lang/lo.res" 1440
"../../../Engine/Content/Internationalization/icudt64l/region/lo.res" 1441
"../../../Engine/Content/Internationalization/icudt64l/lang/lrc.res" 1442
"../../../Engine/Content/Internationalization/icudt64l/region/lrc.res" 1443
"../../../Engine/Content/Internationalization/icudt64l/lang/lt.res" 1444
"../../../Engine/Content/Internationalization/icudt64l/region/lt.res" 1445
"../../../Engine/Content/Internationalization/icudt64l/lang/lu.res" 1446
"../../../Engine/Content/Internationalization/icudt64l/region/lu.res" 1447
"../../../Engine/Content/Internationalization/icudt64l/lang/luo.res" 1448
"../../../Engine/Content/Internationalization/icudt64l/region/luo.res" 1449
"../../../Engine/Content/Internationalization/icudt64l/lang/luy.res" 1450
"../../../Engine/Content/Internationalization/icudt64l/region/luy.res" 1451
"../../../Engine/Content/Internationalization/icudt64l/lang/lv.res" 1452
"../../../Engine/Content/Internationalization/icudt64l/region/lv.res" 1453
"../../../Engine/Content/Internationalization/icudt64l/lang/mas.res" 1454
"../../../Engine/Content/Internationalization/icudt64l/region/mas.res" 1455
"../../../Engine/Content/Internationalization/icudt64l/lang/mer.res" 1456
"../../../Engine/Content/Internationalization/icudt64l/region/mer.res" 1457
"../../../Engine/Content/Internationalization/icudt64l/lang/mfe.res" 1458
"../../../Engine/Content/Internationalization/icudt64l/region/mfe.res" 1459
"../../../Engine/Content/Internationalization/icudt64l/lang/mg.res" 1460
"../../../Engine/Content/Internationalization/icudt64l/region/mg.res" 1461
"../../../Engine/Content/Internationalization/icudt64l/lang/mgh.res" 1462
"../../../Engine/Content/Internationalization/icudt64l/region/mgh.res" 1463
"../../../Engine/Content/Internationalization/icudt64l/lang/mgo.res" 1464
"../../../Engine/Content/Internationalization/icudt64l/region/mgo.res" 1465
"../../../Engine/Content/Internationalization/icudt64l/lang/mi.res" 1466
"../../../Engine/Content/Internationalization/icudt64l/region/mi.res" 1467
"../../../Engine/Content/Internationalization/icudt64l/lang/mk.res" 1468
"../../../Engine/Content/Internationalization/icudt64l/region/mk.res" 1469
"../../../Engine/Content/Internationalization/icudt64l/lang/ml.res" 1470
"../../../Engine/Content/Internationalization/icudt64l/region/ml.res" 1471
"../../../Engine/Content/Internationalization/icudt64l/lang/mn.res" 1472
"../../../Engine/Content/Internationalization/icudt64l/region/mn.res" 1473
"../../../Engine/Content/Internationalization/icudt64l/lang/mr.res" 1474
"../../../Engine/Content/Internationalization/icudt64l/region/mr.res" 1475
"../../../Engine/Content/Internationalization/icudt64l/lang/ms.res" 1476
"../../../Engine/Content/Internationalization/icudt64l/region/ms.res" 1477
"../../../Engine/Content/Internationalization/icudt64l/lang/mt.res" 1478
"../../../Engine/Content/Internationalization/icudt64l/region/mt.res" 1479
"../../../Engine/Content/Internationalization/icudt64l/lang/mua.res" 1480
"../../../Engine/Content/Internationalization/icudt64l/region/mua.res" 1481
"../../../Engine/Content/Internationalization/icudt64l/lang/my.res" 1482
"../../../Engine/Content/Internationalization/icudt64l/region/my.res" 1483
"../../../Engine/Content/Internationalization/icudt64l/lang/mzn.res" 1484
"../../../Engine/Content/Internationalization/icudt64l/region/mzn.res" 1485
"../../../Engine/Content/Internationalization/icudt64l/lang/naq.res" 1486
"../../../Engine/Content/Internationalization/icudt64l/region/naq.res" 1487
"../../../Engine/Content/Internationalization/icudt64l/lang/nb.res" 1488
"../../../Engine/Content/Internationalization/icudt64l/lang/nb_NO.res" 1489
"../../../Engine/Content/Internationalization/icudt64l/region/nb_NO.res" 1490
"../../../Engine/Content/Internationalization/icudt64l/region/nb.res" 1491
"../../../Engine/Content/Internationalization/icudt64l/lang/nd.res" 1492
"../../../Engine/Content/Internationalization/icudt64l/region/nd.res" 1493
"../../../Engine/Content/Internationalization/icudt64l/lang/nds.res" 1494
"../../../Engine/Content/Internationalization/icudt64l/region/nds.res" 1495
"../../../Engine/Content/Internationalization/icudt64l/lang/ne.res" 1496
"../../../Engine/Content/Internationalization/icudt64l/region/ne.res" 1497
"../../../Engine/Content/Internationalization/icudt64l/lang/nl.res" 1498
"../../../Engine/Content/Internationalization/icudt64l/region/nl.res" 1499
"../../../Engine/Content/Internationalization/icudt64l/lang/nmg.res" 1500
"../../../Engine/Content/Internationalization/icudt64l/region/nmg.res" 1501
"../../../Engine/Content/Internationalization/icudt64l/lang/nn.res" 1502
"../../../Engine/Content/Internationalization/icudt64l/lang/nn_NO.res" 1503
"../../../Engine/Content/Internationalization/icudt64l/region/nn_NO.res" 1504
"../../../Engine/Content/Internationalization/icudt64l/region/nn.res" 1505
"../../../Engine/Content/Internationalization/icudt64l/lang/nnh.res" 1506
"../../../Engine/Content/Internationalization/icudt64l/region/nnh.res" 1507
"../../../Engine/Content/Internationalization/icudt64l/lang/nus.res" 1508
"../../../Engine/Content/Internationalization/icudt64l/region/nus.res" 1509
"../../../Engine/Content/Internationalization/icudt64l/lang/nyn.res" 1510
"../../../Engine/Content/Internationalization/icudt64l/region/nyn.res" 1511
"../../../Engine/Content/Internationalization/icudt64l/lang/om.res" 1512
"../../../Engine/Content/Internationalization/icudt64l/region/om.res" 1513
"../../../Engine/Content/Internationalization/icudt64l/lang/or.res" 1514
"../../../Engine/Content/Internationalization/icudt64l/region/or.res" 1515
"../../../Engine/Content/Internationalization/icudt64l/lang/os.res" 1516
"../../../Engine/Content/Internationalization/icudt64l/region/os.res" 1517
"../../../Engine/Content/Internationalization/icudt64l/lang/pa.res" 1518
"../../../Engine/Content/Internationalization/icudt64l/lang/pa_Arab.res" 1519
"../../../Engine/Content/Internationalization/icudt64l/lang/pa_PK.res" 1520
"../../../Engine/Content/Internationalization/icudt64l/lang/pa_Arab_PK.res" 1521
"../../../Engine/Content/Internationalization/icudt64l/region/pa_PK.res" 1522
"../../../Engine/Content/Internationalization/icudt64l/region/pa_Arab_PK.res" 1523
"../../../Engine/Content/Internationalization/icudt64l/region/pa_Arab.res" 1524
"../../../Engine/Content/Internationalization/icudt64l/lang/pa_Guru.res" 1525
"../../../Engine/Content/Internationalization/icudt64l/lang/pa_IN.res" 1526
"../../../Engine/Content/Internationalization/icudt64l/lang/pa_Guru_IN.res" 1527
"../../../Engine/Content/Internationalization/icudt64l/region/pa_IN.res" 1528
"../../../Engine/Content/Internationalization/icudt64l/region/pa_Guru_IN.res" 1529
"../../../Engine/Content/Internationalization/icudt64l/region/pa_Guru.res" 1530
"../../../Engine/Content/Internationalization/icudt64l/region/pa.res" 1531
"../../../Engine/Content/Internationalization/icudt64l/lang/pl.res" 1532
"../../../Engine/Content/Internationalization/icudt64l/region/pl.res" 1533
"../../../Engine/Content/Internationalization/icudt64l/lang/ps.res" 1534
"../../../Engine/Content/Internationalization/icudt64l/region/ps.res" 1535
"../../../Engine/Content/Internationalization/icudt64l/lang/ps_PK.res" 1536
"../../../Engine/Content/Internationalization/icudt64l/region/ps_PK.res" 1537
"../../../Engine/Content/Internationalization/icudt64l/lang/pt.res" 1538
"../../../Engine/Content/Internationalization/icudt64l/lang/pt_AO.res" 1539
"../../../Engine/Content/Internationalization/icudt64l/lang/pt_PT.res" 1540
"../../../Engine/Content/Internationalization/icudt64l/region/pt_AO.res" 1541
"../../../Engine/Content/Internationalization/icudt64l/region/pt_PT.res" 1542
"../../../Engine/Content/Internationalization/icudt64l/region/pt.res" 1543
"../../../Engine/Content/Internationalization/icudt64l/lang/pt_CH.res" 1544
"../../../Engine/Content/Internationalization/icudt64l/region/pt_CH.res" 1545
"../../../Engine/Content/Internationalization/icudt64l/lang/pt_CV.res" 1546
"../../../Engine/Content/Internationalization/icudt64l/region/pt_CV.res" 1547
"../../../Engine/Content/Internationalization/icudt64l/lang/pt_GQ.res" 1548
"../../../Engine/Content/Internationalization/icudt64l/region/pt_GQ.res" 1549
"../../../Engine/Content/Internationalization/icudt64l/lang/pt_GW.res" 1550
"../../../Engine/Content/Internationalization/icudt64l/region/pt_GW.res" 1551
"../../../Engine/Content/Internationalization/icudt64l/lang/pt_LU.res" 1552
"../../../Engine/Content/Internationalization/icudt64l/region/pt_LU.res" 1553
"../../../Engine/Content/Internationalization/icudt64l/lang/pt_MO.res" 1554
"../../../Engine/Content/Internationalization/icudt64l/region/pt_MO.res" 1555
"../../../Engine/Content/Internationalization/icudt64l/lang/pt_MZ.res" 1556
"../../../Engine/Content/Internationalization/icudt64l/region/pt_MZ.res" 1557
"../../../Engine/Content/Internationalization/icudt64l/lang/pt_ST.res" 1558
"../../../Engine/Content/Internationalization/icudt64l/region/pt_ST.res" 1559
"../../../Engine/Content/Internationalization/icudt64l/lang/pt_TL.res" 1560
"../../../Engine/Content/Internationalization/icudt64l/region/pt_TL.res" 1561
"../../../Engine/Content/Internationalization/icudt64l/lang/qu.res" 1562
"../../../Engine/Content/Internationalization/icudt64l/region/qu.res" 1563
"../../../Engine/Content/Internationalization/icudt64l/lang/rm.res" 1564
"../../../Engine/Content/Internationalization/icudt64l/region/rm.res" 1565
"../../../Engine/Content/Internationalization/icudt64l/lang/rn.res" 1566
"../../../Engine/Content/Internationalization/icudt64l/region/rn.res" 1567
"../../../Engine/Content/Internationalization/icudt64l/lang/ro.res" 1568
"../../../Engine/Content/Internationalization/icudt64l/lang/ro_MD.res" 1569
"../../../Engine/Content/Internationalization/icudt64l/region/ro_MD.res" 1570
"../../../Engine/Content/Internationalization/icudt64l/region/ro.res" 1571
"../../../Engine/Content/Internationalization/icudt64l/lang/rof.res" 1572
"../../../Engine/Content/Internationalization/icudt64l/region/rof.res" 1573
"../../../Engine/Content/Internationalization/icudt64l/lang/ru.res" 1574
"../../../Engine/Content/Internationalization/icudt64l/region/ru.res" 1575
"../../../Engine/Content/Internationalization/icudt64l/region/ru_UA.res" 1576
"../../../Engine/Content/Internationalization/icudt64l/lang/rw.res" 1577
"../../../Engine/Content/Internationalization/icudt64l/region/rw.res" 1578
"../../../Engine/Content/Internationalization/icudt64l/lang/rwk.res" 1579
"../../../Engine/Content/Internationalization/icudt64l/region/rwk.res" 1580
"../../../Engine/Content/Internationalization/icudt64l/lang/sah.res" 1581
"../../../Engine/Content/Internationalization/icudt64l/region/sah.res" 1582
"../../../Engine/Content/Internationalization/icudt64l/lang/saq.res" 1583
"../../../Engine/Content/Internationalization/icudt64l/region/saq.res" 1584
"../../../Engine/Content/Internationalization/icudt64l/lang/sbp.res" 1585
"../../../Engine/Content/Internationalization/icudt64l/region/sbp.res" 1586
"../../../Engine/Content/Internationalization/icudt64l/lang/sd.res" 1587
"../../../Engine/Content/Internationalization/icudt64l/region/sd.res" 1588
"../../../Engine/Content/Internationalization/icudt64l/lang/se.res" 1589
"../../../Engine/Content/Internationalization/icudt64l/lang/se_FI.res" 1590
"../../../Engine/Content/Internationalization/icudt64l/region/se_FI.res" 1591
"../../../Engine/Content/Internationalization/icudt64l/region/se.res" 1592
"../../../Engine/Content/Internationalization/icudt64l/lang/seh.res" 1593
"../../../Engine/Content/Internationalization/icudt64l/region/seh.res" 1594
"../../../Engine/Content/Internationalization/icudt64l/lang/ses.res" 1595
"../../../Engine/Content/Internationalization/icudt64l/region/ses.res" 1596
"../../../Engine/Content/Internationalization/icudt64l/lang/sg.res" 1597
"../../../Engine/Content/Internationalization/icudt64l/region/sg.res" 1598
"../../../Engine/Content/Internationalization/icudt64l/lang/shi.res" 1599
"../../../Engine/Content/Internationalization/icudt64l/lang/shi_Latn.res" 1600
"../../../Engine/Content/Internationalization/icudt64l/lang/shi_MA.res" 1601
"../../../Engine/Content/Internationalization/icudt64l/lang/shi_Tfng_MA.res" 1602
"../../../Engine/Content/Internationalization/icudt64l/lang/shi_Tfng.res" 1603
"../../../Engine/Content/Internationalization/icudt64l/region/shi_MA.res" 1604
"../../../Engine/Content/Internationalization/icudt64l/region/shi_Tfng_MA.res" 1605
"../../../Engine/Content/Internationalization/icudt64l/region/shi_Tfng.res" 1606
"../../../Engine/Content/Internationalization/icudt64l/region/shi.res" 1607
"../../../Engine/Content/Internationalization/icudt64l/region/shi_Latn.res" 1608
"../../../Engine/Content/Internationalization/icudt64l/lang/si.res" 1609
"../../../Engine/Content/Internationalization/icudt64l/region/si.res" 1610
"../../../Engine/Content/Internationalization/icudt64l/lang/sk.res" 1611
"../../../Engine/Content/Internationalization/icudt64l/region/sk.res" 1612
"../../../Engine/Content/Internationalization/icudt64l/lang/sl.res" 1613
"../../../Engine/Content/Internationalization/icudt64l/region/sl.res" 1614
"../../../Engine/Content/Internationalization/icudt64l/lang/smn.res" 1615
"../../../Engine/Content/Internationalization/icudt64l/region/smn.res" 1616
"../../../Engine/Content/Internationalization/icudt64l/lang/sn.res" 1617
"../../../Engine/Content/Internationalization/icudt64l/region/sn.res" 1618
"../../../Engine/Content/Internationalization/icudt64l/lang/so.res" 1619
"../../../Engine/Content/Internationalization/icudt64l/region/so.res" 1620
"../../../Engine/Content/Internationalization/icudt64l/lang/sq.res" 1621
"../../../Engine/Content/Internationalization/icudt64l/region/sq.res" 1622
"../../../Engine/Content/Internationalization/icudt64l/lang/sr.res" 1623
"../../../Engine/Content/Internationalization/icudt64l/lang/sr_Cyrl.res" 1624
"../../../Engine/Content/Internationalization/icudt64l/lang/sr_BA.res" 1625
"../../../Engine/Content/Internationalization/icudt64l/lang/sr_Cyrl_BA.res" 1626
"../../../Engine/Content/Internationalization/icudt64l/region/sr_BA.res" 1627
"../../../Engine/Content/Internationalization/icudt64l/region/sr_Cyrl_BA.res" 1628
"../../../Engine/Content/Internationalization/icudt64l/region/sr_Cyrl.res" 1629
"../../../Engine/Content/Internationalization/icudt64l/region/sr.res" 1630
"../../../Engine/Content/Internationalization/icudt64l/lang/sr_ME.res" 1631
"../../../Engine/Content/Internationalization/icudt64l/lang/sr_Latn_ME.res" 1632
"../../../Engine/Content/Internationalization/icudt64l/lang/sr_Latn.res" 1633
"../../../Engine/Content/Internationalization/icudt64l/region/sr_ME.res" 1634
"../../../Engine/Content/Internationalization/icudt64l/region/sr_Latn_ME.res" 1635
"../../../Engine/Content/Internationalization/icudt64l/region/sr_Latn.res" 1636
"../../../Engine/Content/Internationalization/icudt64l/lang/sr_Cyrl_ME.res" 1637
"../../../Engine/Content/Internationalization/icudt64l/region/sr_Cyrl_ME.res" 1638
"../../../Engine/Content/Internationalization/icudt64l/lang/sr_RS.res" 1639
"../../../Engine/Content/Internationalization/icudt64l/lang/sr_Cyrl_RS.res" 1640
"../../../Engine/Content/Internationalization/icudt64l/region/sr_RS.res" 1641
"../../../Engine/Content/Internationalization/icudt64l/region/sr_Cyrl_RS.res" 1642
"../../../Engine/Content/Internationalization/icudt64l/lang/sr_XK.res" 1643
"../../../Engine/Content/Internationalization/icudt64l/lang/sr_Cyrl_XK.res" 1644
"../../../Engine/Content/Internationalization/icudt64l/region/sr_XK.res" 1645
"../../../Engine/Content/Internationalization/icudt64l/region/sr_Cyrl_XK.res" 1646
"../../../Engine/Content/Internationalization/icudt64l/lang/sr_Latn_BA.res" 1647
"../../../Engine/Content/Internationalization/icudt64l/region/sr_Latn_BA.res" 1648
"../../../Engine/Content/Internationalization/icudt64l/lang/sr_Latn_RS.res" 1649
"../../../Engine/Content/Internationalization/icudt64l/region/sr_Latn_RS.res" 1650
"../../../Engine/Content/Internationalization/icudt64l/lang/sr_Latn_XK.res" 1651
"../../../Engine/Content/Internationalization/icudt64l/region/sr_Latn_XK.res" 1652
"../../../Engine/Content/Internationalization/icudt64l/lang/sv.res" 1653
"../../../Engine/Content/Internationalization/icudt64l/region/sv.res" 1654
"../../../Engine/Content/Internationalization/icudt64l/lang/sv_FI.res" 1655
"../../../Engine/Content/Internationalization/icudt64l/lang/sw.res" 1656
"../../../Engine/Content/Internationalization/icudt64l/lang/sw_CD.res" 1657
"../../../Engine/Content/Internationalization/icudt64l/region/sw_CD.res" 1658
"../../../Engine/Content/Internationalization/icudt64l/region/sw.res" 1659
"../../../Engine/Content/Internationalization/icudt64l/lang/sw_KE.res" 1660
"../../../Engine/Content/Internationalization/icudt64l/region/sw_KE.res" 1661
"../../../Engine/Content/Internationalization/icudt64l/lang/ta.res" 1662
"../../../Engine/Content/Internationalization/icudt64l/region/ta.res" 1663
"../../../Engine/Content/Internationalization/icudt64l/lang/te.res" 1664
"../../../Engine/Content/Internationalization/icudt64l/region/te.res" 1665
"../../../Engine/Content/Internationalization/icudt64l/lang/teo.res" 1666
"../../../Engine/Content/Internationalization/icudt64l/region/teo.res" 1667
"../../../Engine/Content/Internationalization/icudt64l/lang/tg.res" 1668
"../../../Engine/Content/Internationalization/icudt64l/region/tg.res" 1669
"../../../Engine/Content/Internationalization/icudt64l/lang/th.res" 1670
"../../../Engine/Content/Internationalization/icudt64l/lang/th_TH.res" 1671
"../../../Engine/Content/Internationalization/icudt64l/region/th_TH.res" 1672
"../../../Engine/Content/Internationalization/icudt64l/region/th.res" 1673
"../../../Engine/Content/Internationalization/icudt64l/lang/ti.res" 1674
"../../../Engine/Content/Internationalization/icudt64l/region/ti.res" 1675
"../../../Engine/Content/Internationalization/icudt64l/lang/tk.res" 1676
"../../../Engine/Content/Internationalization/icudt64l/region/tk.res" 1677
"../../../Engine/Content/Internationalization/icudt64l/lang/to.res" 1678
"../../../Engine/Content/Internationalization/icudt64l/region/to.res" 1679
"../../../Engine/Content/Internationalization/icudt64l/lang/tr.res" 1680
"../../../Engine/Content/Internationalization/icudt64l/region/tr.res" 1681
"../../../Engine/Content/Internationalization/icudt64l/lang/tt.res" 1682
"../../../Engine/Content/Internationalization/icudt64l/region/tt.res" 1683
"../../../Engine/Content/Internationalization/icudt64l/lang/twq.res" 1684
"../../../Engine/Content/Internationalization/icudt64l/region/twq.res" 1685
"../../../Engine/Content/Internationalization/icudt64l/lang/tzm.res" 1686
"../../../Engine/Content/Internationalization/icudt64l/region/tzm.res" 1687
"../../../Engine/Content/Internationalization/icudt64l/lang/ug.res" 1688
"../../../Engine/Content/Internationalization/icudt64l/region/ug.res" 1689
"../../../Engine/Content/Internationalization/icudt64l/lang/uk.res" 1690
"../../../Engine/Content/Internationalization/icudt64l/region/uk.res" 1691
"../../../Engine/Content/Internationalization/icudt64l/lang/ur.res" 1692
"../../../Engine/Content/Internationalization/icudt64l/lang/ur_IN.res" 1693
"../../../Engine/Content/Internationalization/icudt64l/region/ur_IN.res" 1694
"../../../Engine/Content/Internationalization/icudt64l/region/ur.res" 1695
"../../../Engine/Content/Internationalization/icudt64l/lang/uz.res" 1696
"../../../Engine/Content/Internationalization/icudt64l/lang/uz_Arab.res" 1697
"../../../Engine/Content/Internationalization/icudt64l/lang/uz_AF.res" 1698
"../../../Engine/Content/Internationalization/icudt64l/lang/uz_Arab_AF.res" 1699
"../../../Engine/Content/Internationalization/icudt64l/region/uz_AF.res" 1700
"../../../Engine/Content/Internationalization/icudt64l/region/uz_Arab_AF.res" 1701
"../../../Engine/Content/Internationalization/icudt64l/region/uz_Arab.res" 1702
"../../../Engine/Content/Internationalization/icudt64l/lang/uz_Cyrl.res" 1703
"../../../Engine/Content/Internationalization/icudt64l/lang/uz_UZ.res" 1704
"../../../Engine/Content/Internationalization/icudt64l/lang/uz_Latn_UZ.res" 1705
"../../../Engine/Content/Internationalization/icudt64l/lang/uz_Latn.res" 1706
"../../../Engine/Content/Internationalization/icudt64l/region/uz_UZ.res" 1707
"../../../Engine/Content/Internationalization/icudt64l/region/uz_Latn_UZ.res" 1708
"../../../Engine/Content/Internationalization/icudt64l/region/uz_Latn.res" 1709
"../../../Engine/Content/Internationalization/icudt64l/region/uz.res" 1710
"../../../Engine/Content/Internationalization/icudt64l/region/uz_Cyrl.res" 1711
"../../../Engine/Content/Internationalization/icudt64l/lang/vai.res" 1712
"../../../Engine/Content/Internationalization/icudt64l/lang/vai_Latn.res" 1713
"../../../Engine/Content/Internationalization/icudt64l/lang/vai_LR.res" 1714
"../../../Engine/Content/Internationalization/icudt64l/lang/vai_Vaii_LR.res" 1715
"../../../Engine/Content/Internationalization/icudt64l/lang/vai_Vaii.res" 1716
"../../../Engine/Content/Internationalization/icudt64l/region/vai_LR.res" 1717
"../../../Engine/Content/Internationalization/icudt64l/region/vai_Vaii_LR.res" 1718
"../../../Engine/Content/Internationalization/icudt64l/region/vai_Vaii.res" 1719
"../../../Engine/Content/Internationalization/icudt64l/region/vai.res" 1720
"../../../Engine/Content/Internationalization/icudt64l/region/vai_Latn.res" 1721
"../../../Engine/Content/Internationalization/icudt64l/lang/vi.res" 1722
"../../../Engine/Content/Internationalization/icudt64l/region/vi.res" 1723
"../../../Engine/Content/Internationalization/icudt64l/lang/vun.res" 1724
"../../../Engine/Content/Internationalization/icudt64l/region/vun.res" 1725
"../../../Engine/Content/Internationalization/icudt64l/lang/wae.res" 1726
"../../../Engine/Content/Internationalization/icudt64l/region/wae.res" 1727
"../../../Engine/Content/Internationalization/icudt64l/lang/wo.res" 1728
"../../../Engine/Content/Internationalization/icudt64l/region/wo.res" 1729
"../../../Engine/Content/Internationalization/icudt64l/lang/xh.res" 1730
"../../../Engine/Content/Internationalization/icudt64l/region/xh.res" 1731
"../../../Engine/Content/Internationalization/icudt64l/lang/xog.res" 1732
"../../../Engine/Content/Internationalization/icudt64l/region/xog.res" 1733
"../../../Engine/Content/Internationalization/icudt64l/lang/yav.res" 1734
"../../../Engine/Content/Internationalization/icudt64l/region/yav.res" 1735
"../../../Engine/Content/Internationalization/icudt64l/lang/yi.res" 1736
"../../../Engine/Content/Internationalization/icudt64l/region/yi.res" 1737
"../../../Engine/Content/Internationalization/icudt64l/lang/yo.res" 1738
"../../../Engine/Content/Internationalization/icudt64l/lang/yo_BJ.res" 1739
"../../../Engine/Content/Internationalization/icudt64l/region/yo_BJ.res" 1740
"../../../Engine/Content/Internationalization/icudt64l/region/yo.res" 1741
"../../../Engine/Content/Internationalization/icudt64l/lang/yue.res" 1742
"../../../Engine/Content/Internationalization/icudt64l/lang/yue_Hans.res" 1743
"../../../Engine/Content/Internationalization/icudt64l/lang/yue_CN.res" 1744
"../../../Engine/Content/Internationalization/icudt64l/lang/yue_Hans_CN.res" 1745
"../../../Engine/Content/Internationalization/icudt64l/region/yue_CN.res" 1746
"../../../Engine/Content/Internationalization/icudt64l/region/yue_Hans_CN.res" 1747
"../../../Engine/Content/Internationalization/icudt64l/region/yue_Hans.res" 1748
"../../../Engine/Content/Internationalization/icudt64l/lang/yue_Hant.res" 1749
"../../../Engine/Content/Internationalization/icudt64l/lang/yue_HK.res" 1750
"../../../Engine/Content/Internationalization/icudt64l/lang/yue_Hant_HK.res" 1751
"../../../Engine/Content/Internationalization/icudt64l/region/yue_HK.res" 1752
"../../../Engine/Content/Internationalization/icudt64l/region/yue_Hant_HK.res" 1753
"../../../Engine/Content/Internationalization/icudt64l/region/yue_Hant.res" 1754
"../../../Engine/Content/Internationalization/icudt64l/region/yue.res" 1755
"../../../Engine/Content/Internationalization/icudt64l/lang/zgh.res" 1756
"../../../Engine/Content/Internationalization/icudt64l/region/zgh.res" 1757
"../../../Engine/Content/Internationalization/icudt64l/lang/zh.res" 1758
"../../../Engine/Content/Internationalization/icudt64l/lang/zh_Hans.res" 1759
"../../../Engine/Content/Internationalization/icudt64l/lang/zh_CN.res" 1760
"../../../Engine/Content/Internationalization/icudt64l/lang/zh_Hans_CN.res" 1761
"../../../Engine/Content/Internationalization/icudt64l/region/zh_CN.res" 1762
"../../../Engine/Content/Internationalization/icudt64l/region/zh_Hans_CN.res" 1763
"../../../Engine/Content/Internationalization/icudt64l/region/zh_Hans.res" 1764
"../../../Engine/Content/Internationalization/icudt64l/region/zh.res" 1765
"../../../Engine/Content/Internationalization/icudt64l/lang/zh_HK.res" 1766
"../../../Engine/Content/Internationalization/icudt64l/lang/zh_Hant_HK.res" 1767
"../../../Engine/Content/Internationalization/icudt64l/lang/zh_Hant.res" 1768
"../../../Engine/Content/Internationalization/icudt64l/region/zh_HK.res" 1769
"../../../Engine/Content/Internationalization/icudt64l/region/zh_Hant_HK.res" 1770
"../../../Engine/Content/Internationalization/icudt64l/region/zh_Hant.res" 1771
"../../../Engine/Content/Internationalization/icudt64l/lang/zh_MO.res" 1772
"../../../Engine/Content/Internationalization/icudt64l/lang/zh_Hant_MO.res" 1773
"../../../Engine/Content/Internationalization/icudt64l/region/zh_MO.res" 1774
"../../../Engine/Content/Internationalization/icudt64l/region/zh_Hant_MO.res" 1775
"../../../Engine/Content/Internationalization/icudt64l/lang/zh_SG.res" 1776
"../../../Engine/Content/Internationalization/icudt64l/lang/zh_Hans_SG.res" 1777
"../../../Engine/Content/Internationalization/icudt64l/region/zh_SG.res" 1778
"../../../Engine/Content/Internationalization/icudt64l/region/zh_Hans_SG.res" 1779
"../../../Engine/Content/Internationalization/icudt64l/lang/zh_TW.res" 1780
"../../../Engine/Content/Internationalization/icudt64l/lang/zh_Hant_TW.res" 1781
"../../../Engine/Content/Internationalization/icudt64l/region/zh_TW.res" 1782
"../../../Engine/Content/Internationalization/icudt64l/region/zh_Hant_TW.res" 1783
"../../../Engine/Content/Internationalization/icudt64l/lang/zu.res" 1784
"../../../Engine/Content/Internationalization/icudt64l/region/zu.res" 1785
"../../../Engine/Content/Internationalization/icudt64l/lang/no.res" 1786
"../../../Engine/Content/Internationalization/icudt64l/lang/tl.res" 1787
"../../../Engine/Config/Android/DataDrivenPlatformInfo.ini" 1788
"../../../Engine/Config/IOS/DataDrivenPlatformInfo.ini" 1789
"../../../Engine/Config/Linux/DataDrivenPlatformInfo.ini" 1790
"../../../Engine/Config/LinuxArm64/DataDrivenPlatformInfo.ini" 1791
"../../../Engine/Config/Mac/DataDrivenPlatformInfo.ini" 1792
"../../../Engine/Config/TVOS/DataDrivenPlatformInfo.ini" 1793
"../../../Engine/Config/Unix/DataDrivenPlatformInfo.ini" 1794
"../../../Engine/Config/VulkanPC/DataDrivenPlatformInfo.ini" 1795
"../../../Engine/Config/Windows/DataDrivenPlatformInfo.ini" 1796
"../../../Engine/Platforms/VisionOS/Config/DataDrivenPlatformInfo.ini" 1797
"../../../Engine/DerivedDataCache/Compressed.ddp" 1798
"C:/Users/win11/AppData/Local/UnrealEngine/5.4/Saved/Zen/zen.version" 1799
"C:/Users/win11/AppData/Local/UnrealEngine/Common/Zen/Install/zen.version" 1800
"C:/Users/win11/AppData/Local/UnrealEngine/Common/Zen/Install/zenserver.runcontext" 1801
"C:/Users/win11/AppData/Local/UnrealEngine/Common/DerivedDataCache/TestData/0/TestData_4kb.dat" 1802
"C:/Users/win11/AppData/Local/UnrealEngine/Common/DerivedDataCache/TestData/1/TestData_4kb.dat" 1803
"C:/Users/win11/AppData/Local/UnrealEngine/Common/DerivedDataCache/TestData/0/TestData_8kb.dat" 1804
"C:/Users/win11/AppData/Local/UnrealEngine/Common/DerivedDataCache/TestData/1/TestData_8kb.dat" 1805
"C:/Users/win11/AppData/Local/UnrealEngine/Common/DerivedDataCache/TestData/0/TestData_16kb.dat" 1806
"C:/Users/win11/AppData/Local/UnrealEngine/Common/DerivedDataCache/TestData/1/TestData_16kb.dat" 1807
"C:/Users/win11/AppData/Local/UnrealEngine/Common/DerivedDataCache/TestData/0/TestData_64kb.dat" 1808
"C:/Users/win11/AppData/Local/UnrealEngine/Common/DerivedDataCache/TestData/1/TestData_64kb.dat" 1809
"C:/Users/win11/AppData/Local/UnrealEngine/Common/DerivedDataCache/TestData/0/TestData_128kb.dat" 1810
"C:/Users/win11/AppData/Local/UnrealEngine/Common/DerivedDataCache/TestData/1/TestData_128kb.dat" 1811
"C:/Users/win11/AppData/Local/UnrealEngine/Common/DerivedDataCache/TestData/0/TestData_256kb.dat" 1812
"C:/Users/win11/AppData/Local/UnrealEngine/Common/DerivedDataCache/TestData/1/TestData_256kb.dat" 1813
"../../../../../../Users/win11/Documents/GitHub/the-last-check-in/Intermediate/ShaderAutogen/PCD3D_SM5/AutogenShaderHeaders.ush" 1814
"../../../Engine/Plugins/FX/Niagara/Shaders/Private/NiagaraSpriteVertexFactory.ush" 1815
"../../../Engine/Shaders/Private/VertexFactoryCommon.ush" 1816
"../../../Engine/Shaders/Private/Common.ush" 1817
"../../../Engine/Shaders/Public/Platform.ush" 1818
"../../../Engine/Shaders/Public/FP16Math.ush" 1819
"../../../Engine/Shaders/Public/Platform/D3D/D3DCommon.ush" 1820
"../../../Engine/Shaders/Shared/HLSLReservedSpaces.h" 1821
"../../../Engine/Shaders/Public/BindlessResources.ush" 1822
"../../../Engine/Shaders/Public/OverloadMacros.ush" 1823
"../../../Engine/Shaders/Public/ShaderVersion.ush" 1824
"../../../Engine/Shaders/Private/PackUnpack.ush" 1825
"../../../Engine/Shaders/Private/GeneratedUniformBufferTypes.ush" 1826
"../../../Engine/Shaders/Private/Nanite/NanitePackedNaniteView.ush" 1827
"../../../Engine/Shaders/Private/HairStrands/HairStrandsVisibilityCommonStruct.ush" 1828
"../../../Engine/Shaders/Private/HairStrands/HairStrandsVoxelPageCommonStruct.ush" 1829
"../../../Engine/Shaders/Private/HairStrands/HairStrandsDeepShadowCommonStruct.ush" 1830
"../../../Engine/Shaders/Shared/LightSceneData.h" 1831
"../../../Engine/Shaders/Shared/HLSLTypeAliases.h" 1832
"../../../Engine/Shaders/Private/LargeWorldCoordinates.ush" 1833
"../../../Engine/Shaders/Private/DoubleFloat.ush" 1834
"../../../Engine/Shaders/Private/DoubleFloatOperations.ush" 1835
"../../../Engine/Shaders/Private/DoubleFloatVectorDefinition.ush" 1836
"../../../Engine/Shaders/Private/LWCOperations.ush" 1837
"../../../Engine/Shaders/Private/CommonViewUniformBuffer.ush" 1838
"../../../Engine/Shaders/Private/InstancedStereo.ush" 1839
"../../../Engine/Shaders/Private/Definitions.usf" 1840
"../../../Engine/Shaders/Private/AssertionMacros.ush" 1841
"../../../Engine/Shaders/Private/FastMath.ush" 1842
"../../../Engine/Shaders/Private/FastMathThirdParty.ush" 1843
"../../../Engine/Shaders/Private/Random.ush" 1844
"../../../Engine/Shaders/Private/SceneData.ush" 1845
"../../../Engine/Shaders/Private/OctahedralCommon.ush" 1846
"../../../Engine/Shaders/Private/WaveOpUtil.ush" 1847
"../../../Engine/Shaders/Shared/SceneDefinitions.h" 1848
"../../../Engine/Shaders/Private/SceneDataMobileLoader.ush" 1849
"../../../Engine/Shaders/Private/ParticleVertexFactoryCommon.ush" 1850
"../../../Engine/Plugins/FX/Niagara/Shaders/Private/NiagaraVFCommon.usf" 1851
"../../../Engine/Plugins/FX/Niagara/Shaders/Private/NiagaraVFParticleAccess.usf" 1852
"../../../Engine/Plugins/FX/Niagara/Shaders/Private/NiagaraParticleAccess.ush" 1853
"../../../Engine/Shaders/Private/VertexFactoryDefaultInterface.ush" 1854
"../../../Engine/Plugins/FX/Niagara/Shaders/Private/NiagaraRibbonVertexFactory.ush" 1855
"../../../Engine/Plugins/FX/Niagara/Shaders/Private/NiagaraMeshVertexFactory.ush" 1856
"../../../Engine/Plugins/FX/Niagara/Shaders/Private/NiagaraCommon.ush" 1857
"../../../Engine/Plugins/FX/Niagara/Shaders/Private/NiagaraMeshParticleUtils.ush" 1858
"../../../Engine/Shaders/Private/RayTracing/RayTracingCommon.ush" 1859
"../../../Engine/Shaders/Private/ShadingCommon.ush" 1860
"../../../Engine/Shaders/Shared/RayTracingDefinitions.h" 1861
"../../../Engine/Shaders/Shared/RayTracingPayloadType.h" 1862
"../../../Engine/Shaders/Shared/HLSLStaticAssert.h" 1863
"../../../Engine/Shaders/Private/RayTracing/RayTracingRayCone.ush" 1864
"../../../Engine/Shaders/Private/Substrate/Substrate.ush" 1865
"../../../Engine/Shaders/Private/ShadingEnergyConservation.ush" 1866
"../../../Engine/Shaders/Private/ShadingEnergyConservationTemplate.ush" 1867
"../../../Engine/Shaders/Private/BRDF.ush" 1868
"../../../Engine/Shaders/Private/ColorSpace.ush" 1869
"../../../Engine/Shaders/Private/DeferredShadingCommon.ush" 1870
"../../../Engine/Shaders/Private/LightAccumulator.ush" 1871
"../../../Engine/Shaders/Private/SceneTexturesCommon.ush" 1872
"../../../Engine/Shaders/Private/MonteCarlo.ush" 1873
"../../../Engine/Shaders/Private/GBufferHelpers.ush" 1874
"../../../Engine/Shaders/Private/SceneTextureParameters.ush" 1875
"C:/Users/win11/Documents/GitHub/the-last-check-in/Intermediate/ShaderAutogen/PCD3D_SM5/AutogenShaderHeaders.ush" 1876
"../../../Engine/Shaders/Private/ParticipatingMediaCommon.ush" 1877
"../../../Engine/Shaders/Private/ThinFilmBSDF.ush" 1878
"../../../Engine/Shaders/Private/MortonCode.ush" 1879
"../../../Engine/Shaders/Private/SubsurfaceProfileCommon.ush" 1880
"../../../Engine/Shaders/Private/BurleyNormalizedSSSCommon.ush" 1881
"../../../Engine/Shaders/Private/GammaCorrectionCommon.ush" 1882
"../../../Engine/Shaders/Shared/SubstrateDefinitions.h" 1883
"../../../Engine/Shaders/Private/Substrate/SubstrateStatisticalOperators.ush" 1884
"../../../Engine/Shaders/Private/Substrate/SubstrateSubsurface.ush" 1885
"../../../Engine/Shaders/Private/TransmissionCommon.ush" 1886
"../../../Engine/Shaders/Private/RayTracing/RayTracingCommonMetal.ush" 1887
"../../../Engine/Shaders/Private/PositionReconstructionCommon.ush" 1888
"../../../Engine/Shaders/Private/RayTracing/TraceRayInline.ush" 1889
"../../../Engine/Shaders/Private/RayTracing/TraceRayInlineCommon.ush" 1890
"../../../Engine/Shaders/Private/RayTracing/TraceRayInlineVulkan.ush" 1891
"../../../Engine/Shaders/Private/RayTracing/TraceRayInlineMetal.ush" 1892
"../../../Engine/Shaders/Private/RayTracing/RayTracingHitGroupCommon.ush" 1893
"../../../Engine/Shaders/Shared/RayTracingBuiltInResources.h" 1894
"../../../Engine/Shaders/Private/Nanite/NaniteDataDecode.ush" 1895
"../../../Engine/Shaders/Private/BitPacking.ush" 1896
"../../../Engine/Shaders/Private/BitStreamReaderImplementation.ush" 1897
"../../../Engine/Shaders/Shared/NaniteDefinitions.h" 1898
"../../../Engine/Shaders/Private/Nanite/NaniteAttributeDecode.ush" 1899
"../../../Engine/Shaders/Private/Barycentrics.ush" 1900
"../../../Engine/Shaders/Private/DualNumber.ush" 1901
"../../../Engine/Shaders/Private/VectorFieldVisualizationVertexFactory.ush" 1902
"../../../Engine/Shaders/Private/Nanite/NaniteVertexFactory.ush" 1903
"../../../Engine/Shaders/Private/LightmapData.ush" 1904
"../../../Engine/Shaders/Private/SplineMeshCommon.ush" 1905
"../../../Engine/Shaders/Shared/SplineMeshShaderParams.h" 1906
"../../../Engine/Shaders/Private/Quaternion.ush" 1907
"../../../Engine/Shaders/Private/ShaderPrint.ush" 1908
"../../../Engine/Shaders/Private/ShaderPrintCommon.ush" 1909
"../../../Engine/Shaders/Private/MiniFontCommon.ush" 1910
"../../../Engine/Shaders/Private/Nanite/NaniteVertexDeformation.ush" 1911
"../../../Engine/Shaders/Private/ParticleSpriteVertexFactory.ush" 1912
"../../../Engine/Shaders/Private/ParticleGPUSpriteVertexFactory.ush" 1913
"../../../Engine/Shaders/Private/ParticleSimulationCommon.ush" 1914
"../../../Engine/Shaders/Private/ParticleBeamTrailVertexFactory.ush" 1915
"../../../Engine/Shaders/Private/MeshParticleVertexFactory.ush" 1916
"../../../Engine/Shaders/Private/LocalVertexFactory.ush" 1917
"../../../Engine/Shaders/Private/LocalVertexFactoryCommon.ush" 1918
"../../../Engine/Shaders/Private/GpuSkinCommon.ush" 1919
"../../../Engine/Shaders/Private/GpuSkinVertexFactory.ush" 1920
"../../../Engine/Shaders/Private/GeometryCollectionVertexFactory.ush" 1921
"../../../Engine/Shaders/Private/GeometryCacheVertexFactory.ush" 1922
"../../../Engine/Shaders/Private/LandscapeVertexFactory.ush" 1923
"../../../Engine/Plugins/Enterprise/GLTFExporter/Shaders/Private/SimpleTexture2DPS.usf" 1924
"../../../Engine/Shaders/Private/SimpleElementNormalMapPixelShader.usf" 1925
"../../../Engine/Plugins/Media/WmfMedia/Shaders/Private/MediaHardwareVideoDecoding.usf" 1926
"../../../Engine/Shaders/Private/ColorUtils.ush" 1927
"../../../Engine/Plugins/Media/ImgMedia/Shaders/Private/ExrSwizzler.usf" 1928
"../../../Engine/Plugins/FX/Niagara/Shaders/Private/Stateless/NiagaraStatelessSimulationExample1.usf" 1929
"../../../Engine/Plugins/FX/Niagara/Shaders/Private/Stateless/NiagaraStatelessSimulationTemplate.ush" 1930
"../../../Engine/Plugins/FX/Niagara/Shaders/Private/Stateless/NiagaraStatelessCommon.ush" 1931
"../../../Engine/Plugins/FX/Niagara/Shaders/Private/NiagaraQuaternionUtils.ush" 1932
"../../../Engine/Plugins/FX/Niagara/Shaders/Private/Stateless/NiagaraStatelessDistribution.ush" 1933
"../../../Engine/Plugins/FX/Niagara/Shaders/Private/Stateless/Modules/NiagaraStatelessModule_CalculateAccurateVelocity.ush" 1934
"../../../Engine/Plugins/FX/Niagara/Shaders/Private/Stateless/Modules/NiagaraStatelessModule_CameraOffset.ush" 1935
"../../../Engine/Plugins/FX/Niagara/Shaders/Private/Stateless/Modules/NiagaraStatelessModule_DynamicMaterialParameters.ush" 1936
"../../../Engine/Plugins/FX/Niagara/Shaders/Private/Stateless/Modules/NiagaraStatelessModule_InitializeParticle.ush" 1937
"../../../Engine/Plugins/FX/Niagara/Shaders/Private/Stateless/Modules/NiagaraStatelessModule_InitialMeshOrientation.ush" 1938
"../../../Engine/Plugins/FX/Niagara/Shaders/Private/Stateless/Modules/NiagaraStatelessModule_MeshIndex.ush" 1939
"../../../Engine/Plugins/FX/Niagara/Shaders/Private/Stateless/Modules/NiagaraStatelessModule_MeshRotationRate.ush" 1940
"../../../Engine/Plugins/FX/Niagara/Shaders/Private/Stateless/Modules/NiagaraStatelessModule_RotateAroundPoint.ush" 1941
"../../../Engine/Plugins/FX/Niagara/Shaders/Private/Stateless/Modules/NiagaraStatelessModule_ShapeLocation.ush" 1942
"../../../Engine/Plugins/FX/Niagara/Shaders/Private/Stateless/Modules/NiagaraStatelessModule_ScaleColor.ush" 1943
"../../../Engine/Plugins/FX/Niagara/Shaders/Private/Stateless/Modules/NiagaraStatelessModule_ScaleSpriteSize.ush" 1944
"../../../Engine/Plugins/FX/Niagara/Shaders/Private/Stateless/Modules/NiagaraStatelessModule_ScaleSpriteSizeBySpeed.ush" 1945
"../../../Engine/Plugins/FX/Niagara/Shaders/Private/Stateless/Modules/NiagaraStatelessModule_ScaleMeshSize.ush" 1946
"../../../Engine/Plugins/FX/Niagara/Shaders/Private/Stateless/Modules/NiagaraStatelessModule_ScaleMeshSizebySpeed.ush" 1947
"../../../Engine/Plugins/FX/Niagara/Shaders/Private/Stateless/Modules/NiagaraStatelessModule_SolveVelocitiesAndForces.ush" 1948
"../../../Engine/Plugins/FX/Niagara/Shaders/Private/Stateless/Modules/NiagaraStatelessModule_SpriteFacingAndAlignment.ush" 1949
"../../../Engine/Plugins/FX/Niagara/Shaders/Private/Stateless/Modules/NiagaraStatelessModule_SpriteRotationRate.ush" 1950
"../../../Engine/Plugins/FX/Niagara/Shaders/Private/Stateless/Modules/NiagaraStatelessModule_SubUVAnimation.ush" 1951
"../../../Engine/Plugins/FX/Niagara/Shaders/Private/Stateless/NiagaraStatelessSimulationDefault.usf" 1952
"../../../Engine/Plugins/FX/Niagara/Shaders/Private/NiagaraSVTToDenseBuffer.usf" 1953
"../../../Engine/Shaders/Private/SparseVolumeTexture/SparseVolumeTextureCommon.ush" 1954
"../../../Engine/Plugins/FX/Niagara/Shaders/Private/NiagaraFillIntBuffer.usf" 1955
"../../../Engine/Plugins/FX/Niagara/Shaders/Private/NiagaraComputeFreeIDs.usf" 1956
"../../../Engine/Plugins/FX/Niagara/Shaders/Private/NiagaraInitFreeIDBuffer.usf" 1957
"../../../Engine/Plugins/FX/Niagara/Shaders/Private/NiagaraEmitterInstanceShader.usf" 1958
"../../../Engine/Plugins/FX/Niagara/Shaders/Private/NiagaraShaderVersion.ush" 1959
"../../../Engine/Shaders/Private/DistanceField/GlobalDistanceFieldShared.ush" 1960
"../../../Engine/Plugins/FX/Niagara/Shaders/Private/NiagaraPhysicsCommon.ush" 1961
"../../../Engine/Plugins/FX/Niagara/Shaders/Private/Ribbons/NiagaraRibbonGenerateIndices.usf" 1962
"../../../Engine/Plugins/FX/Niagara/Shaders/Private/Ribbons/NiagaraRibbonCommon.ush" 1963
"../../../Engine/Plugins/FX/Niagara/Shaders/Private/Ribbons/NiagaraRibbonInitializeIndices.usf" 1964
"../../../Engine/Plugins/FX/Niagara/Shaders/Private/Ribbons/NiagaraRibbonRibbonUVParamCalculation.usf" 1965
"../../../Engine/Plugins/FX/Niagara/Shaders/Private/Ribbons/NiagaraRibbonVertexReductionFinalization.usf" 1966
"../../../Engine/Plugins/FX/Niagara/Shaders/Private/Ribbons/NiagaraRibbonVertexReductionPropagation.usf" 1967
"../../../Engine/Plugins/FX/Niagara/Shaders/Private/Ribbons/NiagaraRibbonVertexReductionInitialization.usf" 1968
"../../../Engine/Plugins/FX/Niagara/Shaders/Private/Ribbons/NiagaraRibbonSortParticles.usf" 1969
"../../../Engine/Plugins/FX/Niagara/Shaders/Private/NiagaraUpdateMeshGPUSceneInstances.usf" 1970
"../../../Engine/Shaders/Private/ComputeShaderUtils.ush" 1971
"../../../Engine/Shaders/Private/GPUScene/GPUSceneWriter.ush" 1972
"../../../Engine/Plugins/FX/Niagara/Shaders/Private/NiagaraGenerateMips.usf" 1973
"../../../Engine/Plugins/FX/Niagara/Shaders/Private/NiagaraDebugDraw.usf" 1974
"../../../Engine/Plugins/FX/Niagara/Shaders/Private/NiagaraDebugDraw.ush" 1975
"../../../Engine/Plugins/FX/Niagara/Shaders/Private/NiagaraVisualizeTexture.usf" 1976
"../../../Engine/Plugins/FX/Niagara/Shaders/Private/NiagaraClearCounts.usf" 1977
"../../../Engine/Plugins/FX/Niagara/Shaders/Private/NiagaraBatchedElements.usf" 1978
"../../../Engine/Plugins/FX/Niagara/Shaders/Private/NiagaraRayTracingShaders.usf" 1979
"../../../Engine/Plugins/FX/Niagara/Shaders/Private/NiagaraAsyncGpuTraceCommon.ush" 1980
"../../../Engine/Shaders/Private/HashTable.ush" 1981
"../../../Engine/Shaders/Private/Hash.ush" 1982
"../../../Engine/Shaders/Private/RayTracing/VFXTraceRay.ush" 1983
"../../../Engine/Plugins/FX/Niagara/Shaders/Private/NiagaraRayMarchingShaders.usf" 1984
"../../../Engine/Plugins/FX/Niagara/Shaders/Private/NiagaraRayTraceCollisionGroupShaders.usf" 1985
"../../../Engine/Plugins/FX/Niagara/Shaders/Private/NiagaraAsyncGpuTraceUtils.usf" 1986
"../../../Engine/Plugins/FX/Niagara/Shaders/Private/NiagaraSortKeyGen.usf" 1987
"../../../Engine/Plugins/FX/Niagara/Shaders/Private/NiagaraGPURayTracingTransforms.usf" 1988
"../../../Engine/Plugins/FX/Niagara/Shaders/Private/NiagaraDrawIndirectArgsGen.usf" 1989
"../../../Engine/Plugins/FX/Niagara/Shaders/Private/NiagaraDispatchIndirectArgsGen.usf" 1990
"../../../Engine/Shaders/Private/TranslucentLightingShaders.usf" 1991
"../../../Engine/Shaders/Private/SHCommon.ush" 1992
"../../../Engine/Shaders/Private/ShadowProjectionCommon.ush" 1993
"../../../Engine/Shaders/Private/CubemapCommon.ush" 1994
"../../../Engine/Shaders/Private/VectorFieldCompositeShaders.usf" 1995
"../../../Engine/Shaders/Private/UpdateTextureShaders.usf" 1996
"../../../Engine/Shaders/Private/StereoLayerShader.usf" 1997
"../../../Engine/Shaders/Private/SparseVolumeTexture/UpdateSparseVolumeTexture.usf" 1998
"../../../Engine/Shaders/Private/MorphTargets.usf" 1999
"../../../Engine/Shaders/Private/SimpleElementColorChannelMaskPixelShader.usf" 2000
"../../../Engine/Shaders/Private/SimpleElementHitProxyPixelShader.usf" 2001
"../../../Engine/Shaders/Private/SimpleElementPixelShader.usf" 2002
"../../../Engine/Shaders/Private/IESLightProfilesCommon.ush" 2003
"../../../Engine/Shaders/Private/SimpleElementVertexShader.usf" 2004
"../../../Engine/Shaders/Private/ScreenPixelShaderOES.usf" 2005
"../../../Engine/Shaders/Private/ScreenVertexShader.usf" 2006
"../../../Engine/Shaders/Private/ScreenPixelShader.usf" 2007
"../../../Engine/Shaders/Private/SSProfilePreIntegratedMobile.usf" 2008
"../../../Engine/Shaders/Private/SpecularProfile.usf" 2009
"../../../Engine/Shaders/Private/Nanite/NaniteStreaming.usf" 2010
"../../../Engine/Shaders/Private/Nanite/NaniteStreaming.ush" 2011
"../../../Engine/Shaders/Private/Nanite/NaniteTranscode.usf" 2012
"../../../Engine/Shaders/Private/VolumetricLightmapStreaming.usf" 2013
"../../../Engine/Shaders/Private/PhysicsFieldReset.usf" 2014
"../../../Engine/Shaders/Private/PhysicsFieldBuilder.usf" 2015
"../../../Engine/Shaders/Private/PhysicsFieldEval.ush" 2016
"../../../Engine/Shaders/Private/ParticleSortKeyGen.usf" 2017
"../../../Engine/Shaders/Private/ParticleBoundsShader.usf" 2018
"../../../Engine/Shaders/Private/ParticleSimVisualizeShader.usf" 2019
"../../../Engine/Shaders/Private/ParticleInjectionShader.usf" 2020
"../../../Engine/Shaders/Private/ParticleSimulationShader.usf" 2021
"../../../Engine/Shaders/Private/ParticleCurveInjectionShader.usf" 2022
"../../../Engine/Shaders/Private/CopyUIntBuffer.usf" 2023
"../../../Engine/Shaders/Private/RadixSortShaders.usf" 2024
"../../../Engine/Shaders/Private/RecomputeTangentsPerVertexPass.usf" 2025
"../../../Engine/Shaders/Private/RecomputeTangentsCommon.ush" 2026
"../../../Engine/Shaders/Private/RecomputeTangentsPerTrianglePass.usf" 2027
"../../../Engine/Shaders/Private/GpuSkinCacheComputeShader.usf" 2028
"../../../Engine/Shaders/Private/HeightFieldAtlasManagement.usf" 2029
"../../../Engine/Shaders/Private/LandscapePhysicalMaterial.usf" 2030
"../../../Engine/Shaders/Private/MaterialTemplate.ush" 2031
"../../../Engine/Shaders/Private/WorldSpaceMath.ush" 2032
"../../../Engine/Shaders/Private/EyeAdaptationCommon.ush" 2033
"../../../Engine/Shaders/Private/SobolRandom.ush" 2034
"../../../Engine/Shaders/Private/DepthOfFieldCommon.ush" 2035
"../../../Engine/Shaders/Private/CircleDOFCommon.ush" 2036
"../../../Engine/Shaders/Private/PhysicsFieldSampler.ush" 2037
"../../../Engine/Shaders/Private/PhysicsFieldShared.ush" 2038
"../../../Engine/Shaders/Private/HairShadingCommon.ush" 2039
"../../../Engine/Shaders/Private/HairStrands/HairCardsAttributeCommon.ush" 2040
"../../../Engine/Shaders/Shared/HairStrandsDefinitions.h" 2041
"../../../Engine/Shaders/Private/HairStrands/HairStrandsVertexFactoryCommon.ush" 2042
"../../../Engine/Shaders/Private/HairStrands/HairStrandsPack.ush" 2043
"../../../Engine/Shaders/Private/HairStrands/HairStrandsAttributeCommon.ush" 2044
"../../../Engine/Shaders/Private/HairStrands/HairStrandsAttributeTemplate.ush" 2045
"../../../Engine/Shaders/Shared/EnvironmentComponentsFlags.h" 2046
"../../../Engine/Shaders/Private/SpeedTreeCommon.ush" 2047
"../../../Engine/Shaders/Private/VirtualTextureCommon.ush" 2048
"../../../Engine/Shaders/Private/MaterialTexture.ush" 2049
"../../../Engine/Shaders/Private/MinMaterialTexCoords.ush" 2050
"../../../Engine/Shaders/Private/SkyAtmosphereCommon.ush" 2051
"../../../Engine/Shaders/Private/SingleLayerWaterCommon.ush" 2052
"../../../Engine/Shaders/Private/TextureSampling.ush" 2053
"../../../Engine/Shaders/Private/PaniniProjection.ush" 2054
"../../../Engine/Shaders/Private/DBufferNormalReprojection.ush" 2055
"../../../Engine/Shaders/Private/Substrate/SubstrateTree.ush" 2056
"../../../Engine/Shaders/Private/Substrate/SubstrateEvaluation.ush" 2057
"../../../Engine/Shaders/Private/Substrate/Glint/GlintThirdParty.ush" 2058
"../../../Engine/Shaders/Private/BlueNoise.ush" 2059
"../../../Engine/Shaders/Private/ShadingModels.ush" 2060
"../../../Engine/Shaders/Private/CapsuleLight.ush" 2061
"../../../Engine/Shaders/Private/RectLight.ush" 2062
"../../../Engine/Shaders/Private/LightData.ush" 2063
"../../../Engine/Shaders/Shared/LightDefinitions.h" 2064
"../../../Engine/Shaders/Private/AreaLightCommon.ush" 2065
"../../../Engine/Shaders/Private/HairBsdf.ush" 2066
"../../../Engine/Shaders/Private/MobileGGX.ush" 2067
"../../../Engine/Shaders/Private/ShadingModelsSampling.ush" 2068
"../../../Engine/Shaders/Private/HairStrands/HairBsdfSample.ush" 2069
"../../../Engine/Shaders/Private/HairStrands/HairStrandsCommon.ush" 2070
"../../../Engine/Shaders/Private/HairStrands/HairStrandsDeepTransmittanceCommon.ush" 2071
"../../../Engine/Shaders/Private/HairStrands/HairStrandsDeepTransmittanceDualScattering.ush" 2072
"../../../Engine/Shaders/Private/HairStrands/HairStrandsEnvironmentLightingCommon.ush" 2073
"../../../Engine/Shaders/Private/Substrate/SubstrateLegacyConversion.ush" 2074
"../../../Engine/Shaders/Private/DBufferDecalShared.ush" 2075
"../../../Engine/Shaders/Private/LandscapeGrassWeight.usf" 2076
"../../../Engine/Shaders/Private/Landscape/LandscapeLayersWeightmapsPS.usf" 2077
"../../../Engine/Shaders/Private/Landscape/LandscapeLayersHeightmapsPS.usf" 2078
"../../../Engine/Shaders/Private/Landscape/LandscapeCommon.ush" 2079
"../../../Engine/Shaders/Private/LandscapeLayersCS.usf" 2080
"../../../Engine/Shaders/Private/LandscapeLayersPS.usf" 2081
"../../../Engine/Shaders/Private/LandscapeLayersVS.usf" 2082
"../../../Engine/Shaders/Private/Landscape/LandscapeCulling.usf" 2083
"../../../Engine/Shaders/Private/Nanite/NaniteHZBCull.ush" 2084
"../../../Engine/Shaders/Private/Landscape/LandscapeMergeTexturesPS.usf" 2085
"../../../Engine/Shaders/Private/WideCustomResolveShaders.usf" 2086
"../../../Engine/Shaders/Private/WideCustomResolve_Wide.ush" 2087
"../../../Engine/Shaders/Private/WideCustomResolve_Wider.ush" 2088
"../../../Engine/Shaders/Private/WideCustomResolve_Widest.ush" 2089
"../../../Engine/Shaders/Private/WaterInfoTextureBlur.usf" 2090
"../../../Engine/Shaders/Private/WaterInfoTextureMerge.usf" 2091
"../../../Engine/Shaders/Private/PageTableUpdate.usf" 2092
"../../../Engine/Shaders/Private/VirtualTextureCompress.usf" 2093
"../../../Engine/Shaders/Private/BlockCompressionCommon.ush" 2094
"../../../Engine/Shaders/Private/BCCompressionCommon.ush" 2095
"../../../Engine/Shaders/Private/ETCCompressionCommon.ush" 2096
"../../../Engine/Shaders/Private/VirtualTextureMaterial.usf" 2097
"../../../Engine/Shaders/Private/PixelShaderOutputCommon.ush" 2098
"../../../Engine/Shaders/Private/ShaderOutputCommon.ush" 2099
"../../../Engine/Shaders/Private/VolumetricRenderTarget.usf" 2100
"../../../Engine/Shaders/Private/VolumetricFogVoxelization.usf" 2101
"../../../Engine/Shaders/Private/VolumetricCloudMaterialPixelCommon.ush" 2102
"../../../Engine/Shaders/Private/VolumetricFogLightFunction.usf" 2103
"../../../Engine/Shaders/Private/LightFunctionCommon.ush" 2104
"../../../Engine/Shaders/Private/VolumetricFog.usf" 2105
"../../../Engine/Shaders/Private/DeferredLightingCommon.ush" 2106
"../../../Engine/Shaders/Private/DynamicLightingCommon.ush" 2107
"../../../Engine/Shaders/Private/CapsuleLightIntegrate.ush" 2108
"../../../Engine/Shaders/Private/CapsuleLightSampling.ush" 2109
"../../../Engine/Shaders/Private/RectLightIntegrate.ush" 2110
"../../../Engine/Shaders/Private/ScreenSpaceShadowRayCast.ush" 2111
"../../../Engine/Shaders/Private/LightFunctionAtlas/LightFunctionAtlasCommon.usf" 2112
"../../../Engine/Shaders/Private/HeterogeneousVolumes/HeterogeneousVolumesAdaptiveVolumetricShadowMapSampling.ush" 2113
"../../../Engine/Shaders/Private/HeterogeneousVolumes/HeterogeneousVolumesAdaptiveVolumetricShadowMapUtils.ush" 2114
"../../../Engine/Shaders/Private/HeterogeneousVolumes/HeterogeneousVolumesRayMarchingUtils.ush" 2115
"../../../Engine/Shaders/Private/HeterogeneousVolumes/HeterogeneousVolumesRayMarchingTypes.ush" 2116
"../../../Engine/Shaders/Private/PathTracing/Utilities/PathTracingRandomSequence.ush" 2117
"../../../Engine/Shaders/Private/HeterogeneousVolumes/HeterogeneousVolumesTracingUtils.ush" 2118
"../../../Engine/Shaders/Private/VelocityCommon.ush" 2119
"../../../Engine/Shaders/Private/HeterogeneousVolumes/HeterogeneousVolumesTransmittanceVolumeUtils.ush" 2120
"../../../Engine/Shaders/Private/ForwardShadowingCommon.ush" 2121
"../../../Engine/Shaders/Private/ShadowFilteringCommon.ush" 2122
"../../../Engine/Shaders/Private/PixelQuadMessagePassing.ush" 2123
"../../../Engine/Shaders/Private/VolumeLightingCommon.ush" 2124
"../../../Engine/Shaders/Private/VolumeLightingCommonSampling.ush" 2125
"../../../Engine/Shaders/Private/Lumen/LumenTranslucencyVolumeShared.ush" 2126
"../../../Engine/Shaders/Private/Lumen/LumenRadianceCacheInterpolation.ush" 2127
"../../../Engine/Shaders/Private/HeightFogCommon.ush" 2128
"../../../Engine/Shaders/Private/LightGridCommon.ush" 2129
"../../../Engine/Shaders/Private/DistanceFieldAOShared.ush" 2130
"../../../Engine/Shaders/Private/VolumetricLightmapShared.ush" 2131
"../../../Engine/Shaders/Private/ReflectionEnvironmentShared.ush" 2132
"../../../Engine/Shaders/Private/LightDataUniforms.ush" 2133
"../../../Engine/Shaders/Private/VirtualShadowMaps/VirtualShadowMapProjectionCommon.ush" 2134
"../../../Engine/Shaders/Private/VirtualShadowMaps/VirtualShadowMapPageAccessCommon.ush" 2135
"../../../Engine/Shaders/Shared/VirtualShadowMapDefinitions.h" 2136
"../../../Engine/Shaders/Private/VirtualShadowMaps/VirtualShadowMapProjectionStructs.ush" 2137
"../../../Engine/Shaders/Private/LocalFogVolumes/LocalFogVolumeCommon.ush" 2138
"../../../Engine/Shaders/Private/VolumetricCloudCommon.ush" 2139
"../../../Engine/Shaders/Private/VolumetricCloud.usf" 2140
"../../../Engine/Shaders/Private/ColorMap.ush" 2141
"../../../Engine/Shaders/Private/VisualizeVolumetricLightmap.usf" 2142
"../../../Engine/Shaders/Private/VirtualShadowMaps/VirtualShadowMapProjectionComposite.usf" 2143
"../../../Engine/Shaders/Private/LightShaderParameters.ush" 2144
"../../../Engine/Shaders/Private/VirtualShadowMaps/VirtualShadowMapMaskBitsCommon.ush" 2145
"../../../Engine/Shaders/Private/VirtualShadowMaps/VirtualShadowMapLightGrid.ush" 2146
"../../../Engine/Shaders/Private/VirtualShadowMaps/VirtualShadowMapProjection.usf" 2147
"../../../Engine/Shaders/Private/HairStrands/HairStrandsVisibilityCommon.ush" 2148
"../../../Engine/Shaders/Private/Visualization.ush" 2149
"../../../Engine/Shaders/Private/VirtualShadowMaps/VirtualShadowMapProjectionFilter.ush" 2150
"../../../Engine/Shaders/Private/VirtualShadowMaps/VirtualShadowMapProjectionDirectional.ush" 2151
"../../../Engine/Shaders/Private/VirtualShadowMaps/VirtualShadowMapSMRTCommon.ush" 2152
"../../../Engine/Shaders/Private/VirtualShadowMaps/VirtualShadowMapSMRTTemplate.ush" 2153
"../../../Engine/Shaders/Private/VirtualShadowMaps/VirtualShadowMapProjectionSpot.ush" 2154
"../../../Engine/Shaders/Private/VirtualShadowMaps/VirtualShadowMapTransmissionCommon.ush" 2155
"../../../Engine/Shaders/Private/HairStrands/HairStrandsVoxelPageCommon.ush" 2156
"../../../Engine/Shaders/Private/HairStrands/HairStrandsVoxelPageTraversal.ush" 2157
"../../../Engine/Shaders/Private/VirtualShadowMaps/VirtualShadowMapCacheLoadBalancer.usf" 2158
"../../../Engine/Shaders/Private/VirtualShadowMaps/VirtualShadowMapPageCacheCommon.ush" 2159
"../../../Engine/Shaders/Private/VirtualShadowMaps/VirtualShadowMapCacheInvalidation.ush" 2160
"../../../Engine/Shaders/Private/VirtualShadowMaps/VirtualShadowMapPageOverlap.ush" 2161
"../../../Engine/Shaders/Private/ScreenSpaceDenoise/SSDDefinitions.ush" 2162
"../../../Engine/Shaders/Private/InstanceCulling/InstanceCullingLoadBalancer.ush" 2163
"../../../Engine/Shaders/Private/VirtualShadowMaps/VirtualShadowMapCopyStats.usf" 2164
"../../../Engine/Shaders/Private/VirtualShadowMaps/VirtualShadowMapStats.ush" 2165
"../../../Engine/Shaders/Private/VirtualShadowMaps/VirtualShadowMapPhysicalPageManagement.usf" 2166
"../../../Engine/Shaders/Private/ReductionCommon.ush" 2167
"../../../Engine/Shaders/Private/GPUMessaging.ush" 2168
"../../../Engine/Shaders/Private/ThreadGroupPrefixSum.ush" 2169
"../../../Engine/Shaders/Private/VirtualShadowMaps/VirtualShadowMapBuildPerPageDrawCommands.usf" 2170
"../../../Engine/Shaders/Private/Nanite/NaniteCullingCommon.ush" 2171
"../../../Engine/Shaders/Private/Nanite/NaniteCulling.ush" 2172
"../../../Engine/Shaders/Private/Nanite/NaniteHierarchyTraversalCommon.ush" 2173
"../../../Engine/Shaders/Private/InstanceCulling/InstanceCullingCommon.ush" 2174
"../../../Engine/Shaders/Private/VirtualShadowMaps/VirtualShadowMapPrintStats.usf" 2175
"../../../Engine/Shaders/Private/VirtualShadowMaps/VirtualShadowMapDebug.usf" 2176
"../../../Engine/Shaders/Private/VirtualShadowMaps/VirtualShadowMapPageManagement.usf" 2177
"../../../Engine/Shaders/Private/VirtualShadowMaps/VirtualShadowMapPageMarking.usf" 2178
"../../../Engine/Shaders/Shared/SingleLayerWaterDefinitions.h" 2179
"../../../Engine/Shaders/Private/HairStrands/HairStrandsTileCommon.ush" 2180
"../../../Engine/Shaders/Private/VariableRateShading/VRSShadingRatePreview.usf" 2181
"../../../Engine/Shaders/Private/VariableRateShading/VRSShadingRateCommon.ush" 2182
"../../../Engine/Shaders/Private/VariableRateShading/VRSShadingRateCombine.usf" 2183
"../../../Engine/Shaders/Private/VariableRateShading/VRSShadingRateFoveated.usf" 2184
"../../../Engine/Shaders/Private/VariableRateShading/VRSShadingRateReproject.usf" 2185
"../../../Engine/Shaders/Private/VariableRateShading/VRSShadingRateCalculate.usf" 2186
"../../../Engine/Shaders/Private/TranslucencyUpsampling.usf" 2187
"../../../Engine/Shaders/Private/ScreenPass.ush" 2188
"../../../Engine/Shaders/Private/ComposeSeparateTranslucency.usf" 2189
"../../../Engine/Shaders/Private/SeparateTranslucency.ush" 2190
"../../../Engine/Shaders/Private/TranslucentLightInjectionShaders.usf" 2191
"../../../Engine/Shaders/Private/TranslucentShadowDepthShaders.usf" 2192
"../../../Engine/Shaders/Private/ShadowDepthCommon.ush" 2193
"../../../Engine/Shaders/Private/RayTracing/RayTracingTest.usf" 2194
"../../../Engine/Shaders/Private/PostProcessSubsurfaceTile.usf" 2195
"../../../Engine/Shaders/Private/Substrate/SubstrateVisualize.usf" 2196
"../../../Engine/Shaders/Private/Substrate/SubstrateTile.ush" 2197
"../../../Engine/Shaders/Private/SkyLightingDiffuseShared.ush" 2198
"../../../Engine/Shaders/Private/SkyLightingShared.ush" 2199
"../../../Engine/Shaders/Private/ClearCoatCommon.ush" 2200
"../../../Engine/Shaders/Private/ReflectionEnvironmentComposite.ush" 2201
"../../../Engine/Shaders/Private/Substrate/SubstrateLightingCommon.ush" 2202
"../../../Engine/Shaders/Private/Substrate/SubstrateRoughRefraction.usf" 2203
"../../../Engine/Shaders/Private/PathTracing/Material/PathTracingFresnel.ush" 2204
"../../../Engine/Shaders/Private/PathTracing/Material/PathTracingGlossy.ush" 2205
"../../../Engine/Shaders/Private/Substrate/SubstrateTile.usf" 2206
"../../../Engine/Shaders/Private/Substrate/SubstrateMaterialClassification.usf" 2207
"../../../Engine/Shaders/Private/Substrate/SubstrateDBuffer.usf" 2208
"../../../Engine/Shaders/Private/SplineMeshSceneTexture.usf" 2209
"../../../Engine/Shaders/Private/SparseVolumeTexture/VisualizeSparseVolumeTexture.usf" 2210
"../../../Engine/Shaders/Private/SkyAtmosphere.usf" 2211
"../../../Engine/Shaders/Private/CopyDepthTexture.usf" 2212
"../../../Engine/Shaders/Private/SingleLayerWaterComposite.usf" 2213
"../../../Engine/Shaders/Private/ScreenSpaceShadows.usf" 2214
"../../../Engine/Shaders/Private/bend_sss_gpu.ush" 2215
"../../../Engine/Shaders/Private/ShadowFactorsUpsampleCommon.ush" 2216
"../../../Engine/Shaders/Private/ShadowProjectionVertexShader.usf" 2217
"../../../Engine/Shaders/Private/ShadowProjectionPixelShader.usf" 2218
"../../../Engine/Shaders/Private/ShadowPercentageCloserFiltering.ush" 2219
"../../../Engine/Shaders/Private/TransmissionThickness.ush" 2220
"../../../Engine/Shaders/Private/CopyShadowMaps.usf" 2221
"../../../Engine/Shaders/Private/ShadowDepthPixelShader.usf" 2222
"../../../Engine/Shaders/Private/ShadowDepthVertexShader.usf" 2223
"../../../Engine/Shaders/Private/ShadingEnergyConservationTable.usf" 2224
"../../../Engine/Shaders/Shared/PathTracingDefinitions.h" 2225
"../../../Engine/Shaders/Private/ShadingFurnaceTest.usf" 2226
"../../../Engine/Shaders/Private/Substrate/SubstrateDeferredLighting.ush" 2227
"../../../Engine/Shaders/Private/ShaderPrintDraw.usf" 2228
"../../../Engine/Shaders/Private/ShaderPrintDrawPrimitive.usf" 2229
"../../../Engine/Shaders/Private/DefaultSSRTiles.usf" 2230
"../../../Engine/Shaders/Private/ScreenSpaceReflectionTileCommons.ush" 2231
"../../../Engine/Shaders/Private/SSRT/SSRTDiffuseIndirect.usf" 2232
"../../../Engine/Shaders/Private/SSRT/SSRTRayCast.ush" 2233
"../../../Engine/Shaders/Private/SSRT/SSRTTileClassificationBuffer.ush" 2234
"../../../Engine/Shaders/Private/SSRT/SSRTReflections.usf" 2235
"../../../Engine/Shaders/Private/ScreenSpaceDenoise/SSDPublic.ush" 2236
"../../../Engine/Shaders/Private/SSRT/SSRTTileClassification.usf" 2237
"../../../Engine/Shaders/Private/SSRT/SSRTPrevFrameReduction.usf" 2238
"../../../Engine/Shaders/Private/ScreenSpaceDenoise/SSDComposeHarmonics.usf" 2239
"../../../Engine/Shaders/Private/ScreenSpaceDenoise/SSDPublicHarmonics.ush" 2240
"../../../Engine/Shaders/Private/ScreenSpaceDenoise/SSDSignalFramework.ush" 2241
"../../../Engine/Shaders/Private/ScreenSpaceDenoise/SSDCommon.ush" 2242
"../../../Engine/Shaders/Private/SphericalGaussian.ush" 2243
"../../../Engine/Shaders/Public/WaveBroadcastIntrinsics.ush" 2244
"../../../Engine/Shaders/Private/ScreenSpaceDenoise/SSDMetadata.ush" 2245
"../../../Engine/Shaders/Private/ScreenSpaceDenoise/SSDSignalCore.ush" 2246
"../../../Engine/Shaders/Private/ScreenSpaceDenoise/DenoisingCommon.ush" 2247
"../../../Engine/Shaders/Private/ScreenSpaceDenoise/SSDSignalArray.ush" 2248
"../../../Engine/Shaders/Private/ScreenSpaceDenoise/SSDSignalBufferEncoding.ush" 2249
"../../../Engine/Shaders/Private/ScreenSpaceDenoise/SSDPublicBufferEncoding.ush" 2250
"../../../Engine/Shaders/Private/Lumen/LumenBufferEncoding.ush" 2251
"../../../Engine/Shaders/Private/ScreenSpaceDenoise/SSDTemporalAccumulation.usf" 2252
"../../../Engine/Shaders/Private/ScreenSpaceDenoise/SSDSpatialKernel.ush" 2253
"../../../Engine/Shaders/Private/ScreenSpaceDenoise/SSDSignalAccumulatorArray.ush" 2254
"../../../Engine/Shaders/Private/ScreenSpaceDenoise/SSDSignalAccumulator.ush" 2255
"../../../Engine/Shaders/Private/ScreenSpaceDenoise/SSDSignalCompression.ush" 2256
"../../../Engine/Shaders/Private/ScreenSpaceDenoise/SSDSpatialAccumulation.usf" 2257
"../../../Engine/Shaders/Private/ScreenSpaceDenoise/SSDInjest.usf" 2258
"../../../Engine/Shaders/Private/ScreenSpaceDenoise/SSDCompressMetadata.usf" 2259
"../../../Engine/Shaders/Private/DownsampleDepthPixelShader.usf" 2260
"../../../Engine/Shaders/Private/ScreenPass.usf" 2261
"../../../Engine/Shaders/Private/HZB.usf" 2262
"../../../Engine/Shaders/Private/OcclusionFeedbackShaders.usf" 2263
"../../../Engine/Shaders/Private/HZBOcclusion.usf" 2264
"../../../Engine/Shaders/Private/OcclusionQueryPixelShader.usf" 2265
"../../../Engine/Shaders/Private/OcclusionQueryVertexShader.usf" 2266
"../../../Engine/Shaders/Private/HitProxyPixelShader.usf" 2267
"../../../Engine/Shaders/Private/HitProxyVertexShader.usf" 2268
"../../../Engine/Shaders/Private/SceneCulling/SceneCullingDebugRender.usf" 2269
"../../../Engine/Shaders/Private/SceneCulling/SceneCulling.ush" 2270
"../../../Engine/Shaders/Shared/SceneCullingDefinitions.h" 2271
"../../../Engine/Shaders/Private/SceneCulling/SceneCullingBuildExplicitBounds.usf" 2272
"../../../Engine/Shaders/Private/SceneCapturePixelShader.usf" 2273
"../../../Engine/Shaders/Private/RTWriteMaskDecode.usf" 2274
"../../../Engine/Shaders/Private/ReflectionEnvironmentShaders.usf" 2275
"../../../Engine/Shaders/Private/RectLightAtlas.usf" 2276
"../../../Engine/Shaders/Private/RayTracing/TraceRayInlineStatistics.usf" 2277
"../../../Engine/Shaders/Private/RayTracing/CompositeSkyLightPS.usf" 2278
"../../../Engine/Shaders/Private/RayTracing/GenerateSkyLightVisibilityRaysCS.usf" 2279
"../../../Engine/Shaders/Private/RayTracing/RayTracingSkyLightCommon.ush" 2280
"../../../Engine/Shaders/Private/RayTracing/SkyLightVisibilityRaysData.ush" 2281
"../../../Engine/Shaders/Private/Raytracing/RaytracingSkylightRGS.usf" 2282
"../../../Engine/Shaders/Private/HairStrands/HairStrandsRaytracing.ush" 2283
"../../../Engine/Shaders/Private/Raytracing/RayTracingSkyLightEvaluation.ush" 2284
"../../../Engine/Shaders/Private/Raytracing/RayTracingDeferredShadingCommon.ush" 2285
"../../../Engine/Shaders/Private/RayTracing/RayTracingOcclusionRGS.usf" 2286
"../../../Engine/Shaders/Private/RayTracing/RayTracingDirectionalLight.ush" 2287
"../../../Engine/Shaders/Private/RayTracing/RayTracingRectLight.ush" 2288
"../../../Engine/Shaders/Private/RayTracing/RayTracingSphereLight.ush" 2289
"../../../Engine/Shaders/Private/RayTracing/RayTracingCapsuleLight.ush" 2290
"../../../Engine/Shaders/Private/RayTracing/RayTracingPrimaryRays.usf" 2291
"../../../Engine/Shaders/Shared/RayTracingTypes.h" 2292
"../../../Engine/Shaders/Private/RayTracing/RayTracingLightingCommon.ush" 2293
"../../../Engine/Shaders/Private/RayTracing/RayTracingLightCullingCommon.ush" 2294
"../../../Engine/Shaders/Private/RayTracing/RayTracingMaterialDefaultHitShaders.usf" 2295
"../../../Engine/Shaders/Private/RayTracing/RayTracingMaterialHitShaders.usf" 2296
"../../../Engine/Shaders/Private/RayTracing/RayTracingShaderUtils.ush" 2297
"../../../Engine/Shaders/Private/RayTracing/RayTracingCalcInterpolants.ush" 2298
"../../../Engine/Shaders/Private/LightmapCommon.ush" 2299
"../../../Engine/Shaders/Private/Lumen/LumenHardwareRayTracingPayloadCommon.ush" 2300
"../../../Engine/Shaders/Shared/LumenDefinitions.h" 2301
"../../../Engine/Shaders/Private/Substrate/SubstrateExport.ush" 2302
"../../../Engine/Shaders/Private/RayTracing/RayTracingLightingMS.usf" 2303
"../../../Engine/Shaders/Private/RayTracing/RayTracingLightFunctionCommon.ush" 2304
"../../../Engine/Shaders/Private/RayTracing/RayTracingBuildLightGrid.usf" 2305
"../../../Engine/Shaders/Private/Raytracing/RayTracingInstanceBufferUtil.usf" 2306
"../../../Engine/Shaders/Private/RayTracing/RayTracingDynamicMesh.usf" 2307
"../../../Engine/Shaders/Private/RayTracing/RayTracingDefaultDecalHitShader.usf" 2308
"../../../Engine/Shaders/Private/RayTracing/RayTracingDecalMaterialShader.usf" 2309
"../../../Engine/Shaders/Private/PathTracing/PathTracingShaderUtils.ush" 2310
"../../../Engine/Shaders/Private/PathTracing/PathTracingCommon.ush" 2311
"../../../Engine/Shaders/Private/PathTracing/Material/PathTracingMaterialCommon.ush" 2312
"../../../Engine/Shaders/Private/RayTracing/RayTracingBuildDecalGrid.usf" 2313
"../../../Engine/Shaders/Private/RayTracing/RayTracingDebugHitStatsUtils.usf" 2314
"../../../Engine/Shaders/Private/RayTracing/RayTracingDebugInstanceOverlap.usf" 2315
"../../../Engine/Shaders/Private/RayTracing/RayTracingDebugPicking.usf" 2316
"../../../Engine/Shaders/Private/RayTracing/RayTracingDebugUtils.ush" 2317
"../../../Engine/Shaders/Shared/RayTracingDebugTypes.h" 2318
"../../../Engine/Shaders/Private/RayTracing/RayTracingDebugTraversal.usf" 2319
"../../../Engine/Shaders/Private/RayTracing/RayTracingDeferredMaterials.ush" 2320
"../../../Engine/Shaders/Shared/ThirdParty/AMD/ags_shader_intrinsics_dx12.h" 2321
"../../../Engine/Shaders/Shared/RayTracingDebugDefinitions.h" 2322
"../../../Engine/Shaders/Private/RayTracing/RayTracingDebugHitStatsCHS.usf" 2323
"../../../Engine/Shaders/Private/RayTracing/RayTracingDebugHitStats.usf" 2324
"../../../Engine/Shaders/Private/RayTracing/RayTracingDebugMS.usf" 2325
"../../../Engine/Shaders/Private/RayTracing/RayTracingDebugCHS.usf" 2326
"../../../Engine/Shaders/Private/RayTracing/RayTracingDebug.usf" 2327
"../../../Engine/Shaders/Private/RayTracing/RayTracingBuiltInShaders.usf" 2328
"../../../Engine/Shaders/Private/RayTracing/RayTracingBarycentrics.usf" 2329
"../../../Engine/Shaders/Private/RayTracing/RayTracingAmbientOcclusionRGS.usf" 2330
"../../../Engine/Shaders/Private/VisualizeShadingModels.usf" 2331
"../../../Engine/Shaders/Private/PostProcessCommon.ush" 2332
"../../../Engine/Shaders/Private/MotionBlur/VisualizeMotionVectors.usf" 2333
"../../../Engine/Shaders/Private/TemporalSuperResolution/TSRVisualize.usf" 2334
"../../../Engine/Shaders/Private/TemporalSuperResolution/TSRCommon.ush" 2335
"../../../Engine/Shaders/Public/DualPixelVectorization.ush" 2336
"../../../Engine/Shaders/Private/TemporalSuperResolution/TSRResolveHistory.usf" 2337
"../../../Engine/Shaders/Private/TemporalSuperResolution/TSRConvolutionNetwork.ush" 2338
"../../../Engine/Shaders/Public/LaneVectorization.ush" 2339
"../../../Engine/Shaders/Private/TemporalSuperResolution/TSRUpdateHistory.usf" 2340
"../../../Engine/Shaders/Private/TemporalSuperResolution/TSRSpatialAntiAliasing.usf" 2341
"../../../Engine/Shaders/Private/TemporalSuperResolution/TSRRejectShading.usf" 2342
"../../../Engine/Shaders/Private/TemporalSuperResolution/TSRShadingAnalysis.ush" 2343
"../../../Engine/Shaders/Private/TemporalSuperResolution/TSRConvolutionNetworkPass.ush" 2344
"../../../Engine/Shaders/Private/TemporalSuperResolution/TSRDecimateHistory.usf" 2345
"../../../Engine/Shaders/Private/TemporalSuperResolution/TSRDilateVelocity.usf" 2346
"../../../Engine/Shaders/Private/MotionBlur/MotionBlurVelocityFlatten.ush" 2347
"../../../Engine/Shaders/Private/MotionBlur/MotionBlurCommon.ush" 2348
"../../../Engine/Shaders/Private/TemporalSuperResolution/TSRClearPrevTextures.usf" 2349
"../../../Engine/Shaders/Private/TemporalSuperResolution/TSRMeasureFlickeringLuma.usf" 2350
"../../../Engine/Shaders/Private/TemporalAA.usf" 2351
"../../../Engine/Shaders/Private/FilterPixelShader.usf" 2352
"../../../Engine/Shaders/Private/FilterVertexShader.usf" 2353
"../../../Engine/Shaders/Private/PostProcessVisualizeBuffer.usf" 2354
"../../../Engine/Shaders/Private/PostProcessVisualizeLocalExposure.usf" 2355
"../../../Engine/Shaders/Private/PostProcessHistogramCommon.ush" 2356
"../../../Engine/Shaders/Private/TonemapCommon.ush" 2357
"../../../Engine/Shaders/Private/ACES.ush" 2358
"../../../Engine/Shaders/Private/PostProcessVisualizeLevelInstance.usf" 2359
"../../../Engine/Shaders/Private/PostProcessVisualizeHDR.usf" 2360
"../../../Engine/Shaders/Private/ShaderComplexityApplyPixelShader.usf" 2361
"../../../Engine/Shaders/Private/QuadOverdraw.ush" 2362
"../../../Engine/Shaders/Private/PostProcessUpscale.usf" 2363
"../../../Engine/Shaders/Private/PostProcessTonemap.usf" 2364
"../../../Engine/Shaders/Private/PostProcessing/FilmGrainPackConstants.usf" 2365
"../../../Engine/Shaders/Private/PostProcessing/FilmGrainReduce.usf" 2366
"../../../Engine/Shaders/Private/PostProcessTestImage.usf" 2367
"../../../Engine/Shaders/Private/PostProcessSubsurface.usf" 2368
"../../../Engine/Shaders/Private/SeparableSSS.ush" 2369
"../../../Engine/Shaders/Private/SubsurfaceBurleyNormalized.ush" 2370
"../../../Engine/Shaders/Private/PostProcessSelectionOutline.usf" 2371
"../../../Engine/Shaders/Private/PostProcessPixelProjectedReflectionMobile.usf" 2372
"../../../Engine/Shaders/Private/MotionBlur/MotionBlurVisualize.usf" 2373
"../../../Engine/Shaders/Private/MotionBlur/MotionBlurApply.usf" 2374
"../../../Engine/Shaders/Private/MotionBlur/MotionBlurFilterTileClassify.usf" 2375
"../../../Engine/Shaders/Private/MotionBlur/MotionBlurTileScatter.usf" 2376
"../../../Engine/Shaders/Private/MotionBlur/MotionBlurTileGather.usf" 2377
"../../../Engine/Shaders/Private/MotionBlur/MotionBlurVelocityFlatten.usf" 2378
"../../../Engine/Shaders/Private/PostProcessMobile.usf" 2379
"../../../Engine/Shaders/Private/PostProcessMitchellNetravali.usf" 2380
"../../../Engine/Shaders/Private/PostProcessMaterialShaders.usf" 2381
"../../../Engine/Shaders/Private/NeuralPostProcessCommon.usf" 2382
"../../../Engine/Shaders/Private/PostProcessLocalExposure.usf" 2383
"../../../Engine/Shaders/Private/PostProcessLensFlares.usf" 2384
"../../../Engine/Shaders/Private/PostProcessGBufferHints.usf" 2385
"../../../Engine/Shaders/Private/PostProcessHMD.usf" 2386
"../../../Engine/Shaders/Private/Histogram.usf" 2387
"../../../Engine/Shaders/Private/PostProcessHistogramReduce.usf" 2388
"../../../Engine/Shaders/Private/PostProcessHistogram.usf" 2389
"../../../Engine/Shaders/Private/Bloom/BloomFinalizeApplyConstants.usf" 2390
"../../../Engine/Shaders/Private/Bloom/BloomCommon.ush" 2391
"../../../Engine/Shaders/Private/Bloom/BloomResizeKernel.usf" 2392
"../../../Engine/Shaders/Private/Bloom/BloomDownsampleKernel.usf" 2393
"../../../Engine/Shaders/Private/Bloom/BloomClampKernel.usf" 2394
"../../../Engine/Shaders/Private/Bloom/BloomPackKernelConstants.usf" 2395
"../../../Engine/Shaders/Private/Bloom/BloomSumScatterDispersionEnergy.usf" 2396
"../../../Engine/Shaders/Private/Bloom/BloomReduceKernelSurvey.usf" 2397
"../../../Engine/Shaders/Private/Bloom/BloomSurveyKernelCenterEnergy.usf" 2398
"../../../Engine/Shaders/Private/Bloom/BloomSurveyMaxScatterDispersion.usf" 2399
"../../../Engine/Shaders/Private/Bloom/BloomFindKernelCenter.usf" 2400
"../../../Engine/Shaders/Private/PostProcessEyeAdaptation.usf" 2401
"../../../Engine/Shaders/Private/TranslucencyVolumeCommon.ush" 2402
"../../../Engine/Shaders/Private/PostProcessDownsample.usf" 2403
"../../../Engine/Shaders/Private/PostProcessDOF.usf" 2404
"../../../Engine/Shaders/Private/PostProcessDeviceEncodingOnly.usf" 2405
"../../../Engine/Shaders/Private/PostProcessCompositePrimitives.usf" 2406
"../../../Engine/Shaders/Private/PostProcessCombineLUTs.usf" 2407
"../../../Engine/Shaders/Private/PostProcessVisualizeDOF.usf" 2408
"../../../Engine/Shaders/Private/PostProcessBloom.usf" 2409
"../../../Engine/Shaders/Private/PostProcessAmbientOcclusionMobile.usf" 2410
"../../../Engine/Shaders/Private/PostProcessAmbientOcclusionCommon.ush" 2411
"../../../Engine/Shaders/Private/FXAAShader.usf" 2412
"../../../Engine/Shaders/Private/Fxaa3_11.ush" 2413
"../../../Engine/Shaders/Private/DiaphragmDOF/DOFRecombine.usf" 2414
"../../../Engine/Shaders/Private/DiaphragmDOF/DOFCommon.ush" 2415
"../../../Engine/Shaders/Private/DiaphragmDOF/DOFHybridScatterPixelShader.usf" 2416
"../../../Engine/Shaders/Private/DiaphragmDOF/DOFHybridScatterCommon.ush" 2417
"../../../Engine/Shaders/Private/DiaphragmDOF/DOFHybridScatterVertexShader.usf" 2418
"../../../Engine/Shaders/Private/DiaphragmDOF/DOFPostfiltering.usf" 2419
"../../../Engine/Shaders/Private/DiaphragmDOF/DOFGatherTileSuggest.ush" 2420
"../../../Engine/Shaders/Private/DiaphragmDOF/DOFCocTileCommon.ush" 2421
"../../../Engine/Shaders/Private/DiaphragmDOF/DOFGatherPass.usf" 2422
"../../../Engine/Shaders/Private/DiaphragmDOF/DOFGatherCommon.ush" 2423
"../../../Engine/Shaders/Private/DiaphragmDOF/DOFGatherAccumulator.ush" 2424
"../../../Engine/Shaders/Private/DiaphragmDOF/DOFGatherKernel.ush" 2425
"../../../Engine/Shaders/Private/DiaphragmDOF/DOFBokehLUT.usf" 2426
"../../../Engine/Shaders/Private/DiaphragmDOF/DOFHybridScatterCompilation.usf" 2427
"../../../Engine/Shaders/Private/DiaphragmDOF/DOFReduce.usf" 2428
"../../../Engine/Shaders/Private/DiaphragmDOF/DOFDownsample.ush" 2429
"../../../Engine/Shaders/Private/DiaphragmDOF/DOFHybridScatterCompilation.ush" 2430
"../../../Engine/Shaders/Private/DiaphragmDOF/DOFDownsample.usf" 2431
"../../../Engine/Shaders/Private/DiaphragmDOF/DOFCocTileDilate.usf" 2432
"../../../Engine/Shaders/Private/DiaphragmDOF/DOFCocTileFlatten.usf" 2433
"../../../Engine/Shaders/Private/DiaphragmDOF/DOFSetup.usf" 2434
"../../../Engine/Shaders/Private/Tools/DebugAlphaChannel.usf" 2435
"../../../Engine/Shaders/Private/PlanarReflectionShaders.usf" 2436
"../../../Engine/Shaders/Private/PlanarReflectionShared.ush" 2437
"../../../Engine/Shaders/Private/PhysicsFieldVisualizer.usf" 2438
"../../../Engine/Shaders/Private/PathTracing/PathTracingSpatialTemporalDenoising.usf" 2439
"../../../Engine/Shaders/Private/ColorDifference.ush" 2440
"../../../Engine/Shaders/Private/PathTracing/PathTracingCompositingPixelShader.usf" 2441
"../../../Engine/Shaders/Private/PathTracing/PathTracingAdaptiveUtils.ush" 2442
"../../../Engine/Shaders/Private/PathTracing/PathTracingDefaultHitShader.usf" 2443
"../../../Engine/Shaders/Private/PathTracing/PathTracingGPULightmassMaterialHitShader.usf" 2444
"../../../Engine/Shaders/Private/PathTracing/PathTracingMaterialHitShader.usf" 2445
"../../../Engine/Shaders/Private/PathTracing/PathTracingLightingMissShader.usf" 2446
"../../../Engine/Shaders/Private/PathTracing/PathTracingMissShader.usf" 2447
"../../../Engine/Shaders/Private/PathTracing/PathTracingAdaptiveStart.usf" 2448
"../../../Engine/Shaders/Private/PathTracing/PathTracingBuildAdaptiveError.usf" 2449
"../../../Engine/Shaders/Private/PathTracing/PathTracingBuildAtmosphereLUT.usf" 2450
"../../../Engine/Shaders/Private/PathTracing/Volume/PathTracingAtmosphereCommon.ush" 2451
"../../../Engine/Shaders/Private/PathTracing/PathTracingSwizzleScanlines.usf" 2452
"../../../Engine/Shaders/Private/PathTracing/PathTracingInitExtinctionCoefficient.usf" 2453
"../../../Engine/Shaders/Private/PathTracing/PathTracing.usf" 2454
"../../../Engine/Shaders/Private/PathTracing/PathTracingCore.ush" 2455
"../../../Engine/Shaders/Private/HeterogeneousVolumes/HeterogeneousVolumesVoxelGridTypes.ush" 2456
"../../../Engine/Shaders/Private/RayTracing/RayTracingDecalGrid.ush" 2457
"../../../Engine/Shaders/Private/PathTracing/Utilities/PathTracingRIS.ush" 2458
"../../../Engine/Shaders/Private/PathTracing/Light/PathTracingLightSampling.ush" 2459
"../../../Engine/Shaders/Private/PathTracing/Light/PathTracingLightCommon.ush" 2460
"../../../Engine/Shaders/Private/PathTracing/Light/PathTracingDirectionalLight.ush" 2461
"../../../Engine/Shaders/Private/PathTracing/Light/PathTracingPointLight.ush" 2462
"../../../Engine/Shaders/Private/PathTracing/Light/PathTracingCapsuleLight.ush" 2463
"../../../Engine/Shaders/Private/PathTracing/Light/PathTracingRectLight.ush" 2464
"../../../Engine/Shaders/Private/PathTracing/Light/PathTracingSkyLight.ush" 2465
"../../../Engine/Shaders/Private/PathTracing/Light/PathTracingLightGrid.ush" 2466
"../../../Engine/Shaders/Private/PathTracing/Material/PathTracingMaterialSampling.ush" 2467
"../../../Engine/Shaders/Private/PathTracing/Material/PathTracingLambert.ush" 2468
"../../../Engine/Shaders/Private/PathTracing/Material/PathTracingSubstrate.ush" 2469
"../../../Engine/Shaders/Private/PathTracing/Material/PathTracingSubstrateCommon.ush" 2470
"../../../Engine/Shaders/Private/PathTracing/Material/PathTracingSubstrateSolidGlass.ush" 2471
"../../../Engine/Shaders/Private/PathTracing/Material/PathTracingSubstrateThinGlass.ush" 2472
"../../../Engine/Shaders/Private/PathTracing/Material/PathTracingSolidGlass.ush" 2473
"../../../Engine/Shaders/Private/PathTracing/Material/PathTracingEnergyConservation.ush" 2474
"../../../Engine/Shaders/Private/PathTracing/Material/PathTracingThinGlass.ush" 2475
"../../../Engine/Shaders/Private/PathTracing/Material/PathTracingDefaultLit.ush" 2476
"../../../Engine/Shaders/Private/PathTracing/Material/PathTracingClearCoat.ush" 2477
"../../../Engine/Shaders/Private/PathTracing/Material/PathTracingTwoSidedFoliage.ush" 2478
"../../../Engine/Shaders/Private/PathTracing/Material/PathTracingCloth.ush" 2479
"../../../Engine/Shaders/Private/PathTracing/Material/PathTracingSubsurfaceProfile.ush" 2480
"../../../Engine/Shaders/Private/PathTracing/Material/PathTracingEye.ush" 2481
"../../../Engine/Shaders/Private/PathTracing/Material/PathTracingHair.ush" 2482
"../../../Engine/Shaders/Private/PathTracing/Material/PathTracingMedium.ush" 2483
"../../../Engine/Shaders/Private/PathTracing/Volume/PathTracingVolume.ush" 2484
"../../../Engine/Shaders/Private/PathTracing/Volume/PathTracingVolumeCommon.ush" 2485
"../../../Engine/Shaders/Private/PathTracing/Volume/PathTracingAtmosphere.ush" 2486
"../../../Engine/Shaders/Private/PathTracing/Volume/PathTracingFog.ush" 2487
"../../../Engine/Shaders/Private/PathTracing/Volume/PathTracingHeterogeneousVolumes.ush" 2488
"../../../Engine/Shaders/Private/HeterogeneousVolumes/HeterogeneousVolumesVoxelGridTraversal.ush" 2489
"../../../Engine/Shaders/Private/HeterogeneousVolumes/HeterogeneousVolumesVoxelGridUtils.ush" 2490
"../../../Engine/Shaders/Private/HeterogeneousVolumes/HeterogeneousVolumesFrustumVoxelGridUtils.ush" 2491
"../../../Engine/Shaders/Private/PathTracing/Volume/PathTracingVolumeSampling.ush" 2492
"../../../Engine/Shaders/Private/PathTracing/PathTracingBuildLightGrid.usf" 2493
"../../../Engine/Shaders/Private/PathTracing/PathTracingSkylightMISCompensation.usf" 2494
"../../../Engine/Shaders/Private/PathTracing/PathTracingSkylightPrepare.usf" 2495
"../../../Engine/Shaders/Private/OIT/OITSorting.usf" 2496
"../../../Engine/Shaders/Private/OITCombine.usf" 2497
"../../../Engine/Shaders/Private/OITCommon.ush" 2498
"../../../Engine/Shaders/Private/Nanite/Voxel/RasterizeBricks.usf" 2499
"../../../Engine/Shaders/Private/Nanite/Voxel/Brick.ush" 2500
"../../../Engine/Shaders/Private/Nanite/Voxel/Voxel.ush" 2501
"../../../Engine/Shaders/Private/Nanite/Voxel/ScatterBricks.usf" 2502
"../../../Engine/Shaders/Private/Nanite/Voxel/TileBricks.usf" 2503
"../../../Engine/Shaders/Private/Nanite/Voxel/AutoVoxel.usf" 2504
"../../../Engine/Shaders/Private/Nanite/NaniteDebugViews.usf" 2505
"../../../Engine/Shaders/Private/Nanite/NaniteDepthDecode.usf" 2506
"../../../Engine/Shaders/Private/HTileEncoding.ush" 2507
"../../../Engine/Shaders/Private/Nanite/NaniteVisualize.usf" 2508
"../../../Engine/Shaders/Private/Nanite/NaniteStreamOut.usf" 2509
"../../../Engine/Shaders/Private/Nanite/NaniteHierarchyTraversal.ush" 2510
"../../../Engine/Shaders/Private/Nanite/NaniteShadeBinning.usf" 2511
"../../../Engine/Shaders/Private/Nanite/NaniteShadeCommon.ush" 2512
"../../../Engine/Shaders/Private/Nanite/NaniteFastClear.usf" 2513
"../../../Engine/Shaders/Private/Nanite/NaniteMaterialCulling.usf" 2514
"../../../Engine/Shaders/Private/Nanite/NaniteExportGBuffer.usf" 2515
"../../../Engine/Shaders/Private/Nanite/NaniteClusterCulling.usf" 2516
"../../../Engine/Shaders/Private/Nanite/NanitePrintStats.usf" 2517
"../../../Engine/Shaders/Private/Nanite/NaniteRasterizer.usf" 2518
"../../../Engine/Shaders/Private/Nanite/NaniteRasterizationCommon.ush" 2519
"../../../Engine/Shaders/Private/Nanite/NaniteRasterizer.ush" 2520
"../../../Engine/Shaders/Private/Nanite/NaniteWritePixel.ush" 2521
"../../../Engine/Shaders/Private/Nanite/NaniteTessellation.ush" 2522
"../../../Engine/Shaders/Private/WorkDistribution.ush" 2523
"../../../Engine/Shaders/Private/Nanite/NaniteDice.ush" 2524
"../../../Engine/Shaders/Private/Nanite/NaniteSplit.usf" 2525
"../../../Engine/Shaders/Private/Nanite/NaniteRasterBinning.usf" 2526
"../../../Engine/Shaders/Private/Nanite/NaniteInstanceCulling.usf" 2527
"../../../Engine/Shaders/Private/Nanite/NaniteImposter.ush" 2528
"../../../Engine/Shaders/Private/Nanite/NaniteInstanceHierarchyCulling.usf" 2529
"../../../Engine/Shaders/Private/Nanite/NanitePrimitiveFilter.usf" 2530
"../../../Engine/Shaders/Private/Nanite/NaniteRasterClear.usf" 2531
"../../../Engine/Shaders/Private/Nanite/NaniteDepthExport.usf" 2532
"../../../Engine/Shaders/Private/Nanite/NaniteEmitShadow.usf" 2533
"../../../Engine/Shaders/Private/MobileDeferredUtils.usf" 2534
"../../../Engine/Shaders/Private/MobileLocalLightsBuffer.usf" 2535
"../../../Engine/Shaders/Private/MobileLightingCommon.ush" 2536
"../../../Engine/Shaders/Private/MobileFog.usf" 2537
"../../../Engine/Shaders/Private/DistortApplyScreenPS.usf" 2538
"../../../Engine/Shaders/Private/MobileDeferredShading.usf" 2539
"../../../Engine/Shaders/Private/MobileBasePassPixelShader.usf" 2540
"../../../Engine/Shaders/Private/MobileBasePassCommon.ush" 2541
"../../../Engine/Shaders/Private/BasePassCommon.ush" 2542
"../../../Engine/Shaders/Private/ShadingModelsMaterial.ush" 2543
"../../../Engine/Shaders/Private/ThinTranslucentCommon.ush" 2544
"../../../Engine/Shaders/Private/SingleLayerWaterShading.ush" 2545
"../../../Engine/Shaders/Private/DistortionCommon.ush" 2546
"../../../Engine/Shaders/Private/Substrate/SubstrateMobileForwardLighting.ush" 2547
"../../../Engine/Shaders/Private/MobileBasePassVertexShader.usf" 2548
"../../../Engine/Shaders/Private/ManyLights/ManyLightsRayTracing.usf" 2549
"../../../Engine/Shaders/Private/DistanceField/GlobalDistanceFieldUtils.ush" 2550
"../../../Engine/Shaders/Private/Lumen/LumenScreenTracing.ush" 2551
"../../../Engine/Shaders/Private/Lumen/LumenMaterial.ush" 2552
"../../../Engine/Shaders/Private/Lumen/LumenPosition.ush" 2553
"../../../Engine/Shaders/Private/ManyLights/ManyLights.ush" 2554
"../../../Engine/Shaders/Private/ManyLights/ManyLightsRayTracing.ush" 2555
"../../../Engine/Shaders/Private/ManyLights/ManyLightsHardwareRayTracing.usf" 2556
"../../../Engine/Shaders/Private/Lumen/LumenHardwareRayTracingCommon.ush" 2557
"../../../Engine/Shaders/Private/RayTracing/RayTracingReflectionEnvironment.ush" 2558
"../../../Engine/Shaders/Private/Lumen/LumenHardwareRayTracingPlatformCommon.ush" 2559
"../../../Engine/Shaders/Private/Lumen/LumenReflectionsCombine.ush" 2560
"../../../Engine/Shaders/Private/Lumen/LumenTracingCommon.ush" 2561
"../../../Engine/Shaders/Private/Lumen/SurfaceCache/LumenSurfaceCacheSampling.ush" 2562
"../../../Engine/Shaders/Private/Lumen/SurfaceCache/LumenSurfaceCache.ush" 2563
"../../../Engine/Shaders/Private/Lumen/LumenCardCommon.ush" 2564
"../../../Engine/Shaders/Private/ManyLights/ManyLightsDenoiserSpatial.usf" 2565
"../../../Engine/Shaders/Private/ManyLights/ManyLightsDenoiserTemporal.usf" 2566
"../../../Engine/Shaders/Private/ManyLights/ManyLightsShading.usf" 2567
"../../../Engine/Shaders/Private/ManyLights/ManyLightsResolve.usf" 2568
"../../../Engine/Shaders/Private/ManyLights/ManyLights.usf" 2569
"../../../Engine/Shaders/Private/ManyLights/ManyLightsSampling.usf" 2570
"../../../Engine/Shaders/Private/Lumen/LumenVisualizeRadianceCache.usf" 2571
"../../../Engine/Shaders/Private/Lumen/LumenRadianceCacheCommon.ush" 2572
"../../../Engine/Shaders/Private/Lumen/LumenVisualizeHardwareRayTracing.usf" 2573
"../../../Engine/Shaders/Private/Lumen/LumenVisualize.ush" 2574
"../../../Engine/Shaders/Private/Lumen/LumenHairTracing.ush" 2575
"../../../Engine/Shaders/Private/Lumen/LumenVisualize.usf" 2576
"../../../Engine/Shaders/Private/Lumen/LumenSoftwareRayTracing.ush" 2577
"../../../Engine/Shaders/Private/DistanceField/GlobalDistanceFieldObjectGrid.ush" 2578
"../../../Engine/Shaders/Private/DistanceFieldLightingShared.ush" 2579
"../../../Engine/Shaders/Private/Lumen/LumenVisualizeTraces.ush" 2580
"../../../Engine/Shaders/Private/Lumen/LumenTranslucencyVolumeLighting.usf" 2581
"../../../Engine/Shaders/Private/Lumen/LumenRadianceCacheMarkCommon.ush" 2582
"../../../Engine/Shaders/Private/Lumen/LumenTranslucencyVolumeLightingShared.ush" 2583
"../../../Engine/Shaders/Private/Lumen/LumenScreenProbeCommon.ush" 2584
"../../../Engine/Shaders/Private/Lumen/LumenTranslucencyVolumeHardwareRayTracing.usf" 2585
"../../../Engine/Shaders/Private/Lumen/LumenTranslucencyRadianceCacheMarkShaders.usf" 2586
"../../../Engine/Shaders/Private/Lumen/SurfaceCache/LumenSurfaceCacheFeedback.usf" 2587
"../../../Engine/Shaders/Private/Lumen/SurfaceCache/LumenSurfaceCache.usf" 2588
"../../../Engine/Shaders/Private/Lumen/LumenShortRangeAOHardwareRayTracing.usf" 2589
"../../../Engine/Shaders/Private/Lumen/LumenScreenSpaceBentNormal.usf" 2590
"../../../Engine/Shaders/Private/Lumen/LumenScreenProbeTracing.usf" 2591
"../../../Engine/Shaders/Private/Lumen/LumenScreenProbeTracingCommon.ush" 2592
"../../../Engine/Shaders/Private/Lumen/LumenScreenProbeImportanceSampling.usf" 2593
"../../../Engine/Shaders/Private/Lumen/LumenScreenProbeImportanceSamplingShared.ush" 2594
"../../../Engine/Shaders/Private/Lumen/LumenScreenProbeHardwareRayTracing.usf" 2595
"../../../Engine/Shaders/Private/Lumen/LumenDenoising.usf" 2596
"../../../Engine/Shaders/Private/Lumen/LumenScreenProbeGather.usf" 2597
"../../../Engine/Shaders/Private/Lumen/LumenScreenSpaceBentNormal.ush" 2598
"../../../Engine/Shaders/Private/Lumen/LumenScreenProbeLightSampling.usf" 2599
"../../../Engine/Shaders/Private/Lumen/LumenScreenProbeFiltering.usf" 2600
"../../../Engine/Shaders/Private/Lumen/LumenSceneLighting.usf" 2601
"../../../Engine/Shaders/Private/Lumen/LumenCardTile.ush" 2602
"../../../Engine/Shaders/Private/Lumen/LumenSceneLighting.ush" 2603
"../../../Engine/Shaders/Private/Lumen/Radiosity/LumenRadiosity.ush" 2604
"../../../Engine/Shaders/Private/Lumen/LumenSceneLightingDebug.usf" 2605
"../../../Engine/Shaders/Private/Lumen/LumenScene.usf" 2606
"../../../Engine/Shaders/Private/Lumen/LumenSceneDirectLightingHardwareRayTracing.usf" 2607
"../../../Engine/Shaders/Private/Lumen/LumenReflectionCommon.ush" 2608
"../../../Engine/Shaders/Private/Lumen/LumenSceneDirectLighting.ush" 2609
"../../../Engine/Shaders/Private/Lumen/LumenSceneDirectLightingSoftwareRayTracing.usf" 2610
"../../../Engine/Shaders/Private/DistanceFieldShadowingShared.ush" 2611
"../../../Engine/Shaders/Private/Lumen/LumenSceneDirectLightingPerLightShadowCommon.ush" 2612
"../../../Engine/Shaders/Private/Lumen/LumenSceneDirectLightingShadowMask.usf" 2613
"../../../Engine/Shaders/Private/Lumen/LumenSceneDirectLighting.usf" 2614
"../../../Engine/Shaders/Private/Lumen/LumenSceneDirectLightingCulling.usf" 2615
"../../../Engine/Shaders/Private/Lumen/LumenCardComputeShader.usf" 2616
"../../../Engine/Shaders/Private/Lumen/LumenCardPixelShader.usf" 2617
"../../../Engine/Shaders/Private/Lumen/LumenCardVertexShader.usf" 2618
"../../../Engine/Shaders/Private/Lumen/LumenReSTIRGather.usf" 2619
"../../../Engine/Shaders/Private/Lumen/LumenReflectionTracing.usf" 2620
"../../../Engine/Shaders/Private/Lumen/LumenReflections.usf" 2621
"../../../Engine/Shaders/Private/Lumen/LumenReflectionHardwareRayTracing.usf" 2622
"../../../Engine/Shaders/Private/Lumen/Radiosity/LumenVisualizeRadiosityProbes.usf" 2623
"../../../Engine/Shaders/Private/Lumen/Radiosity/LumenRadiosity.usf" 2624
"../../../Engine/Shaders/Private/RayTracing/RayGenUtils.ush" 2625
"../../../Engine/Shaders/Private/Lumen/Radiosity/LumenRadiosityHardwareRayTracing.usf" 2626
"../../../Engine/Shaders/Private/Lumen/Radiosity/LumenRadiosityCulling.usf" 2627
"../../../Engine/Shaders/Private/Lumen/LumenRadianceCacheHardwareRayTracing.usf" 2628
"../../../Engine/Shaders/Private/Lumen/LumenRadianceCacheTracingCommon.ush" 2629
"../../../Engine/Shaders/Private/Lumen/LumenRadianceCache.usf" 2630
"../../../Engine/Shaders/Private/Lumen/LumenRadianceCacheUpdate.ush" 2631
"../../../Engine/Shaders/Private/Lumen/LumenRadianceCacheDebug.usf" 2632
"../../../Engine/Shaders/Private/Lumen/LumenRadianceCacheUpdate.usf" 2633
"../../../Engine/Shaders/Private/Lumen/LumenMeshSDFCulling.usf" 2634
"../../../Engine/Shaders/Private/HybridIndirectLighting.ush" 2635
"../../../Engine/Shaders/Private/MeshDistanceFieldCommon.ush" 2636
"../../../Engine/Shaders/Private/Lumen/LumenIrradianceFieldGather.usf" 2637
"../../../Engine/Shaders/Private/Lumen/LumenHardwareRayTracingMaterials.usf" 2638
"../../../Engine/Shaders/Private/Lumen/LumenFrontLayerTranslucency.usf" 2639
"../../../Engine/Shaders/Private/LocalFogVolumes/LocalFogVolumeSplat.usf" 2640
"../../../Engine/Shaders/Private/LocalFogVolumes/LocalFogVolumeTiledCulling.usf" 2641
"../../../Engine/Shaders/Private/LightShaftShader.usf" 2642
"../../../Engine/Shaders/Private/StationaryLightOverlapShaders.usf" 2643
"../../../Engine/Shaders/Private/DeferredLightPixelShaders.usf" 2644
"../../../Engine/Shaders/Private/HairStrands/HairStrandsVisibilityUtils.ush" 2645
"../../../Engine/Shaders/Private/DeferredLightVertexShaders.usf" 2646
"../../../Engine/Shaders/Private/LightMapDensityShader.usf" 2647
"../../../Engine/Shaders/Private/LightGridInjection.usf" 2648
"../../../Engine/Shaders/Private/LightFunctionPixelShader.usf" 2649
"../../../Engine/Shaders/Private/LightFunctionVertexShader.usf" 2650
"../../../Engine/Shaders/Private/LightFunctionAtlas/LightFunctionAtlasRender.usf" 2651
"../../../Engine/Shaders/Private/InstanceCulling/InstanceCullingOcclusionQuery.usf" 2652
"../../../Engine/Shaders/Private/InstanceCulling/BuildInstanceDrawCommands.usf" 2653
"../../../Engine/Shaders/Private/InstanceCulling/InstanceCompactionCommon.ush" 2654
"../../../Engine/Shaders/Private/SceneDataMobileWriter.ush" 2655
"../../../Engine/Shaders/Private/InstanceCulling/CompactVisibleInstances.usf" 2656
"../../../Engine/Shaders/Private/ReflectionEnvironmentPixelShader.usf" 2657
"../../../Engine/Shaders/Private/AmbientCubemapComposite.usf" 2658
"../../../Engine/Shaders/Private/DiffuseIndirectComposite.usf" 2659
"../../../Engine/Shaders/Private/IESAtlas.usf" 2660
"../../../Engine/Shaders/Private/HeterogeneousVolumes/HeterogeneousVolumesVoxelGridShadows.usf" 2661
"../../../Engine/Shaders/Private/HeterogeneousVolumes/HeterogeneousVolumesVoxelGridRenderingUtils.ush" 2662
"../../../Engine/Shaders/Private/HeterogeneousVolumes/HeterogeneousVolumesLightingUtils.ush" 2663
"../../../Engine/Shaders/Private/HeterogeneousVolumes/HeterogeneousVolumesVoxelGridRendering.usf" 2664
"../../../Engine/Shaders/Private/HeterogeneousVolumes/HeterogeneousVolumesVoxelGridPipeline.usf" 2665
"../../../Engine/Shaders/Private/HeterogeneousVolumes/HeterogeneousVolumesMaterialBakingPipeline.usf" 2666
"../../../Engine/Shaders/Private/HeterogeneousVolumes/HeterogeneousVolumesLiveShadingUtils.ush" 2667
"../../../Engine/Shaders/Private/HeterogeneousVolumes/HeterogeneousVolumesFrustumVoxelGrid.usf" 2668
"../../../Engine/Shaders/Private/HeterogeneousVolumes/HeterogeneousVolumesSparseVoxelPipeline.usf" 2669
"../../../Engine/Shaders/Private/HeterogeneousVolumes/HeterogeneousVolumesSparseVoxelUtils.ush" 2670
"../../../Engine/Shaders/Private/HeterogeneousVolumes/HeterogeneousVolumesSparseVoxelUniformBufferUtils.ush" 2671
"../../../Engine/Shaders/Private/HeterogeneousVolumes/HeterogeneousVolumesPreshadingPipeline.usf" 2672
"../../../Engine/Shaders/Private/HeterogeneousVolumes/HeterogeneousVolumesLiveShadingShadows.usf" 2673
"../../../Engine/Shaders/Private/HeterogeneousVolumes/HeterogeneousVolumesLiveShadingPipeline.usf" 2674
"../../../Engine/Shaders/Private/HeterogeneousVolumes/HeterogeneousVolumesHardwareRayTracing.usf" 2675
"../../../Engine/Shaders/Private/HeterogeneousVolumes/HeterogeneousVolumesComposite.usf" 2676
"../../../Engine/Shaders/Private/HdrCustomResolveShaders.usf" 2677
"../../../Engine/Shaders/Private/HairStrands/HairStrandsVoxelRasterCompute.usf" 2678
"../../../Engine/Shaders/Private/Matrices.ush" 2679
"../../../Engine/Shaders/Private/HairStrands/HairStrandsAABBCommon.ush" 2680
"../../../Engine/Shaders/Private/HairStrands/HairStrandsClusterCommon.ush" 2681
"../../../Engine/Shaders/Private/HairStrands/HairStrandsRaytracingGeometry.usf" 2682
"../../../Engine/Shaders/Private/HairStrands/HairStrandsHitProxy.usf" 2683
"../../../Engine/Shaders/Private/HairStrands/HairStrandsVisibilityRasterComputeNaive.usf" 2684
"../../../Engine/Shaders/Private/HairStrands/HairStrandsVisibilityRasterHW.usf" 2685
"../../../Engine/Shaders/Private/HairStrands/HairStrandsVisibilityRasterCompute.usf" 2686
"../../../Engine/Shaders/Private/HairStrands/HairStrandsVisibilityRasterClassification.usf" 2687
"../../../Engine/Shaders/Private/HairStrands/HairStrandsCoverage.usf" 2688
"../../../Engine/Shaders/Private/HairStrands/HairStrandsVisibilityDepthPS.usf" 2689
"../../../Engine/Shaders/Private/HairStrands/HairStrandsVisibilityTransmittanceDepthPS.usf" 2690
"../../../Engine/Shaders/Private/HairStrands/HairStrandsVisibilityFillOpaqueDepthPS.usf" 2691
"../../../Engine/Shaders/Private/HairStrands/HairStrandsVisibilityCompactionComputeRaster.usf" 2692
"../../../Engine/Shaders/Private/HairStrands/HairStrandsVisibilityCompaction.usf" 2693
"../../../Engine/Shaders/Private/HairStrands/HairStrandsVisibilityCopyIndirectArg.usf" 2694
"../../../Engine/Shaders/Private/HairStrands/HairStrandsVisibilityClearPS.usf" 2695
"../../../Engine/Shaders/Private/HairStrands/HairStrandsVisibilityPS.usf" 2696
"../../../Engine/Shaders/Private/HairStrands/HairStrandsVisibilityVS.usf" 2697
"../../../Engine/Shaders/Private/HairStrands/HairStrandsVelocity.usf" 2698
"../../../Engine/Shaders/Private/HairStrands/HairStrandsDebug.usf" 2699
"../../../Engine/Shaders/Private/HairStrands/HairStrandsBindingCommon.ush" 2700
"../../../Engine/Shaders/Private/HairStrands/HairStrandsDeepShadowCommon.ush" 2701
"../../../Engine/Shaders/Private/HairStrands/HairStrandsDebugCommonStruct.ush" 2702
"../../../Engine/Shaders/Private/HairStrands/HairStrandsVisibilityComputeSampleCoverage.usf" 2703
"../../../Engine/Shaders/Private/HairStrands/HairStrandsMaterialPS.usf" 2704
"../../../Engine/Shaders/Private/HairStrands/HairStrandsMaterialCommon.ush" 2705
"../../../Engine/Shaders/Private/HairStrands/HairStrandsMaterialVS.usf" 2706
"../../../Engine/Shaders/Private/HairStrands/HairStrandsLightSample.usf" 2707
"../../../Engine/Shaders/Private/HairStrands/HairStrandsMesh.usf" 2708
"../../../Engine/Shaders/Private/HairStrands/HairStrandsDeepShadowMask.usf" 2709
"../../../Engine/Shaders/Private/HairStrands/HairStrandsDeepTransmittanceMask.usf" 2710
"../../../Engine/Shaders/Private/HairStrands/HairStrandsVisibilityTile.usf" 2711
"../../../Engine/Shaders/Private/HairStrands/HairStrandsDeepShadowPS.usf" 2712
"../../../Engine/Shaders/Private/HairStrands/HairStrandsDeepShadowVS.usf" 2713
"../../../Engine/Shaders/Private/HairStrands/HairStrandsAABB.usf" 2714
"../../../Engine/Shaders/Private/HairStrands/HairStrandsLUT.usf" 2715
"../../../Engine/Shaders/Private/HairStrands/HairStrandsForwardRaster.usf" 2716
"../../../Engine/Shaders/Private/HairStrands/HairStrandsForwardCulling.usf" 2717
"../../../Engine/Shaders/Private/HairStrands/HairStrandsEnvironmentLighting.usf" 2718
"../../../Engine/Shaders/Private/HairStrands/HairStrandsEnvironmentAO.usf" 2719
"../../../Engine/Shaders/Private/HairStrands/HairStrandsDeepShadowAllocation.usf" 2720
"../../../Engine/Shaders/Private/HairStrands/HairStrandsVoxelDebug.usf" 2721
"../../../Engine/Shaders/Private/HairStrands/HairStrandsComposition.usf" 2722
"../../../Engine/Shaders/Private/HairStrands/HairStrandsGBufferCommon.ush" 2723
"../../../Engine/Shaders/Private/GPUScene/GPUSceneDataManagement.usf" 2724
"../../../Engine/Shaders/Private/GPUSceneDebugRender.usf" 2725
"../../../Engine/Shaders/Private/GPUFastFourierTransform.usf" 2726
"../../../Engine/Shaders/Private/GPUFastFourierTransform2DCore.ush" 2727
"../../../Engine/Shaders/Private/GPUFastFourierTransformCore.ush" 2728
"../../../Engine/Shaders/Private/GPUBenchmark.usf" 2729
"../../../Engine/Shaders/Private/DistanceField/GlobalDistanceFieldDebug.usf" 2730
"../../../Engine/Shaders/Private/DistanceField/GlobalDistanceFieldUpdate.ush" 2731
"../../../Engine/Shaders/Private/DistanceField/GlobalDistanceFieldMip.usf" 2732
"../../../Engine/Shaders/Private/DistanceField/GlobalDistanceField.usf" 2733
"../../../Engine/Shaders/Private/DistanceField/GlobalDistanceFieldCompositeObjects.usf" 2734
"../../../Engine/Shaders/Private/DistanceField/GlobalDistanceFieldHeightfields.usf" 2735
"../../../Engine/Shaders/Private/HeightfieldLightingShared.ush" 2736
"../../../Engine/Shaders/Private/GenerateConservativeDepth.usf" 2737
"../../../Engine/Shaders/Private/HeightFogPixelShader.usf" 2738
"../../../Engine/Shaders/Private/HeightFogVertexShader.usf" 2739
"../../../Engine/Shaders/Private/DistortFiltering.usf" 2740
"../../../Engine/Shaders/Private/DistortAccumulatePS.usf" 2741
"../../../Engine/Shaders/Private/DistortAccumulateVS.usf" 2742
"../../../Engine/Shaders/Private/DistanceFieldVisualization.usf" 2743
"../../../Engine/Shaders/Private/DistanceFieldStreaming.usf" 2744
"../../../Engine/Shaders/Private/DistanceFieldShadowing.usf" 2745
"../../../Engine/Shaders/Private/DistanceFieldScreenGridLighting.usf" 2746
"../../../Engine/Shaders/Private/DistanceFieldObjectCulling.usf" 2747
"../../../Engine/Shaders/Private/DistanceFieldLightingPost.usf" 2748
"../../../Engine/Shaders/Private/DitheredTransitionStencil.usf" 2749
"../../../Engine/Shaders/Private/CopyDepthTextureCS.usf" 2750
"../../../Engine/Shaders/Private/DeferredDecal.usf" 2751
"../../../Engine/Shaders/Private/DecalCommon.ush" 2752
"../../../Engine/Shaders/Private/DebugViewModeVertexShader.usf" 2753
"../../../Engine/Shaders/Private/DebugViewModeCommon.ush" 2754
"../../../Engine/Shaders/Private/DebugViewModePixelShader.usf" 2755
"../../../Engine/Shaders/Private/DebugProbes.usf" 2756
"../../../Engine/Shaders/Private/MeshDecals.usf" 2757
"../../../Engine/Shaders/Private/PostProcessAmbientOcclusion.usf" 2758
"../../../Engine/Shaders/Private/ClusteredDeferredShadingPixelShader.usf" 2759
"../../../Engine/Shaders/Private/ClusteredDeferredShadingVertexShader.usf" 2760
"../../../Engine/Shaders/Private/CapsuleShadowShaders.usf" 2761
"../../../Engine/Shaders/Private/BasePassPixelShader.usf" 2762
"../../../Engine/Shaders/Private/ForwardLightingCommon.ush" 2763
"../../../Engine/Shaders/Private/Substrate/SubstrateForwardLighting.ush" 2764
"../../../Engine/Shaders/Private/ComputeShaderOutputCommon.ush" 2765
"../../../Engine/Shaders/Private/BasePassVertexShader.usf" 2766
"../../../Engine/Shaders/Private/BasePassVertexCommon.ush" 2767
"../../../Engine/Shaders/Private/SimpleElementVolumeTexturePreviewPixelShader.usf" 2768
"../../../Engine/Shaders/Private/SimpleElementTexture2DPreviewPixelShader.usf" 2769
"../../../Engine/Shaders/Private/meshpaintdilatepixelshader.usf" 2770
"../../../Engine/Shaders/Private/meshpaintdilatevertexshader.usf" 2771
"../../../Engine/Shaders/Private/MeshPaintPixelShader.usf" 2772
"../../../Engine/Shaders/Private/MeshPaintVertexShader.usf" 2773
"../../../Engine/Shaders/Private/SlateElementPixelShader.usf" 2774
"../../../Engine/Shaders/Private/SlateShaderCommon.ush" 2775
"../../../Engine/Shaders/Private/CompositeUIPixelShader.usf" 2776
"../../../Engine/Shaders/Private/ColorDeficiency.ush" 2777
"../../../Engine/Shaders/Private/SlateMaskingShader.usf" 2778
"../../../Engine/Shaders/Private/SlatePostProcessColorDeficiencyPixelShader.usf" 2779
"../../../Engine/Shaders/Private/SlatePostProcessPixelShader.usf" 2780
"../../../Engine/Shaders/Private/SlateVertexShader.usf" 2781
"../../../Engine/Shaders/Private/Tools/VisualizeTexture.usf" 2782
"../../../Engine/Shaders/Private/ByteBuffer.usf" 2783
"../../../Engine/Shaders/Private/ShaderBundleDispatch.usf" 2784
"../../../Engine/Shaders/Private/ResolveVertexShader.usf" 2785
"../../../Engine/Shaders/Private/ResolvePixelShader.usf" 2786
"../../../Engine/Shaders/Private/Tools/SetupIndirectArgs.usf" 2787
"../../../Engine/Shaders/Private/ClearReplacementShaders.usf" 2788
"../../../Engine/Shaders/Private/Tools/DrawTexture.usf" 2789
"../../../Engine/Shaders/Private/RayTracing/RayTracingValidation.usf" 2790
"../../../Engine/Shaders/Private/RenderGraphUtilities.usf" 2791
"../../../Engine/Shaders/Private/OneColorShader.usf" 2792
"../../../Engine/Shaders/Private/OculusShaders.usf" 2793
"../../../Engine/Shaders/Private/MediaShaders.usf" 2794
"../../../Engine/Shaders/Private/GPUMessaging.usf" 2795
"../../../Engine/Shaders/Private/Tools/GPUDebugCrashUtils.usf" 2796
"../../../Engine/Shaders/Private/NullPixelShader.usf" 2797
"../../../Engine/Shaders/Private/ComputeGenerateMips.usf" 2798
"../../../Engine/Shaders/Private/Tools/DumpTexture.usf" 2799
"../../../Engine/Shaders/Private/CopyTextureShaders.usf" 2800
"../../../Engine/Shaders/Private/Tools/FullscreenVertexShader.usf" 2801
"../../../Engine/Shaders/Private/RayTracing/RayTracingDispatchDesc.usf" 2802
"../../../Engine/Shaders/Private/Bink.usf" 2803
"../../../Engine/Shaders/Private/VelocityShader.usf" 2804
"../../../Engine/Shaders/Private/DepthOnlyPixelShader.usf" 2805
"../../../Engine/Shaders/Private/PositionOnlyDepthVertexShader.usf" 2806
"../../../Engine/Shaders/Private/DepthOnlyVertexShader.usf" 2807
"../../../Engine/Shaders/Private/AnisotropyPassShader.usf" 2808
"C:/Users/win11/Documents/GitHub/the-last-check-in/Content/Eben_Work/BP_DialogueTest.uasset" 2809
"C:/Users/win11/Documents/GitHub/the-last-check-in/Content/tomWork/TemplateContent/FirstPerson/Blueprints/BP_FirstPersonCharacter.uasset" 2810
"../../../Engine/Content/EditorResources/S_Actor.uasset" 2811
"../../../../../../Users/win11/Documents/GitHub/the-last-check-in/Intermediate/ShaderAutogen/PCD3D_SM6/AutogenShaderHeaders.ush" 2812
"../../../Engine/Content/EditorResources/S_BoxReflectionCapture.uasset" 2813
"../../../Engine/Content/EngineResources/DefaultTexture.uasset" 2814
"../../../Engine/Content/EngineResources/DefaultTextureCube.uasset" 2815
"../../../Engine/Content/EngineResources/DefaultVolumeTexture.uasset" 2816
"../../../Engine/Content/EngineResources/DefaultVolumeTexture2D.uasset" 2817
"../../../Engine/Content/EngineFonts/RobotoDistanceField.uasset" 2818
"../../../Engine/Content/EngineMaterials/DefaultTextMaterialOpaque.uasset" 2819
"../../../Engine/Content/Functions/Engine_MaterialFunctions01/Shading/PowerToRoughness.uasset" 2820
"../../../Engine/Content/Functions/Engine_MaterialFunctions01/Shading/ConvertFromDiffSpec.uasset" 2821
"../../../Engine/Content/EngineMaterials/WorldGridMaterial.uasset" 2822
"../../../Engine/Content/Functions/Engine_MaterialFunctions01/Opacity/CameraDepthFade.uasset" 2823
"../../../Engine/Content/EngineMaterials/T_Default_Material_Grid_M.uasset" 2824
"../../../Engine/Content/EngineMaterials/T_Default_Material_Grid_N.uasset" 2825
"../../../Engine/Content/EngineMaterials/DefaultDeferredDecalMaterial.uasset" 2826
"../../../Engine/Content/EngineMaterials/DefaultDiffuse.uasset" 2827
"../../../Engine/Content/EngineMaterials/DefaultLightFunctionMaterial.uasset" 2828
"../../../Engine/Content/EngineMaterials/DefaultPostProcessMaterial.uasset" 2829
"../../../Engine/Content/Functions/Engine_MaterialFunctions02/Utility/BreakOutFloat2Components.uasset" 2830
"../../../Engine/Content/EditorResources/S_Trigger.uasset" 2831
"../../../Engine/Content/EditorResources/S_TriggerBox.uasset" 2832
"../../../Engine/Content/EditorResources/S_TriggerCapsule.uasset" 2833
"../../../Engine/Content/EditorResources/S_TriggerSphere.uasset" 2834
"../../../Engine/Content/EngineDamageTypes/DmgTypeBP_Environmental.uasset" 2835
"../../../Engine/Content/EngineSky/VolumetricClouds/m_SimpleVolumetricCloud_Inst.uasset" 2836
"../../../Engine/Content/EngineSky/VolumetricClouds/m_SimpleVolumetricCloud.uasset" 2837
"../../../Engine/Content/Functions/Engine_MaterialFunctions02/Utility/MakeFloat2.uasset" 2838
"../../../Engine/Content/EngineSky/VolumetricClouds/CloudGradientTexture.uasset" 2839
"../../../Engine/Content/EngineSky/VolumetricClouds/CloudWeatherTexture.uasset" 2840
"../../../Engine/Content/EngineSky/VolumetricClouds/T_VolumeNoiseErosion32.uasset" 2841
"../../../Engine/Content/EngineSky/VolumetricClouds/T_NoiseErosion.uasset" 2842
"../../../Engine/Content/EngineSky/VolumetricClouds/T_VolumeNoiseShape64.uasset" 2843
"../../../Engine/Content/EngineSky/VolumetricClouds/T_NoiseShape64.uasset" 2844
"../../../Engine/Content/EngineMeshes/Sphere.uasset" 2845
"../../../Engine/Content/EngineResources/WhiteSquareTexture.uasset" 2846
"../../../Engine/Content/EngineResources/GradientTexture0.uasset" 2847
"../../../Engine/Content/EngineResources/Black.uasset" 2848
"../../../Engine/Content/EngineMaterials/Widget3DPassThrough_Translucent.uasset" 2849
"../../../Engine/Content/EngineMaterials/Widget3DPassThrough.uasset" 2850
"../../../Engine/Content/EngineMaterials/Widget3DPassThrough_Translucent_OneSided.uasset" 2851
"../../../Engine/Content/EngineMaterials/Widget3DPassThrough_Opaque.uasset" 2852
"../../../Engine/Content/EngineMaterials/Widget3DPassThrough_Opaque_OneSided.uasset" 2853
"../../../Engine/Content/EngineMaterials/Widget3DPassThrough_Masked.uasset" 2854
"../../../Engine/Content/EngineMaterials/Widget3DPassThrough_Masked_OneSided.uasset" 2855
"../../../Engine/Content/VREditor/ViewportInteractionAssetContainerData.uasset" 2856
"../../../Engine/Content/VREditor/SnapGrid/SnapGridMaterial.uasset" 2857
"../../../Engine/Content/Functions/Engine_MaterialFunctions02/Math/Transform3x3Matrix.uasset" 2858
"../../../Engine/Content/Functions/Engine_MaterialFunctions02/Utility/BreakOutFloat3Components.uasset" 2859
"../../../Engine/Content/Functions/Engine_MaterialFunctions02/SplitComponents.uasset" 2860
"../../../Engine/Content/Functions/Engine_MaterialFunctions02/Utility/MakeFloat3.uasset" 2861
"../../../Engine/Content/VREditor/TransformGizmo/TransformGizmoMaterial_Inst.uasset" 2862
"../../../Engine/Content/VREditor/TransformGizmo/TransformGizmoMaterial.uasset" 2863
"../../../Engine/Content/VREditor/LaserPointer/VR_LaserPower_01.uasset" 2864
"../../../Engine/Content/VREditor/TransformGizmo/TranslucentTransformGizmoMaterial_Inst.uasset" 2865
"../../../Engine/Content/VREditor/TransformGizmo/TranslucentTransformGizmoMaterial.uasset" 2866
"../../../Engine/Content/VREditor/SnapGrid/SnapGridPlaneMesh.uasset" 2867
"../../../Engine/Content/VREditor/Sounds/UI/Drop_Item_From_ContentBrowser.uasset" 2868
"../../../Engine/Content/VREditor/Sounds/UI/Gizmo_Handle_Clicked.uasset" 2869
"../../../Engine/Content/VREditor/Sounds/UI/Object_PickUp.uasset" 2870
"../../../Engine/Content/VREditor/Sounds/UI/Object_Snaps_To_Another_Actor.uasset" 2871
"../../../Engine/Content/VREditor/Sounds/UI/Object_Snaps_To_Grid.uasset" 2872
"../../../Engine/Content/VREditor/Sounds/UI/Scaling_Down.uasset" 2873
"../../../Engine/Content/VREditor/Sounds/UI/Scaling_Up.uasset" 2874
"../../../Engine/Content/VREditor/Sounds/UI/Selection_Changes.uasset" 2875
"../../../Engine/Content/VREditor/TransformGizmo/PlaneTranslationHandle.uasset" 2876
"../../../Engine/Content/VREditor/TransformGizmo/RotationHandleFull.uasset" 2877
"../../../Engine/Content/VREditor/TransformGizmo/RotationHandleIndicator.uasset" 2878
"../../../Engine/Content/VREditor/TransformGizmo/RotationHandleQuarter.uasset" 2879
"../../../Engine/Content/VREditor/TransformGizmo/StartRotationHandleIndicator.uasset" 2880
"../../../Engine/Content/VREditor/TransformGizmo/TransformGizmoFreeRotation.uasset" 2881
"../../../Engine/Content/VREditor/TransformGizmo/TranslateArrowHandle.uasset" 2882
"../../../Engine/Content/VREditor/TransformGizmo/UniformScaleHandle.uasset" 2883
"../../../Engine/Content/VREditor/TransformGizmo/BoundingBoxCorner.uasset" 2884
"../../../Engine/Content/VREditor/TransformGizmo/BoundingBoxEdge.uasset" 2885
"../../../Engine/Content/VREditor/TransformGizmo/SM_Sequencer_Node.uasset" 2886
"../../../Engine/Content/VREditor/TransformGizmo/Main.uasset" 2887
"../../../Engine/Content/VREditor/TransformGizmo/Xray.uasset" 2888
"../../../Engine/Content/EditorResources/S_Solver.uasset" 2889
"../../../Engine/Content/EngineDebugMaterials/VolumeToRender.uasset" 2890
"../../../Engine/Content/EngineDebugMaterials/M_VolumeRenderSphereTracePP.uasset" 2891
"../../../Engine/Content/Functions/Engine_MaterialFunctions02/Utility/CameraDirectionVector.uasset" 2892
"../../../Engine/Content/EditorMeshes/Camera/SM_CraneRig_Base.uasset" 2893
"../../../Engine/Content/EditorMaterials/Camera/MI_CineMat_Rig.uasset" 2894
"../../../Engine/Content/EditorMaterials/Camera/CineMat.uasset" 2895
"../../../Engine/Content/EditorMeshes/Camera/SM_CraneRig_Arm.uasset" 2896
"../../../Engine/Content/EditorMeshes/Camera/SM_CraneRig_Mount.uasset" 2897
"../../../Engine/Content/EditorMeshes/Camera/SM_CraneRig_Body.uasset" 2898
"../../../Engine/Content/EditorMeshes/Camera/SM_RailRig_Track.uasset" 2899
"../../../Engine/Content/EditorMeshes/Camera/SM_RailRig_Mount.uasset" 2900
"../../../Engine/Content/ArtTools/RenderToTexture/Meshes/S_1_Unit_Plane.uasset" 2901
"../../../Engine/Content/EngineDebugMaterials/M_SimpleUnlitTranslucent.uasset" 2902
"../../../Engine/Content/EngineFonts/Roboto.uasset" 2903
"../../../Engine/Content/EngineFonts/Faces/DroidSansFallback.uasset" 2904
"../../../Engine/Content/EngineFonts/Faces/RobotoBold.uasset" 2905
"../../../Engine/Content/EngineFonts/Faces/RobotoBoldItalic.uasset" 2906
"../../../Engine/Content/EngineFonts/Faces/RobotoItalic.uasset" 2907
"../../../Engine/Content/EngineFonts/Faces/RobotoLight.uasset" 2908
"../../../Engine/Content/EngineFonts/Faces/RobotoRegular.uasset" 2909
"../../../Engine/Content/EditorMaterials/ParticleSystems/PSysThumbnail_NoImage.uasset" 2910
"../../../Engine/Content/EditorMaterials/ParticleSystems/PSysThumbnail_OOD.uasset" 2911
"../../../Engine/Content/EditorLandscapeResources/SplineEditorMesh.uasset" 2912
"../../../Engine/Content/EditorLandscapeResources/SplineEditorMeshMat.uasset" 2913
"../../../Engine/Content/EditorLandscapeResources/DataLayer.uasset" 2914
"../../Plugins/Animation/ACLPlugin/Content/ACLAnimBoneCompressionSettings.uasset" 2915
"../../../Engine/Content/Animation/DefaultRecorderBoneCompression.uasset" 2916
"../../Plugins/Animation/ACLPlugin/Content/ACLAnimCurveCompressionSettings.uasset" 2917
"../../../Engine/Content/Animation/DefaultVariableFrameStrippingSettings.uasset" 2918
"../../Plugins/Animation/ControlRig/Content/Controls/ControlRigXRayMaterial.uasset" 2919
"../../Plugins/Animation/ControlRig/Content/Controls/DefaultGizmoLibraryNormalized.uasset" 2920
"../../Plugins/Animation/ControlRig/Content/M_Manip.uasset" 2921
"../../../Engine/Content/Functions/Engine_MaterialFunctions02/WorldPositionOffset/CameraOffset.uasset" 2922
"../../Plugins/Interchange/Runtime/Content/gltf/MaterialBodies/MF_Default_Body.uasset" 2923
"../../Plugins/Interchange/Runtime/Content/gltf/MaterialFunctions/MF_BaseColor.uasset" 2924
"../../Plugins/Interchange/Runtime/Content/gltf/Textures/T_White_srgb.uasset" 2925
"../../Plugins/Interchange/Runtime/Content/gltf/MaterialFunctions/MF_Emissive.uasset" 2926
"../../Plugins/Interchange/Runtime/Content/gltf/MaterialFunctions/MF_IOR.uasset" 2927
"../../Plugins/Interchange/Runtime/Content/gltf/MaterialFunctions/MF_Iridescence.uasset" 2928
"../../Plugins/Interchange/Runtime/Content/Functions/MF_Iridescence.uasset" 2929
"../../../Engine/Content/Functions/Engine_MaterialFunctions03/Math/RemapValueRange.uasset" 2930
"../../Plugins/Interchange/Runtime/Content/Utilities/New_LUT.uasset" 2931
"../../Plugins/Interchange/Runtime/Content/gltf/MaterialFunctions/MF_MetallicRoughness.uasset" 2932
"../../Plugins/Interchange/Runtime/Content/gltf/Textures/T_White_Linear.uasset" 2933
"../../Plugins/Interchange/Runtime/Content/gltf/MaterialFunctions/MF_Normals.uasset" 2934
"../../Plugins/Interchange/Runtime/Content/gltf/MaterialFunctions/MF_RotateNormals_TS.uasset" 2935
"../../Plugins/Interchange/Runtime/Content/gltf/Textures/T_Generic_N.uasset" 2936
"../../Plugins/Interchange/Runtime/Content/gltf/MaterialFunctions/MF_Occlusion.uasset" 2937
"../../Plugins/Interchange/Runtime/Content/gltf/MaterialFunctions/MF_Specular.uasset" 2938
"../../Plugins/Interchange/Runtime/Content/gltf/MaterialFunctions/MF_TransformUVs.uasset" 2939
"../../Plugins/Interchange/Runtime/Content/gltf/MaterialFunctions/MF_RotateV2.uasset" 2940
"../../Plugins/Interchange/Runtime/Content/gltf/MaterialBodies/MF_Unlit_Body.uasset" 2941
"../../Plugins/Interchange/Runtime/Content/gltf/MaterialBodies/MF_ClearCoat_Body.uasset" 2942
"../../Plugins/Interchange/Runtime/Content/gltf/MaterialFunctions/MF_Clearcoat.uasset" 2943
"../../../Engine/Content/Functions/Engine_MaterialFunctions01/Texturing/FlattenNormal.uasset" 2944
"../../Plugins/Interchange/Runtime/Content/gltf/MaterialBodies/MF_Sheen_Body.uasset" 2945
"../../Plugins/Interchange/Runtime/Content/gltf/MaterialFunctions/MF_Sheen.uasset" 2946
"../../Plugins/Interchange/Runtime/Content/gltf/MaterialBodies/MF_Transmission_Body.uasset" 2947
"../../Plugins/Interchange/Runtime/Content/gltf/MaterialFunctions/MF_Fresnel_DS.uasset" 2948
"../../Plugins/Interchange/Runtime/Content/gltf/MaterialFunctions/MF_Temporal_Blur.uasset" 2949
"../../../Engine/Content/Functions/Engine_MaterialFunctions02/Texturing/ScreenAlignedPixelToPixelUVs.uasset" 2950
"../../../Engine/Content/EngineMaterials/Good64x64TilingNoiseHighFreq.uasset" 2951
"../../Plugins/Interchange/Runtime/Content/gltf/MaterialFunctions/MF_Transmission.uasset" 2952
"../../Plugins/Interchange/Runtime/Content/gltf/MaterialBodies/MF_SpecularGlossiness_Body.uasset" 2953
"../../Plugins/Interchange/Runtime/Content/gltf/MaterialFunctions/MF_DiffuseSpecGloss.uasset" 2954
"../../Plugins/Interchange/Runtime/Content/gltf/MaterialFunctions/MF_SpecGlossToMetalRoughness.uasset" 2955
"../../Plugins/Interchange/Runtime/Content/gltf/MaterialFunctions/MF_PerceivedBrightness.uasset" 2956
"../../../Engine/Content/Functions/Engine_MaterialFunctions02/Math/AddComponents.uasset" 2957
"../../Plugins/2D/Paper2D/Content/MaskedUnlitSpriteMaterial.uasset" 2958
"../../Plugins/2D/Paper2D/Content/DefaultSpriteMaterial.uasset" 2959
"../../Plugins/2D/Paper2D/Content/PlaceholderTextures/DummySpriteTexture.uasset" 2960
"../../Plugins/2D/Paper2D/Content/OpaqueUnlitSpriteMaterial.uasset" 2961
"../../Plugins/2D/Paper2D/Content/DefaultPaperTerrainMaterial.uasset" 2962
"../../Plugins/2D/Paper2D/Content/DummySprite.uasset" 2963
"../../../Engine/Content/BasicShapes/BasicShapeMaterial.uasset" 2964
"../../../Engine/Content/EditorMaterials/Dataflow/DataflowVertexMaterial.uasset" 2965
"../../Plugins/Editor/SpeedTreeImporter/Content/SpeedTree9/SpeedTreeMaster.uasset" 2966
"../../../Engine/Content/Functions/Engine_MaterialFunctions02/ObjectLocalBounds.uasset" 2967
"../../../Engine/Content/Functions/Engine_MaterialFunctions02/SafeNormalize.uasset" 2968
"../../../Engine/Content/Functions/Engine_MaterialFunctions02/Utility/VectorLength.uasset" 2969
"../../../Engine/Content/Functions/Engine_MaterialFunctions02/UVs/BoundingBoxBased_0-1_UVW.uasset" 2970
"../../../Engine/Content/Functions/Engine_MaterialFunctions02/WorldPositionOffset/ObjectScale.uasset" 2971
"../../Plugins/Editor/SpeedTreeImporter/Content/SpeedTree9/SpeedTreeBranchMotion.uasset" 2972
"../../Plugins/Editor/SpeedTreeImporter/Content/SpeedTree9/SpeedTreeWindMotion.uasset" 2973
"../../Plugins/Editor/SpeedTreeImporter/Content/SpeedTree9/game_wind_noise.uasset" 2974
"../../Plugins/Editor/SpeedTreeImporter/Content/SpeedTree9/UnpackDirection.uasset" 2975
"../../Plugins/Editor/SpeedTreeImporter/Content/SpeedTree9/UnpackInteger3.uasset" 2976
"../../Plugins/Editor/SpeedTreeImporter/Content/SpeedTree9/SpeedTreeCameraFacing.uasset" 2977
"../../Plugins/Editor/SpeedTreeImporter/Content/SpeedTree9/SpeedTreeWind.uasset" 2978
"../../Plugins/Editor/SpeedTreeImporter/Content/SpeedTree9/Empty.uasset" 2979
"../../Plugins/Editor/SpeedTreeImporter/Content/SpeedTree9/EmptyNormal.uasset" 2980
"../../Plugins/Editor/SpeedTreeImporter/Content/SpeedTree9/SpeedTreeBillboardMaster.uasset" 2981
"../../Plugins/Editor/SpeedTreeImporter/Content/SpeedTree9/SpeedTreeBillboard.uasset" 2982
"../../Plugins/Media/MediaPlate/Content/SM_MediaPlateScreen.uasset" 2983
"C:/Users/win11/AppData/Local/UnrealEngine/Editor/UInteractiveToolsPresetCollectionAsset_DefaultCollection.json" 2984
"../../../Engine/Content/EngineMaterials/NaniteHiddenSectionMaterial.uasset" 2985
"../../../Engine/Content/EngineMaterials/RemoveSurfaceMaterial.uasset" 2986
"../../../Engine/Content/EngineDebugMaterials/DebugMeshMaterial.uasset" 2987
"../../../Engine/Content/EngineMaterials/EmissiveMeshMaterial.uasset" 2988
"../../../Engine/Content/EngineMaterials/DefaultWhiteGrid_Low.uasset" 2989
"../../../Engine/Content/EngineMaterials/M_InvalidLightmapSettings.uasset" 2990
"../../../Engine/Content/EngineMaterials/InvalidLightmapSettings.uasset" 2991
"../../../Engine/Content/EngineMaterials/GizmoMaterial.uasset" 2992
"../../../Engine/Content/EngineMaterials/PhAT_JointLimitMaterial.uasset" 2993
"../../../Engine/Content/EngineMaterials/FlattenMaterial.uasset" 2994
"../../../Engine/Content/EngineMaterials/BaseFlattenDiffuseMap.uasset" 2995
"../../../Engine/Content/EngineMaterials/BaseFlattenEmissiveMap.uasset" 2996
"../../../Engine/Content/EngineMaterials/BaseFlattenGrayscaleMap.uasset" 2997
"../../../Engine/Content/EngineMaterials/BaseFlattenLinearColor.uasset" 2998
"../../../Engine/Content/EngineMaterials/BaseFlattenNormalMap.uasset" 2999
"../../../Engine/Content/Functions/Engine_MaterialFunctions02/PivotPainter2/Black_1x1_EXR_Texture.uasset" 3000
"../../../Engine/Content/EngineMaterials/FlattenMaterial_VT.uasset" 3001
"../../../Engine/Content/EngineMaterials/BaseFlattenDiffuseMap_VT.uasset" 3002
"../../../Engine/Content/EngineMaterials/BaseFlattenEmissiveMap_VT.uasset" 3003
"../../../Engine/Content/EngineMaterials/BaseFlattenGrayscaleMap_VT.uasset" 3004
"../../../Engine/Content/EngineMaterials/BaseFlattenLinearColor_VT.uasset" 3005
"../../../Engine/Content/EngineMaterials/BaseFlattenNormalMap_VT.uasset" 3006
"../../../Engine/Content/EngineMaterials/Black_1x1_EXR_Texture_VT.uasset" 3007
"../../../Engine/Content/EngineMaterials/FlattenMaterial_WS_Normal_VT.uasset" 3008
"../../../Engine/Content/EngineMaterials/DefaultBokeh.uasset" 3009
"../../../Engine/Content/EngineMaterials/MiniFont.uasset" 3010
"../../../Engine/Content/EngineMaterials/WeightMapPlaceholderTexture.uasset" 3011
"../../../Engine/Content/EngineMaterials/WeightMapArrayPlaceholderTexture.uasset" 3012
"../../../Engine/Content/EngineMaterials/DefaultWhiteGrid.uasset" 3013
"../../../Engine/Content/EngineMaterials/PreintegratedSkinBRDF.uasset" 3014
"../../../Engine/Content/EngineMaterials/DefaultPhysicalMaterial.uasset" 3015
"../../../Engine/Content/EngineMaterials/DefaultDestructiblePhysicalMaterial.uasset" 3016
"../../Plugins/Runtime/MeshModelingToolset/Content/Materials/M_DynamicMeshComponentVtxColor.uasset" 3017
"../../Plugins/FX/Niagara/Content/ParameterDefinitions/SpriteRenderer.uasset" 3018
"../../Plugins/FX/Niagara/Content/ParameterDefinitions/RibbonRenderer.uasset" 3019
"../../Plugins/FX/Niagara/Content/ParameterDefinitions/MeshRenderer.uasset" 3020
"../../Plugins/FX/Niagara/Content/ParameterDefinitions/LightRenderer.uasset" 3021
"../../Plugins/FX/Niagara/Content/ParameterDefinitions/DecalRenderer.uasset" 3022
"../../Plugins/FX/Niagara/Content/ParameterDefinitions/CoreParameters.uasset" 3023
"../../../Engine/Content/BasicShapes/Cube.uasset" 3024
"../../../Engine/Content/BasicShapes/Sphere.uasset" 3025
"../../../Engine/Content/EngineMaterials/DefaultMaterial.uasset" 3026
"../../../Engine/Content/BasicShapes/Cylinder.uasset" 3027
"../../../Engine/Content/BasicShapes/Cone.uasset" 3028
"../../../Engine/Content/BasicShapes/Plane.uasset" 3029
"../../../Engine/Content/EditorResources/SequenceRecorder/Countdown.uasset" 3030
"../../../Engine/Content/EditorResources/SequenceRecorder/RecordingIndicator.uasset" 3031
"../../../Engine/Content/EditorMaterials/PhAT_UnselectedMaterial.uasset" 3032
"../../../Engine/Content/EditorMaterials/PhAT_NoCollisionMaterial.uasset" 3033
"../../../Engine/Content/EditorLandscapeResources/DefaultAlphaTexture.uasset" 3034
"../../../Engine/Content/EditorResources/S_Terrain.uasset" 3035
"C:/Users/win11/Documents/GitHub/the-last-check-in/Intermediate/ShaderAutogen/PCD3D_SM6/AutogenShaderHeaders.ush" 3036
"../../../Engine/Plugins/Interchange/Runtime/Content/Functions/MX_ThinFilmBSDF.uasset" 3037
"../../../Engine/Plugins/Interchange/Runtime/Content/Functions/MX_MeasuredEDF.uasset" 3038
"../../../Engine/Plugins/Interchange/Runtime/Content/Functions/MX_SheenBSDF.uasset" 3039
"../../../Engine/Plugins/Animation/ControlRig/Content/Controls/ControlRigGizmoMaterial.uasset" 3040
"../../../Engine/Plugins/Interchange/Runtime/Content/Functions/MX_SubsurfaceBSDF.uasset" 3041
"../../../Engine/Plugins/Interchange/Runtime/Content/Functions/MX_UniformEDF.uasset" 3042
"../../../Engine/Plugins/Interchange/Runtime/Content/Functions/MX_AnisotropicVDF.uasset" 3043
"../../../Engine/Plugins/Interchange/Runtime/Content/Functions/MX_ConicalEDF.uasset" 3044
"../../../Engine/Plugins/Interchange/Runtime/Content/Functions/MX_TranslucentBSDF.uasset" 3045
"../../../Engine/Plugins/Interchange/Runtime/Content/Functions/MX_GeneralizedSchlickBSDF.uasset" 3046
"../../../Engine/Plugins/Interchange/Runtime/Content/Functions/MX_BurleyDiffuseBSDF.uasset" 3047
"../../../Engine/Plugins/Interchange/Runtime/Content/Functions/MX_AbsorptionVDF.uasset" 3048
"../../../Engine/Plugins/Interchange/Runtime/Content/Functions/MX_SurfaceUnlit.uasset" 3049
"../../../Engine/Plugins/Interchange/Runtime/Content/Functions/MX_ConductorBSDF.uasset" 3050
"../../../Engine/Plugins/Interchange/Runtime/Content/Functions/MX_DielectricBSDF.uasset" 3051
"../../../Engine/Plugins/Interchange/Runtime/Content/Pipelines/DefaultSceneLevelPipeline.uasset" 3052
"../../../Engine/Plugins/Interchange/Runtime/Content/Functions/MX_OrenNayarBSDF.uasset" 3053
"../../../Engine/Plugins/Interchange/Runtime/Content/Pipelines/DefaultSceneAssetsPipeline.uasset" 3054
"../../../Engine/Plugins/Interchange/Runtime/Content/Pipelines/DefaultTexturePipeline.uasset" 3055
"../../../Engine/Plugins/Interchange/Runtime/Content/Pipelines/DefaultGLTFPipeline.uasset" 3056
"../../../Engine/Plugins/Interchange/Runtime/Content/Pipelines/DefaultMaterialPipeline.uasset" 3057
"../../../Engine/Plugins/Interchange/Runtime/Content/Pipelines/DefaultGLTFSceneAssetsPipeline.uasset" 3058
"../../../Engine/Plugins/Interchange/Runtime/Content/Pipelines/DefaultGLTFAssetsPipeline.uasset" 3059
"../../../Engine/Plugins/Interchange/Runtime/Content/Pipelines/DefaultMaterialXPipeline.uasset" 3060
"../../../Engine/Content/EngineMaterials/STBlueNoise_vec2_128x128x64.uasset" 3061
"../../../Engine/Content/EngineSounds/Master.uasset" 3062
"../../../Engine/Plugins/Interchange/Runtime/Content/Functions/MX_UsdPreviewSurface.uasset" 3063
"../../../Engine/Content/EngineResources/FilmGrains/Marcie_Grain_v3_128_M2_000.uasset" 3064
"../../../Engine/Plugins/Interchange/Runtime/Content/Pipelines/DefaultAssetsPipeline.uasset" 3065
"../../../Engine/Content/EngineDebugMaterials/DebugEditorMaterial.uasset" 3066
"../../../Engine/Content/EngineMaterials/STBlueNoise_scalar_128x128x64.uasset" 3067
"../../../Engine/Content/EngineMaterials/DefaultBloomKernel.uasset" 3068
"../../../Engine/Content/EditorResources/BSPVertex.uasset" 3069
"C:/Users/win11/Documents/GitHub/the-last-check-in/Content/tomWork/Widgets/WBP_ItemInteractWidget.uasset" 3070
"C:/Users/win11/Documents/GitHub/the-last-check-in/Content/tomWork/Widgets/WBP_Inventory.uasset" 3071
"C:/Users/win11/Documents/GitHub/the-last-check-in/Content/tomWork/Widgets/WBP_DoorNumber.uasset" 3072
"C:/Users/win11/Documents/GitHub/the-last-check-in/Content/tomWork/TemplateContent/LevelPrototyping/Textures/T_GridChecker_A.uasset" 3073
"C:/Users/win11/Documents/GitHub/the-last-check-in/Content/tomWork/TemplateContent/LevelPrototyping/Materials/M_Solid.uasset" 3074
"C:/Users/win11/Documents/GitHub/the-last-check-in/Content/tomWork/TemplateContent/FirstPersonArms/Character/Textures/Shared/T_UE_Logo_M.uasset" 3075
"C:/Users/win11/Documents/GitHub/the-last-check-in/Content/tomWork/TemplateContent/FirstPersonArms/Character/Textures/Manny/T_Manny_02_Tan.uasset" 3076
"C:/Users/win11/Documents/GitHub/the-last-check-in/Content/tomWork/TemplateContent/FirstPersonArms/Character/Textures/Manny/T_Manny_02_N.uasset" 3077
"C:/Users/win11/Documents/GitHub/the-last-check-in/Content/tomWork/TemplateContent/FirstPersonArms/Character/Textures/Manny/T_Manny_02_MSR_MSK.uasset" 3078
"C:/Users/win11/Documents/GitHub/the-last-check-in/Content/tomWork/TemplateContent/FirstPersonArms/Character/Textures/Manny/T_Manny_02_D.uasset" 3079
"C:/Users/win11/Documents/GitHub/the-last-check-in/Content/tomWork/TemplateContent/FirstPersonArms/Character/Textures/Manny/T_Manny_02_CCRCCPlastic_MSK.uasset" 3080
"C:/Users/win11/Documents/GitHub/the-last-check-in/Content/tomWork/TemplateContent/FirstPersonArms/Character/Textures/Manny/T_Manny_02_BN.uasset" 3081
"C:/Users/win11/Documents/GitHub/the-last-check-in/Content/tomWork/TemplateContent/FirstPersonArms/Character/Textures/Manny/T_Manny_02_ASAOPMASK_MSK.uasset" 3082
"C:/Users/win11/Documents/GitHub/the-last-check-in/Content/tomWork/TemplateContent/FirstPersonArms/Character/Textures/Manny/T_Manny_01_Tan.uasset" 3083
"C:/Users/win11/Documents/GitHub/the-last-check-in/Content/tomWork/TemplateContent/FirstPersonArms/Character/Textures/Manny/T_Manny_01_N.uasset" 3084
"C:/Users/win11/Documents/GitHub/the-last-check-in/Content/tomWork/TemplateContent/FirstPersonArms/Character/Textures/Manny/T_Manny_01_MSR_MSK.uasset" 3085
"C:/Users/win11/Documents/GitHub/the-last-check-in/Content/tomWork/TemplateContent/FirstPersonArms/Character/Textures/Manny/T_Manny_01_D.uasset" 3086
"C:/Users/win11/Documents/GitHub/the-last-check-in/Content/tomWork/TemplateContent/FirstPersonArms/Character/Textures/Manny/T_Manny_01_CCRCCPlastic_MSK.uasset" 3087
"C:/Users/win11/Documents/GitHub/the-last-check-in/Content/tomWork/TemplateContent/FirstPersonArms/Character/Textures/Manny/T_Manny_01_BN.uasset" 3088
"C:/Users/win11/Documents/GitHub/the-last-check-in/Content/tomWork/TemplateContent/FirstPersonArms/Character/Textures/Manny/T_Manny_01_ASAOPMASK_MSK.uasset" 3089
"C:/Users/win11/Documents/GitHub/the-last-check-in/Content/tomWork/TemplateContent/FirstPersonArms/Character/Mesh/SK_Mannequin_Arms_Skeleton.uasset" 3090
"C:/Users/win11/Documents/GitHub/the-last-check-in/Content/tomWork/TemplateContent/FirstPersonArms/Character/Mesh/SK_Mannequin_Arms_PhysicsAsset.uasset" 3091
"C:/Users/win11/Documents/GitHub/the-last-check-in/Content/tomWork/TemplateContent/FirstPersonArms/Character/Materials/Functions/ML_BaseColorFallOff.uasset" 3092
"C:/Users/win11/Documents/GitHub/the-last-check-in/Content/tomWork/TemplateContent/FirstPersonArms/Character/Materials/Functions/ChromaticCurve.uasset" 3093
"C:/Users/win11/Documents/GitHub/the-last-check-in/Content/tomWork/TemplateContent/FirstPerson/Maps/FirstPersonMap_BuiltData.uasset" 3094
"C:/Users/win11/Documents/GitHub/the-last-check-in/Content/tomWork/TemplateContent/FirstPerson/Input/Actions/IA_Shoot.uasset" 3095
"C:/Users/win11/Documents/GitHub/the-last-check-in/Content/tomWork/TemplateContent/FirstPerson/Input/Actions/IA_Move.uasset" 3096
"C:/Users/win11/Documents/GitHub/the-last-check-in/Content/tomWork/TemplateContent/FirstPerson/Input/Actions/IA_Look.uasset" 3097
"C:/Users/win11/Documents/GitHub/the-last-check-in/Content/tomWork/TemplateContent/FirstPerson/Input/Actions/IA_Jump.uasset" 3098
"C:/Users/win11/Documents/GitHub/the-last-check-in/Content/tomWork/Materials/M_WhiteOutline.uasset" 3099
"C:/Users/win11/Documents/GitHub/the-last-check-in/Content/tomWork/Interfaces/IF_Interactable.uasset" 3100
"C:/Users/win11/Documents/GitHub/the-last-check-in/Content/tomWork/DataTypes/Struct_Item.uasset" 3101
"C:/Users/win11/Documents/GitHub/the-last-check-in/Content/tomWork/DataTypes/Enum_EvidenceID.uasset" 3102
"C:/Users/win11/Documents/GitHub/the-last-check-in/Content/TemplateContent/LevelPrototyping/Textures/T_GridChecker_A.uasset" 3103
"C:/Users/win11/Documents/GitHub/the-last-check-in/Content/TemplateContent/LevelPrototyping/Materials/M_Solid.uasset" 3104
"C:/Users/win11/Documents/GitHub/the-last-check-in/Content/TemplateContent/FirstPersonArms/Character/Textures/Shared/T_UE_Logo_M.uasset" 3105
"C:/Users/win11/Documents/GitHub/the-last-check-in/Content/TemplateContent/FirstPersonArms/Character/Textures/Manny/T_Manny_02_Tan.uasset" 3106
"C:/Users/win11/Documents/GitHub/the-last-check-in/Content/TemplateContent/FirstPersonArms/Character/Textures/Manny/T_Manny_02_N.uasset" 3107
"C:/Users/win11/Documents/GitHub/the-last-check-in/Content/TemplateContent/FirstPersonArms/Character/Textures/Manny/T_Manny_02_MSR_MSK.uasset" 3108
"C:/Users/win11/Documents/GitHub/the-last-check-in/Content/TemplateContent/FirstPersonArms/Character/Textures/Manny/T_Manny_02_D.uasset" 3109
"C:/Users/win11/Documents/GitHub/the-last-check-in/Content/TemplateContent/FirstPersonArms/Character/Textures/Manny/T_Manny_02_CCRCCPlastic_MSK.uasset" 3110
"C:/Users/win11/Documents/GitHub/the-last-check-in/Content/TemplateContent/FirstPersonArms/Character/Textures/Manny/T_Manny_02_BN.uasset" 3111
"C:/Users/win11/Documents/GitHub/the-last-check-in/Content/TemplateContent/FirstPersonArms/Character/Textures/Manny/T_Manny_02_ASAOPMASK_MSK.uasset" 3112
"C:/Users/win11/Documents/GitHub/the-last-check-in/Content/TemplateContent/FirstPersonArms/Character/Textures/Manny/T_Manny_01_Tan.uasset" 3113
"C:/Users/win11/Documents/GitHub/the-last-check-in/Content/TemplateContent/FirstPersonArms/Character/Textures/Manny/T_Manny_01_N.uasset" 3114
"C:/Users/win11/Documents/GitHub/the-last-check-in/Content/TemplateContent/FirstPersonArms/Character/Textures/Manny/T_Manny_01_MSR_MSK.uasset" 3115
"C:/Users/win11/Documents/GitHub/the-last-check-in/Content/TemplateContent/FirstPersonArms/Character/Textures/Manny/T_Manny_01_D.uasset" 3116
"C:/Users/win11/Documents/GitHub/the-last-check-in/Content/TemplateContent/FirstPersonArms/Character/Textures/Manny/T_Manny_01_CCRCCPlastic_MSK.uasset" 3117
"C:/Users/win11/Documents/GitHub/the-last-check-in/Content/TemplateContent/FirstPersonArms/Character/Textures/Manny/T_Manny_01_BN.uasset" 3118
"C:/Users/win11/Documents/GitHub/the-last-check-in/Content/TemplateContent/FirstPersonArms/Character/Textures/Manny/T_Manny_01_ASAOPMASK_MSK.uasset" 3119
"C:/Users/win11/Documents/GitHub/the-last-check-in/Content/TemplateContent/FirstPersonArms/Character/Mesh/SK_Mannequin_Arms_Skeleton.uasset" 3120
"C:/Users/win11/Documents/GitHub/the-last-check-in/Content/TemplateContent/FirstPersonArms/Character/Mesh/SK_Mannequin_Arms_PhysicsAsset.uasset" 3121
"C:/Users/win11/Documents/GitHub/the-last-check-in/Content/TemplateContent/FirstPersonArms/Character/Materials/Functions/ML_BaseColorFallOff.uasset" 3122
"C:/Users/win11/Documents/GitHub/the-last-check-in/Content/TemplateContent/FirstPersonArms/Character/Materials/Functions/ChromaticCurve.uasset" 3123
"C:/Users/win11/Documents/GitHub/the-last-check-in/Content/TemplateContent/FirstPerson/Maps/FirstPersonMap_BuiltData.uasset" 3124
"C:/Users/win11/Documents/GitHub/the-last-check-in/Content/TemplateContent/FirstPerson/Input/Actions/IA_Shoot.uasset" 3125
"C:/Users/win11/Documents/GitHub/the-last-check-in/Content/TemplateContent/FirstPerson/Input/Actions/IA_Move.uasset" 3126
"C:/Users/win11/Documents/GitHub/the-last-check-in/Content/TemplateContent/FirstPerson/Input/Actions/IA_Look.uasset" 3127
"C:/Users/win11/Documents/GitHub/the-last-check-in/Content/TemplateContent/FirstPerson/Input/Actions/IA_Jump.uasset" 3128
"C:/Users/win11/Documents/GitHub/the-last-check-in/Content/TemplateContent/FirstPerson/Blueprints/BP_FirstPersonGameMode.uasset" 3129
"C:/Users/win11/Documents/GitHub/the-last-check-in/Content/StarterContent/Textures/T_Wood_Walnut_N.uasset" 3130
"C:/Users/win11/Documents/GitHub/the-last-check-in/Content/StarterContent/Textures/T_Wood_Walnut_D.uasset" 3131
"C:/Users/win11/Documents/GitHub/the-last-check-in/Content/StarterContent/Textures/T_Wood_Pine_N.uasset" 3132
"C:/Users/win11/Documents/GitHub/the-last-check-in/Content/StarterContent/Textures/T_Wood_Pine_D.uasset" 3133
"C:/Users/win11/Documents/GitHub/the-last-check-in/Content/StarterContent/Textures/T_Wood_Oak_N.uasset" 3134
"C:/Users/win11/Documents/GitHub/the-last-check-in/Content/StarterContent/Textures/T_Wood_Oak_D.uasset" 3135
"C:/Users/win11/Documents/GitHub/the-last-check-in/Content/StarterContent/Textures/T_Wood_Floor_Walnut_N.uasset" 3136
"C:/Users/win11/Documents/GitHub/the-last-check-in/Content/StarterContent/Textures/T_Wood_Floor_Walnut_M.uasset" 3137
"C:/Users/win11/Documents/GitHub/the-last-check-in/Content/StarterContent/Textures/T_Wood_Floor_Walnut_D.uasset" 3138
"C:/Users/win11/Documents/GitHub/the-last-check-in/Content/StarterContent/Textures/T_Water_N.uasset" 3139
"C:/Users/win11/Documents/GitHub/the-last-check-in/Content/StarterContent/Textures/T_Water_M.uasset" 3140
"C:/Users/win11/Documents/GitHub/the-last-check-in/Content/StarterContent/Textures/T_Tech_Panel_N.uasset" 3141
"C:/Users/win11/Documents/GitHub/the-last-check-in/Content/StarterContent/Textures/T_Tech_Panel_M.uasset" 3142
"C:/Users/win11/Documents/GitHub/the-last-check-in/Content/StarterContent/Textures/T_Tech_Hex_Tile_N.uasset" 3143
"C:/Users/win11/Documents/GitHub/the-last-check-in/Content/StarterContent/Textures/T_Tech_Hex_Tile_M.uasset" 3144
"C:/Users/win11/Documents/GitHub/the-last-check-in/Content/StarterContent/Textures/T_Tech_Dot_N.uasset" 3145
"C:/Users/win11/Documents/GitHub/the-last-check-in/Content/StarterContent/Textures/T_Tech_Dot_M.uasset" 3146
"C:/Users/win11/Documents/GitHub/the-last-check-in/Content/StarterContent/Textures/T_TableRound_N.uasset" 3147
"C:/Users/win11/Documents/GitHub/the-last-check-in/Content/StarterContent/Textures/T_TableRound_M.uasset" 3148
"C:/Users/win11/Documents/GitHub/the-last-check-in/Content/StarterContent/Textures/T_Statue_N.uasset" 3149
"C:/Users/win11/Documents/GitHub/the-last-check-in/Content/StarterContent/Textures/T_Statue_M.uasset" 3150
"C:/Users/win11/Documents/GitHub/the-last-check-in/Content/StarterContent/Textures/T_Spark_Core.uasset" 3151
"C:/Users/win11/Documents/GitHub/the-last-check-in/Content/StarterContent/Textures/T_Smoke_Tiled_D.uasset" 3152
"C:/Users/win11/Documents/GitHub/the-last-check-in/Content/StarterContent/Textures/T_Smoke_SubUV.uasset" 3153
"C:/Users/win11/Documents/GitHub/the-last-check-in/Content/StarterContent/Textures/T_Single_Tile_N.uasset" 3154
"C:/Users/win11/Documents/GitHub/the-last-check-in/Content/StarterContent/Textures/T_Shelf_N.uasset" 3155
"C:/Users/win11/Documents/GitHub/the-last-check-in/Content/StarterContent/Textures/T_Shelf_M.uasset" 3156
"C:/Users/win11/Documents/GitHub/the-last-check-in/Content/StarterContent/Textures/T_Rock_Smooth_Granite_D.uasset" 3157
"C:/Users/win11/Documents/GitHub/the-last-check-in/Content/StarterContent/Textures/T_Rock_Slate_N.uasset" 3158
"C:/Users/win11/Documents/GitHub/the-last-check-in/Content/StarterContent/Textures/T_Rock_Slate_D.uasset" 3159
"C:/Users/win11/Documents/GitHub/the-last-check-in/Content/StarterContent/Textures/T_Rock_Sandstone_N.uasset" 3160
"C:/Users/win11/Documents/GitHub/the-last-check-in/Content/StarterContent/Textures/T_Rock_Sandstone_D.uasset" 3161
"C:/Users/win11/Documents/GitHub/the-last-check-in/Content/StarterContent/Textures/T_Rock_Marble_Polished_D.uasset" 3162
"C:/Users/win11/Documents/GitHub/the-last-check-in/Content/StarterContent/Textures/T_Rock_Basalt_N.uasset" 3163
"C:/Users/win11/Documents/GitHub/the-last-check-in/Content/StarterContent/Textures/T_Rock_Basalt_D.uasset" 3164
"C:/Users/win11/Documents/GitHub/the-last-check-in/Content/StarterContent/Textures/T_RockMesh_N.uasset" 3165
"C:/Users/win11/Documents/GitHub/the-last-check-in/Content/StarterContent/Textures/T_RockMesh_M.uasset" 3166
"C:/Users/win11/Documents/GitHub/the-last-check-in/Content/StarterContent/Textures/T_Perlin_Noise_M.uasset" 3167
"C:/Users/win11/Documents/GitHub/the-last-check-in/Content/StarterContent/Textures/T_Metal_Steel_N.uasset" 3168
"C:/Users/win11/Documents/GitHub/the-last-check-in/Content/StarterContent/Textures/T_Metal_Steel_D.uasset" 3169
"C:/Users/win11/Documents/GitHub/the-last-check-in/Content/StarterContent/Textures/T_Metal_Rust_N.uasset" 3170
"C:/Users/win11/Documents/GitHub/the-last-check-in/Content/StarterContent/Textures/T_Metal_Rust_D.uasset" 3171
"C:/Users/win11/Documents/GitHub/the-last-check-in/Content/StarterContent/Textures/T_Metal_Gold_N.uasset" 3172
"C:/Users/win11/Documents/GitHub/the-last-check-in/Content/StarterContent/Textures/T_Metal_Gold_D.uasset" 3173
"C:/Users/win11/Documents/GitHub/the-last-check-in/Content/StarterContent/Textures/T_Metal_Copper_D.uasset" 3174
"C:/Users/win11/Documents/GitHub/the-last-check-in/Content/StarterContent/Textures/T_Metal_Aluminum_D.uasset" 3175
"C:/Users/win11/Documents/GitHub/the-last-check-in/Content/StarterContent/Textures/T_MacroVariation.uasset" 3176
"C:/Users/win11/Documents/GitHub/the-last-check-in/Content/StarterContent/Textures/T_Lamp_N.uasset" 3177
"C:/Users/win11/Documents/GitHub/the-last-check-in/Content/StarterContent/Textures/T_Lamp_M.uasset" 3178
"C:/Users/win11/Documents/GitHub/the-last-check-in/Content/StarterContent/Textures/T_Ground_Moss_N.uasset" 3179
"C:/Users/win11/Documents/GitHub/the-last-check-in/Content/StarterContent/Textures/T_ground_Moss_D.uasset" 3180
"C:/Users/win11/Documents/GitHub/the-last-check-in/Content/StarterContent/Textures/T_Ground_Gravel_N.uasset" 3181
"C:/Users/win11/Documents/GitHub/the-last-check-in/Content/StarterContent/Textures/T_Ground_Gravel_D.uasset" 3182
"C:/Users/win11/Documents/GitHub/the-last-check-in/Content/StarterContent/Textures/T_Ground_Grass_N.uasset" 3183
"C:/Users/win11/Documents/GitHub/the-last-check-in/Content/StarterContent/Textures/T_Ground_Grass_D.uasset" 3184
"C:/Users/win11/Documents/GitHub/the-last-check-in/Content/StarterContent/Textures/T_Gradinet_01.uasset" 3185
"C:/Users/win11/Documents/GitHub/the-last-check-in/Content/StarterContent/Textures/T_Frame_N.uasset" 3186
"C:/Users/win11/Documents/GitHub/the-last-check-in/Content/StarterContent/Textures/T_Frame_M.uasset" 3187
"C:/Users/win11/Documents/GitHub/the-last-check-in/Content/StarterContent/Textures/T_Fire_Tiled_D.uasset" 3188
"C:/Users/win11/Documents/GitHub/the-last-check-in/Content/StarterContent/Textures/T_Fire_SubUV.uasset" 3189
"C:/Users/win11/Documents/GitHub/the-last-check-in/Content/StarterContent/Textures/T_Explosion_SubUV.uasset" 3190
"C:/Users/win11/Documents/GitHub/the-last-check-in/Content/StarterContent/Textures/T_Dust_Particle_D.uasset" 3191
"C:/Users/win11/Documents/GitHub/the-last-check-in/Content/StarterContent/Textures/T_Door_N.uasset" 3192
"C:/Users/win11/Documents/GitHub/the-last-check-in/Content/StarterContent/Textures/T_Door_M.uasset" 3193
"C:/Users/win11/Documents/GitHub/the-last-check-in/Content/StarterContent/Textures/T_Detail_Rocky_N.uasset" 3194
"C:/Users/win11/Documents/GitHub/the-last-check-in/Content/StarterContent/Textures/T_Concrete_Tiles_Variation_M.uasset" 3195
"C:/Users/win11/Documents/GitHub/the-last-check-in/Content/StarterContent/Textures/T_Concrete_Tiles_N.uasset" 3196
"C:/Users/win11/Documents/GitHub/the-last-check-in/Content/StarterContent/Textures/T_Concrete_Tiles_M.uasset" 3197
"C:/Users/win11/Documents/GitHub/the-last-check-in/Content/StarterContent/Textures/T_Concrete_Tiles_D.uasset" 3198
"C:/Users/win11/Documents/GitHub/the-last-check-in/Content/StarterContent/Textures/T_Concrete_Poured_N.uasset" 3199
"C:/Users/win11/Documents/GitHub/the-last-check-in/Content/StarterContent/Textures/T_Concrete_Poured_D.uasset" 3200
"C:/Users/win11/Documents/GitHub/the-last-check-in/Content/StarterContent/Textures/T_Concrete_Panels_N.uasset" 3201
"C:/Users/win11/Documents/GitHub/the-last-check-in/Content/StarterContent/Textures/T_Concrete_Panels_D.uasset" 3202
"C:/Users/win11/Documents/GitHub/the-last-check-in/Content/StarterContent/Textures/T_Concrete_Grime_D.uasset" 3203
"C:/Users/win11/Documents/GitHub/the-last-check-in/Content/StarterContent/Textures/T_CobbleStone_Smooth_N.uasset" 3204
"C:/Users/win11/Documents/GitHub/the-last-check-in/Content/StarterContent/Textures/T_CobbleStone_Smooth_M.uasset" 3205
"C:/Users/win11/Documents/GitHub/the-last-check-in/Content/StarterContent/Textures/T_CobbleStone_Smooth_D.uasset" 3206
"C:/Users/win11/Documents/GitHub/the-last-check-in/Content/StarterContent/Textures/T_CobbleStone_Rough_N.uasset" 3207
"C:/Users/win11/Documents/GitHub/the-last-check-in/Content/StarterContent/Textures/T_CobbleStone_Rough_D.uasset" 3208
"C:/Users/win11/Documents/GitHub/the-last-check-in/Content/StarterContent/Textures/T_CobbleStone_Pebble_N.uasset" 3209
"C:/Users/win11/Documents/GitHub/the-last-check-in/Content/StarterContent/Textures/T_CobbleStone_Pebble_M.uasset" 3210
"C:/Users/win11/Documents/GitHub/the-last-check-in/Content/StarterContent/Textures/T_CobbleStone_Pebble_D.uasset" 3211
"C:/Users/win11/Documents/GitHub/the-last-check-in/Content/StarterContent/Textures/T_Checker_Noise_M.uasset" 3212
"C:/Users/win11/Documents/GitHub/the-last-check-in/Content/StarterContent/Textures/T_Chair_N.uasset" 3213
"C:/Users/win11/Documents/GitHub/the-last-check-in/Content/StarterContent/Textures/T_Chair_M.uasset" 3214
"C:/Users/win11/Documents/GitHub/the-last-check-in/Content/StarterContent/Textures/T_Ceramic_Tile_N.uasset" 3215
"C:/Users/win11/Documents/GitHub/the-last-check-in/Content/StarterContent/Textures/T_Ceramic_Tile_M.uasset" 3216
"C:/Users/win11/Documents/GitHub/the-last-check-in/Content/StarterContent/Textures/T_Bush_N.uasset" 3217
"C:/Users/win11/Documents/GitHub/the-last-check-in/Content/StarterContent/Textures/T_Bush_D.uasset" 3218
"C:/Users/win11/Documents/GitHub/the-last-check-in/Content/StarterContent/Textures/T_Burst_M.uasset" 3219
"C:/Users/win11/Documents/GitHub/the-last-check-in/Content/StarterContent/Textures/T_Brick_Hewn_Stone_N.uasset" 3220
"C:/Users/win11/Documents/GitHub/the-last-check-in/Content/StarterContent/Textures/T_Brick_Hewn_Stone_M.uasset" 3221
"C:/Users/win11/Documents/GitHub/the-last-check-in/Content/StarterContent/Textures/T_Brick_Hewn_Stone_D.uasset" 3222
"C:/Users/win11/Documents/GitHub/the-last-check-in/Content/StarterContent/Textures/T_Brick_Cut_Stone_N.uasset" 3223
"C:/Users/win11/Documents/GitHub/the-last-check-in/Content/StarterContent/Textures/T_Brick_Cut_Stone_D.uasset" 3224
"C:/Users/win11/Documents/GitHub/the-last-check-in/Content/StarterContent/Textures/T_Brick_Clay_Old_N.uasset" 3225
"C:/Users/win11/Documents/GitHub/the-last-check-in/Content/StarterContent/Textures/T_Brick_Clay_Old_D.uasset" 3226
"C:/Users/win11/Documents/GitHub/the-last-check-in/Content/StarterContent/Textures/T_Brick_Clay_New_N.uasset" 3227
"C:/Users/win11/Documents/GitHub/the-last-check-in/Content/StarterContent/Textures/T_Brick_Clay_New_M.uasset" 3228
"C:/Users/win11/Documents/GitHub/the-last-check-in/Content/StarterContent/Textures/T_Brick_Clay_New_D.uasset" 3229
"C:/Users/win11/Documents/GitHub/the-last-check-in/Content/StarterContent/Textures/T_Brick_Clay_Beveled_N.uasset" 3230
"C:/Users/win11/Documents/GitHub/the-last-check-in/Content/StarterContent/Textures/T_Brick_Clay_Beveled_M.uasset" 3231
"C:/Users/win11/Documents/GitHub/the-last-check-in/Content/StarterContent/Textures/T_Brick_Clay_Beveled_D.uasset" 3232
"C:/Users/win11/Documents/GitHub/the-last-check-in/Content/StarterContent/Particles/Materials/m_flare_01.uasset" 3233
"C:/Users/win11/Documents/GitHub/the-last-check-in/Content/StarterContent/Materials/M_Glass.uasset" 3234
"C:/Users/win11/Documents/GitHub/the-last-check-in/Content/StarterContent/Materials/M_Basic_Wall.uasset" 3235
"C:/Users/win11/Documents/GitHub/the-last-check-in/Content/StarterContent/Materials/M_Basic_Floor.uasset" 3236
"C:/Users/win11/Documents/GitHub/the-last-check-in/Content/StarterContent/Materials/M_AssetPlatform.uasset" 3237
"C:/Users/win11/Documents/GitHub/the-last-check-in/Content/StarterContent/Maps/StarterMap_BuiltData.uasset" 3238
"C:/Users/win11/Documents/GitHub/the-last-check-in/Content/StarterContent/Maps/Minimal_Default_BuiltData.uasset" 3239
"C:/Users/win11/Documents/GitHub/the-last-check-in/Content/StarterContent/Maps/Advanced_Lighting_BuiltData.uasset" 3240
"C:/Users/win11/Documents/GitHub/the-last-check-in/Content/StarterContent/HDRI/HDRI_Epic_Courtyard_Daylight.uasset" 3241
"C:/Users/win11/Documents/GitHub/the-last-check-in/Content/StarterContent/Blueprints/Assets/SunlightColorLUT.uasset" 3242
"C:/Users/win11/Documents/GitHub/the-last-check-in/Content/StarterContent/Blueprints/Assets/M_LightStage_Arrows.uasset" 3243
"C:/Users/win11/Documents/GitHub/the-last-check-in/Content/StarterContent/Blueprints/Assets/FogBrightnessLUT.uasset" 3244
"C:/Users/win11/Documents/GitHub/the-last-check-in/Content/StarterContent/Audio/Steam01_Cue.uasset" 3245
"C:/Users/win11/Documents/GitHub/the-last-check-in/Content/StarterContent/Audio/Steam01.uasset" 3246
"C:/Users/win11/Documents/GitHub/the-last-check-in/Content/StarterContent/Audio/Starter_Wind06.uasset" 3247
"C:/Users/win11/Documents/GitHub/the-last-check-in/Content/StarterContent/Audio/Starter_Wind05.uasset" 3248
"C:/Users/win11/Documents/GitHub/the-last-check-in/Content/StarterContent/Audio/Starter_Music_Cue.uasset" 3249
"C:/Users/win11/Documents/GitHub/the-last-check-in/Content/StarterContent/Audio/Starter_Music01.uasset" 3250
"C:/Users/win11/Documents/GitHub/the-last-check-in/Content/StarterContent/Audio/Starter_Birds01.uasset" 3251
"C:/Users/win11/Documents/GitHub/the-last-check-in/Content/StarterContent/Audio/Starter_Background_Cue.uasset" 3252
"C:/Users/win11/Documents/GitHub/the-last-check-in/Content/StarterContent/Audio/Smoke01_Cue.uasset" 3253
"C:/Users/win11/Documents/GitHub/the-last-check-in/Content/StarterContent/Audio/Smoke01.uasset" 3254
"C:/Users/win11/Documents/GitHub/the-last-check-in/Content/StarterContent/Audio/Light02_Cue.uasset" 3255
"C:/Users/win11/Documents/GitHub/the-last-check-in/Content/StarterContent/Audio/Light02.uasset" 3256
"C:/Users/win11/Documents/GitHub/the-last-check-in/Content/StarterContent/Audio/Light01_Cue.uasset" 3257
"C:/Users/win11/Documents/GitHub/the-last-check-in/Content/StarterContent/Audio/Light01.uasset" 3258
"C:/Users/win11/Documents/GitHub/the-last-check-in/Content/StarterContent/Audio/Fire_Sparks01_Cue.uasset" 3259
"C:/Users/win11/Documents/GitHub/the-last-check-in/Content/StarterContent/Audio/Fire_Sparks01.uasset" 3260
"C:/Users/win11/Documents/GitHub/the-last-check-in/Content/StarterContent/Audio/Fire01_Cue.uasset" 3261
"C:/Users/win11/Documents/GitHub/the-last-check-in/Content/StarterContent/Audio/Fire01.uasset" 3262
"C:/Users/win11/Documents/GitHub/the-last-check-in/Content/StarterContent/Audio/Explosion_Cue.uasset" 3263
"C:/Users/win11/Documents/GitHub/the-last-check-in/Content/StarterContent/Audio/Explosion02.uasset" 3264
"C:/Users/win11/Documents/GitHub/the-last-check-in/Content/StarterContent/Audio/Explosion01.uasset" 3265
"C:/Users/win11/Documents/GitHub/the-last-check-in/Content/StarterContent/Audio/Collapse_Cue.uasset" 3266
"C:/Users/win11/Documents/GitHub/the-last-check-in/Content/StarterContent/Audio/Collapse02.uasset" 3267
"C:/Users/win11/Documents/GitHub/the-last-check-in/Content/StarterContent/Audio/Collapse01.uasset" 3268
"C:/Users/win11/Documents/GitHub/the-last-check-in/Content/ollieWork/WaterDrinking_System/MI_Poison.uasset" 3269
"C:/Users/win11/Documents/GitHub/the-last-check-in/Content/ollieWork/Slot_Machine/M_White.uasset" 3270
"C:/Users/win11/Documents/GitHub/the-last-check-in/Content/ollieWork/Slot_Machine/M_Opacity.uasset" 3271
"C:/Users/win11/Documents/GitHub/the-last-check-in/Content/ollieWork/Slot_Machine/BP_Table.uasset" 3272
"C:/Users/win11/Documents/GitHub/the-last-check-in/Content/ollieWork/Materials/M_Red.uasset" 3273
"C:/Users/win11/Documents/GitHub/the-last-check-in/Content/ollieWork/Materials/M_Gray.uasset" 3274
"C:/Users/win11/Documents/GitHub/the-last-check-in/Content/ollieWork/Materials/M_ButtonLight.uasset" 3275
"C:/Users/win11/Documents/GitHub/the-last-check-in/Content/ollieWork/Materials/M_Blue.uasset" 3276
"../../../../../../Users/win11/Documents/GitHub/the-last-check-in/Content/StarterContent/Audio/Steam01.uasset" 3277
"C:/Users/win11/Documents/GitHub/the-last-check-in/Content/ollieWork/FirstPerson/Blueprints/BP_FirstPersonCharacter.uasset" 3278
"C:/Users/win11/Documents/GitHub/the-last-check-in/Content/ollieWork/Evidence_Proto/WBP_Interact.uasset" 3279
"../../../../../../Users/win11/Documents/GitHub/the-last-check-in/Content/StarterContent/Audio/Starter_Wind06.uasset" 3280
"C:/Users/win11/Documents/GitHub/the-last-check-in/Content/ollieWork/Evidence_Proto/BP_Camera.uasset" 3281
"../../../../../../Users/win11/Documents/GitHub/the-last-check-in/Content/StarterContent/Audio/Starter_Wind05.uasset" 3282
"C:/Users/win11/Documents/GitHub/the-last-check-in/Content/ollieWork/Elevator_System/BP_ElevatorFloorIndicator.uasset" 3283
"../../../../../../Users/win11/Documents/GitHub/the-last-check-in/Content/StarterContent/Audio/Starter_Music01.uasset" 3284
"C:/Users/win11/Documents/GitHub/the-last-check-in/Content/lukeWork/Materialsd/PP_ToonShader.uasset" 3285
"C:/Users/win11/Documents/GitHub/the-last-check-in/Content/lukeWork/Materialsd/civilian_3_Top_specular.uasset" 3286
"../../../../../../Users/win11/Documents/GitHub/the-last-check-in/Content/StarterContent/Audio/Starter_Birds01.uasset" 3287
"C:/Users/win11/Documents/GitHub/the-last-check-in/Content/lukeWork/Materialsd/civilian_3_Top_normal.uasset" 3288
"C:/Users/win11/Documents/GitHub/the-last-check-in/Content/lukeWork/Materialsd/civilian_3_Top_gloss.uasset" 3289
"../../../../../../Users/win11/Documents/GitHub/the-last-check-in/Content/StarterContent/Audio/Smoke01.uasset" 3290
"C:/Users/win11/Documents/GitHub/the-last-check-in/Content/lukeWork/Materialsd/civilian_3_Top_diffuse.uasset" 3291
"C:/Users/win11/Documents/GitHub/the-last-check-in/Content/lukeWork/Materialsd/Civilian_3_Skeleton.uasset" 3292
"../../../../../../Users/win11/Documents/GitHub/the-last-check-in/Content/StarterContent/Audio/Light02.uasset" 3293
"C:/Users/win11/Documents/GitHub/the-last-check-in/Content/lukeWork/Materialsd/civilian_3_Shoes_normal.uasset" 3294
"../../../../../../Users/win11/Documents/GitHub/the-last-check-in/Content/StarterContent/Audio/Light01.uasset" 3295
"C:/Users/win11/Documents/GitHub/the-last-check-in/Content/lukeWork/Materialsd/civilian_3_Shoes_specular.uasset" 3296
"C:/Users/win11/Documents/GitHub/the-last-check-in/Content/lukeWork/Materialsd/civilian_3_Shoes_diffuse.uasset" 3297
"C:/Users/win11/Documents/GitHub/the-last-check-in/Content/lukeWork/Materialsd/civilian_3_Shoes_gloss.uasset" 3298
"../../../../../../Users/win11/Documents/GitHub/the-last-check-in/Content/StarterContent/Audio/Fire_Sparks01.uasset" 3299
"C:/Users/win11/Documents/GitHub/the-last-check-in/Content/lukeWork/Materialsd/Civilian_3_PhysicsAsset.uasset" 3300
"C:/Users/win11/Documents/GitHub/the-last-check-in/Content/lukeWork/Materialsd/civilian_3_Moustache_specular.uasset" 3301
"../../../../../../Users/win11/Documents/GitHub/the-last-check-in/Content/StarterContent/Audio/Fire01.uasset" 3302
"C:/Users/win11/Documents/GitHub/the-last-check-in/Content/lukeWork/Materialsd/civilian_3_Moustache_normal.uasset" 3303
"C:/Users/win11/Documents/GitHub/the-last-check-in/Content/lukeWork/Materialsd/civilian_3_Moustache_gloss.uasset" 3304
"../../../../../../Users/win11/Documents/GitHub/the-last-check-in/Content/StarterContent/Audio/Explosion01.uasset" 3305
"../../../../../../Users/win11/Documents/GitHub/the-last-check-in/Content/StarterContent/Audio/Explosion02.uasset" 3306
"C:/Users/win11/Documents/GitHub/the-last-check-in/Content/lukeWork/Materialsd/civilian_3_Moustache_diffuse.uasset" 3307
"C:/Users/win11/Documents/GitHub/the-last-check-in/Content/lukeWork/Materialsd/civilian_3_Hair_specular.uasset" 3308
"C:/Users/win11/Documents/GitHub/the-last-check-in/Content/lukeWork/Materialsd/civilian_3_Hair_normal.uasset" 3309
"../../../../../../Users/win11/Documents/GitHub/the-last-check-in/Content/StarterContent/Audio/Collapse01.uasset" 3310
"../../../../../../Users/win11/Documents/GitHub/the-last-check-in/Content/StarterContent/Audio/Collapse02.uasset" 3311
"C:/Users/win11/Documents/GitHub/the-last-check-in/Content/lukeWork/Materialsd/civilian_3_Hair_gloss.uasset" 3312
"C:/Users/win11/Documents/GitHub/the-last-check-in/Content/lukeWork/Materialsd/civilian_3_Hair_diffuse.uasset" 3313
"C:/Users/win11/Documents/GitHub/the-last-check-in/Content/lukeWork/Materialsd/civilian_3_Bottom_specular.uasset" 3314
"C:/Users/win11/Documents/GitHub/the-last-check-in/Content/lukeWork/Materialsd/civilian_3_Bottom_normal.uasset" 3315
"C:/Users/win11/Documents/GitHub/the-last-check-in/Content/lukeWork/Materialsd/civilian_3_Bottom_gloss.uasset" 3316
"C:/Users/win11/Documents/GitHub/the-last-check-in/Content/lukeWork/Materialsd/civilian_3_Bottom_diffuse.uasset" 3317
"C:/Users/win11/Documents/GitHub/the-last-check-in/Content/lukeWork/Materialsd/civilian_3_Body_specular.uasset" 3318
"C:/Users/win11/Documents/GitHub/the-last-check-in/Content/lukeWork/Materialsd/civilian_3_Body_normal.uasset" 3319
"C:/Users/win11/Documents/GitHub/the-last-check-in/Content/lukeWork/Materialsd/civilian_3_Body_gloss.uasset" 3320
"C:/Users/win11/Documents/GitHub/the-last-check-in/Content/lukeWork/Materialsd/civilian_3_Body_diffuse.uasset" 3321
"C:/Users/win11/Documents/GitHub/the-last-check-in/Content/lukeWork/Materialsd/civilian_3_Beard_specular.uasset" 3322
"C:/Users/win11/Documents/GitHub/the-last-check-in/Content/lukeWork/Materialsd/civilian_3_Beard_normal.uasset" 3323
"C:/Users/win11/Documents/GitHub/the-last-check-in/Content/lukeWork/Materialsd/civilian_3_Beard_gloss.uasset" 3324
"C:/Users/win11/Documents/GitHub/the-last-check-in/Content/lukeWork/Materialsd/civilian_3_Beard_diffuse.uasset" 3325
"C:/Users/win11/Documents/GitHub/the-last-check-in/Content/lukeWork/Materialsd/Bearddf.uasset" 3326
"C:/Users/win11/Documents/GitHub/the-last-check-in/Content/lukeWork/Levels/FirstPersonMap_BuiltData.uasset" 3327
"C:/Users/win11/Documents/GitHub/the-last-check-in/Content/lukeWork/LevelPrototyping/Textures/T_GridChecker_A.uasset" 3328
"C:/Users/win11/Documents/GitHub/the-last-check-in/Content/lukeWork/LevelPrototyping/Materials/M_Solid.uasset" 3329
"C:/Users/win11/Documents/GitHub/the-last-check-in/Content/lukeWork/FirstPerson/Input/Actions/IA_Shoot.uasset" 3330
"C:/Users/win11/Documents/GitHub/the-last-check-in/Content/lukeWork/FirstPerson/Input/Actions/IA_Move.uasset" 3331
"C:/Users/win11/Documents/GitHub/the-last-check-in/Content/lukeWork/FirstPerson/Input/Actions/IA_Look.uasset" 3332
"C:/Users/win11/Documents/GitHub/the-last-check-in/Content/lukeWork/FirstPerson/Input/Actions/IA_Jump.uasset" 3333
"C:/Users/win11/Documents/GitHub/the-last-check-in/Content/lukeWork/03_-_Default_ncl1_1.uasset" 3334
"C:/Users/win11/Documents/GitHub/the-last-check-in/Content/lukeWork/03_-_Default.uasset" 3335
"C:/Users/win11/Documents/GitHub/the-last-check-in/Content/Eben_Work/journal/WBP_JournalTemplate.uasset" 3336
"C:/Users/win11/Documents/GitHub/the-last-check-in/Content/Eben_Work/journal/Struct_JournalStatus.uasset" 3337
"C:/Users/win11/Documents/GitHub/the-last-check-in/Content/Eben_Work/journal/notebooktest.uasset" 3338
"C:/Users/win11/Documents/GitHub/the-last-check-in/Content/Eben_Work/Dialogue/STR_DialogueStructor.uasset" 3339
"C:/Users/win11/Documents/GitHub/the-last-check-in/Content/Eben_Work/WBP_InteractionPrompt.uasset" 3340
"../../../Engine/Plugins/Interchange/Runtime/Content/Functions/MF_OrenNayerView.uasset" 3341
"../../../Engine/Plugins/Interchange/Runtime/Content/Functions/MF_SchlickApprox.uasset" 3342
"../../../Engine/Content/EngineMaterials/DefaultCalibrationGrayscale.uasset" 3343
"../../../Engine/Content/EngineMaterials/DefaultCalibrationColor.uasset" 3344
"../../../Engine/Content/EngineSounds/Submixes/MasterEQEffectPreset.uasset" 3345
"../../../Engine/Content/EngineSounds/Submixes/MasterReverbEffectPreset.uasset" 3346
"../../../Engine/Content/EditorMaterials/PreviewShadowIndicator.uasset" 3347
"../../../Engine/Content/Maps/Entry_BuiltData.uasset" 3348
"../../../Engine/Content/EngineSky/M_SimpleSkyDome.uasset" 3349
"../../../Engine/Content/Functions/Engine_MaterialFunctions01/Gradient/LinearGradient.uasset" 3350
"../../../Engine/Content/Animation/DefaultAnimCurveCompressionSettings.uasset" 3351
"../../../Engine/Content/Animation/DefaultAnimBoneCompressionSettings.uasset" 3352
"../../../Engine/Content/MobileResources/HUD/VirtualJoystick_Background.uasset" 3353
"../../../Engine/Content/MobileResources/HUD/VirtualJoystick_Thumb.uasset" 3354
"../../../Engine/Content/MapTemplates/TilingNoise05.uasset" 3355
"../../../Engine/Content/Functions/Engine_MaterialFunctions02/Utility/BlendAngleCorrectedNormals.uasset" 3356
"../../../Engine/Content/Functions/Engine_MaterialFunctions01/Gradient/RadialGradient.uasset" 3357
"../../../Engine/Content/Functions/Engine_MaterialFunctions01/Opacity/AlphaOffset.uasset" 3358
"../../../Engine/Content/EditorMeshes/ColorCalibrator/T_ColorGrid.uasset" 3359
"../../../Engine/Content/MapTemplates/Sky/DaylightAmbientCubemap.uasset" 3360
"../../../Engine/Content/Functions/Engine_MaterialFunctions01/Volumetrics/BeersLaw.uasset" 3361
"../../../Engine/Content/Functions/Engine_MaterialFunctions03/Procedurals/ComputeFilterWidth.uasset" 3362
"../../../Engine/Content/EditorMeshes/ColorCalibrator/M_GreyBall.uasset" 3363
"../../../Engine/Content/EditorMeshes/ColorCalibrator/M_ClearCoat.uasset" 3364
"../../../Engine/Content/EditorMeshes/ColorCalibrator/M_ChromeBall.uasset" 3365
"../../../Engine/Content/EditorMeshes/ColorCalibrator/M_ClearCoatBlack.uasset" 3366
"../../../Engine/Content/EngineSky/T_Sky_Stars.uasset" 3367
"../../../Engine/Content/EngineSky/T_Sky_Clouds_M.uasset" 3368
"../../../Engine/Content/EngineSky/T_Sky_Blue.uasset" 3369
"../../../Engine/Content/EditorMeshes/ColorCalibrator/Color_checker.uasset" 3370
"../../../Engine/Content/Functions/Engine_MaterialFunctions02/ScreenResolution.uasset" 3371
"../../../Engine/Content/Functions/Engine_MaterialFunctions01/Texturing/ScaleUVsByCenter.uasset" 3372
"../../../Engine/Content/ArtTools/RenderToTexture/MaterialFunctions/CheckerPattern.uasset" 3373
"C:/Users/win11/Documents/GitHub/the-last-check-in/Content/tomWork/TemplateContent/LevelPrototyping/Materials/MI_Solid_Blue.uasset" 3374
"C:/Users/win11/Documents/GitHub/the-last-check-in/Content/tomWork/TemplateContent/FirstPersonArms/Character/Materials/Functions/CA_Mannequin.uasset" 3375
"C:/Users/win11/Documents/GitHub/the-last-check-in/Content/tomWork/TemplateContent/FirstPerson/Input/IMC_Weapons.uasset" 3376
"C:/Users/win11/Documents/GitHub/the-last-check-in/Content/tomWork/TemplateContent/FirstPerson/Input/IMC_Default.uasset" 3377
"C:/Users/win11/Documents/GitHub/the-last-check-in/Content/tomWork/DataTypes/Struct_Evidence.uasset" 3378
"C:/Users/win11/Documents/GitHub/the-last-check-in/Content/TemplateContent/LevelPrototyping/Materials/MI_Solid_Blue.uasset" 3379
"C:/Users/win11/Documents/GitHub/the-last-check-in/Content/TemplateContent/FirstPersonArms/Character/Materials/Functions/CA_Mannequin.uasset" 3380
"C:/Users/win11/Documents/GitHub/the-last-check-in/Content/TemplateContent/FirstPerson/Input/IMC_Weapons.uasset" 3381
"C:/Users/win11/Documents/GitHub/the-last-check-in/Content/TemplateContent/FirstPerson/Input/IMC_Default.uasset" 3382
"C:/Users/win11/Documents/GitHub/the-last-check-in/Content/StarterContent/Particles/Materials/M_Heat_Distortion.uasset" 3383
"C:/Users/win11/Documents/GitHub/the-last-check-in/Content/StarterContent/Props/Materials/M_TableRound.uasset" 3384
"C:/Users/win11/Documents/GitHub/the-last-check-in/Content/StarterContent/Props/Materials/M_StatueGlass.uasset" 3385
"C:/Users/win11/Documents/GitHub/the-last-check-in/Content/StarterContent/Props/Materials/M_Statue.uasset" 3386
"C:/Users/win11/Documents/GitHub/the-last-check-in/Content/StarterContent/Particles/Materials/M_Spark.uasset" 3387
"C:/Users/win11/Documents/GitHub/the-last-check-in/Content/StarterContent/Particles/Materials/M_smoke_subUV.uasset" 3388
"C:/Users/win11/Documents/GitHub/the-last-check-in/Content/StarterContent/Props/Materials/M_Shelf.uasset" 3389
"C:/Users/win11/Documents/GitHub/the-last-check-in/Content/StarterContent/Materials/M_Wood_Floor_Walnut_Polished.uasset" 3390
"C:/Users/win11/Documents/GitHub/the-last-check-in/Content/StarterContent/Materials/M_Water_Lake.uasset" 3391
"C:/Users/win11/Documents/GitHub/the-last-check-in/Content/StarterContent/Materials/M_Rock_Marble_Polished.uasset" 3392
"C:/Users/win11/Documents/GitHub/the-last-check-in/Content/StarterContent/Materials/M_Wood_Walnut.uasset" 3393
"C:/Users/win11/Documents/GitHub/the-last-check-in/Content/StarterContent/Materials/M_Wood_Pine.uasset" 3394
"C:/Users/win11/Documents/GitHub/the-last-check-in/Content/StarterContent/Materials/M_Wood_Oak.uasset" 3395
"C:/Users/win11/Documents/GitHub/the-last-check-in/Content/StarterContent/Materials/M_Tech_Panel.uasset" 3396
"C:/Users/win11/Documents/GitHub/the-last-check-in/Content/StarterContent/Materials/M_Tech_Hex_Tile_Pulse.uasset" 3397
"C:/Users/win11/Documents/GitHub/the-last-check-in/Content/StarterContent/Materials/M_Rock_Slate.uasset" 3398
"C:/Users/win11/Documents/GitHub/the-last-check-in/Content/StarterContent/Materials/M_Rock_Sandstone.uasset" 3399
"C:/Users/win11/Documents/GitHub/the-last-check-in/Content/StarterContent/Materials/M_Rock_Basalt.uasset" 3400
"C:/Users/win11/Documents/GitHub/the-last-check-in/Content/StarterContent/Materials/M_Metal_Steel.uasset" 3401
"C:/Users/win11/Documents/GitHub/the-last-check-in/Content/StarterContent/Materials/M_Metal_Gold.uasset" 3402
"C:/Users/win11/Documents/GitHub/the-last-check-in/Content/StarterContent/Materials/M_Metal_Copper.uasset" 3403
"C:/Users/win11/Documents/GitHub/the-last-check-in/Content/StarterContent/Materials/M_Metal_Chrome.uasset" 3404
"C:/Users/win11/Documents/GitHub/the-last-check-in/Content/StarterContent/Materials/M_Metal_Burnished_Steel.uasset" 3405
"C:/Users/win11/Documents/GitHub/the-last-check-in/Content/StarterContent/Materials/M_Metal_Brushed_Nickel.uasset" 3406
"C:/Users/win11/Documents/GitHub/the-last-check-in/Content/StarterContent/Props/Materials/M_Lamp.uasset" 3407
"C:/Users/win11/Documents/GitHub/the-last-check-in/Content/StarterContent/Materials/M_Ground_Moss.uasset" 3408
"C:/Users/win11/Documents/GitHub/the-last-check-in/Content/StarterContent/Materials/M_Ground_Gravel.uasset" 3409
"C:/Users/win11/Documents/GitHub/the-last-check-in/Content/StarterContent/Materials/M_Ground_Grass.uasset" 3410
"C:/Users/win11/Documents/GitHub/the-last-check-in/Content/StarterContent/Props/Materials/M_Frame.uasset" 3411
"C:/Users/win11/Documents/GitHub/the-last-check-in/Content/StarterContent/Particles/Materials/M_Fire_SubUV.uasset" 3412
"C:/Users/win11/Documents/GitHub/the-last-check-in/Content/StarterContent/Particles/Materials/M_explosion_subUV.uasset" 3413
"C:/Users/win11/Documents/GitHub/the-last-check-in/Content/StarterContent/Particles/Materials/M_Dust_Particle.uasset" 3414
"C:/Users/win11/Documents/GitHub/the-last-check-in/Content/StarterContent/Props/Materials/M_Door.uasset" 3415
"C:/Users/win11/Documents/GitHub/the-last-check-in/Content/StarterContent/Materials/M_Concrete_Tiles.uasset" 3416
"C:/Users/win11/Documents/GitHub/the-last-check-in/Content/StarterContent/Materials/M_Concrete_Poured.uasset" 3417
"C:/Users/win11/Documents/GitHub/the-last-check-in/Content/StarterContent/Materials/M_Concrete_Panels.uasset" 3418
"C:/Users/win11/Documents/GitHub/the-last-check-in/Content/StarterContent/Materials/M_Concrete_Grime.uasset" 3419
"C:/Users/win11/Documents/GitHub/the-last-check-in/Content/StarterContent/Materials/M_CobbleStone_Smooth.uasset" 3420
"C:/Users/win11/Documents/GitHub/the-last-check-in/Content/StarterContent/Materials/M_CobbleStone_Rough.uasset" 3421
"C:/Users/win11/Documents/GitHub/the-last-check-in/Content/StarterContent/Materials/M_CobbleStone_Pebble.uasset" 3422
"C:/Users/win11/Documents/GitHub/the-last-check-in/Content/StarterContent/Materials/M_Tech_Checker_Dot.uasset" 3423
"C:/Users/win11/Documents/GitHub/the-last-check-in/Content/StarterContent/Props/Materials/M_Chair.uasset" 3424
"C:/Users/win11/Documents/GitHub/the-last-check-in/Content/StarterContent/Materials/M_Ceramic_Tile_Checker.uasset" 3425
"C:/Users/win11/Documents/GitHub/the-last-check-in/Content/StarterContent/Props/Materials/M_Bush.uasset" 3426
"C:/Users/win11/Documents/GitHub/the-last-check-in/Content/StarterContent/Particles/Materials/M_Burst.uasset" 3427
"C:/Users/win11/Documents/GitHub/the-last-check-in/Content/StarterContent/Materials/M_Brick_Hewn_Stone.uasset" 3428
"C:/Users/win11/Documents/GitHub/the-last-check-in/Content/StarterContent/Materials/M_Brick_Cut_Stone.uasset" 3429
"C:/Users/win11/Documents/GitHub/the-last-check-in/Content/StarterContent/Materials/M_Brick_Clay_Old.uasset" 3430
"C:/Users/win11/Documents/GitHub/the-last-check-in/Content/StarterContent/Materials/M_Brick_Clay_New.uasset" 3431
"C:/Users/win11/Documents/GitHub/the-last-check-in/Content/StarterContent/Materials/M_Brick_Clay_Beveled.uasset" 3432
"C:/Users/win11/Documents/GitHub/the-last-check-in/Content/StarterContent/Props/SM_GlassWindow.uasset" 3433
"C:/Users/win11/Documents/GitHub/the-last-check-in/Content/StarterContent/Shapes/Shape_WideCapsule.uasset" 3434
"C:/Users/win11/Documents/GitHub/the-last-check-in/Content/StarterContent/Shapes/Shape_Wedge_B.uasset" 3435
"C:/Users/win11/Documents/GitHub/the-last-check-in/Content/StarterContent/Shapes/Shape_Wedge_A.uasset" 3436
"C:/Users/win11/Documents/GitHub/the-last-check-in/Content/StarterContent/Shapes/Shape_Tube.uasset" 3437
"C:/Users/win11/Documents/GitHub/the-last-check-in/Content/StarterContent/Shapes/Shape_TriPyramid.uasset" 3438
"C:/Users/win11/Documents/GitHub/the-last-check-in/Content/StarterContent/Shapes/Shape_Trim_90_Out.uasset" 3439
"C:/Users/win11/Documents/GitHub/the-last-check-in/Content/StarterContent/Shapes/Shape_Trim_90_In.uasset" 3440
"C:/Users/win11/Documents/GitHub/the-last-check-in/Content/StarterContent/Shapes/Shape_Trim.uasset" 3441
"C:/Users/win11/Documents/GitHub/the-last-check-in/Content/StarterContent/Shapes/Shape_Torus.uasset" 3442
"C:/Users/win11/Documents/GitHub/the-last-check-in/Content/StarterContent/Shapes/Shape_Sphere.uasset" 3443
"C:/Users/win11/Documents/GitHub/the-last-check-in/Content/StarterContent/Shapes/Shape_QuadPyramid.uasset" 3444
"C:/Users/win11/Documents/GitHub/the-last-check-in/Content/StarterContent/Shapes/Shape_Plane.uasset" 3445
"C:/Users/win11/Documents/GitHub/the-last-check-in/Content/StarterContent/Shapes/Shape_Pipe_90.uasset" 3446
"C:/Users/win11/Documents/GitHub/the-last-check-in/Content/StarterContent/Shapes/Shape_Pipe_180.uasset" 3447
"C:/Users/win11/Documents/GitHub/the-last-check-in/Content/StarterContent/Shapes/Shape_Pipe.uasset" 3448
"C:/Users/win11/Documents/GitHub/the-last-check-in/Content/StarterContent/Shapes/Shape_NarrowCapsule.uasset" 3449
"C:/Users/win11/Documents/GitHub/the-last-check-in/Content/StarterContent/Shapes/Shape_Cylinder.uasset" 3450
"C:/Users/win11/Documents/GitHub/the-last-check-in/Content/StarterContent/Shapes/Shape_Cube.uasset" 3451
"C:/Users/win11/Documents/GitHub/the-last-check-in/Content/StarterContent/Shapes/Shape_Cone.uasset" 3452
"C:/Users/win11/Documents/GitHub/the-last-check-in/Content/StarterContent/Architecture/Wall_Window_400x400.uasset" 3453
"C:/Users/win11/Documents/GitHub/the-last-check-in/Content/StarterContent/Architecture/Wall_Window_400x300.uasset" 3454
"C:/Users/win11/Documents/GitHub/the-last-check-in/Content/StarterContent/Architecture/Wall_Door_400x400.uasset" 3455
"C:/Users/win11/Documents/GitHub/the-last-check-in/Content/StarterContent/Architecture/Wall_Door_400x300.uasset" 3456
"C:/Users/win11/Documents/GitHub/the-last-check-in/Content/StarterContent/Architecture/Wall_500x500.uasset" 3457
"C:/Users/win11/Documents/GitHub/the-last-check-in/Content/StarterContent/Architecture/Wall_400x400.uasset" 3458
"C:/Users/win11/Documents/GitHub/the-last-check-in/Content/StarterContent/Architecture/Wall_400x300.uasset" 3459
"C:/Users/win11/Documents/GitHub/the-last-check-in/Content/StarterContent/Architecture/Wall_400x200.uasset" 3460
"C:/Users/win11/Documents/GitHub/the-last-check-in/Content/StarterContent/Architecture/Pillar_50x500.uasset" 3461
"C:/Users/win11/Documents/GitHub/the-last-check-in/Content/StarterContent/Props/SM_Stairs.uasset" 3462
"C:/Users/win11/Documents/GitHub/the-last-check-in/Content/StarterContent/Architecture/Floor_400x400.uasset" 3463
"C:/Users/win11/Documents/GitHub/the-last-check-in/Content/StarterContent/Architecture/SM_AssetPlatform.uasset" 3464
"C:/Users/win11/Documents/GitHub/the-last-check-in/Content/lukeWork/Materialsd/PPI_ToonSahder.uasset" 3465
"C:/Users/win11/Documents/GitHub/the-last-check-in/Content/lukeWork/Materialsd/Top.uasset" 3466
"C:/Users/win11/Documents/GitHub/the-last-check-in/Content/lukeWork/Materialsd/civilian_3_Top_Mat.uasset" 3467
"C:/Users/win11/Documents/GitHub/the-last-check-in/Content/lukeWork/Materialsd/Shoes.uasset" 3468
"C:/Users/win11/Documents/GitHub/the-last-check-in/Content/lukeWork/Materialsd/Moustache.uasset" 3469
"C:/Users/win11/Documents/GitHub/the-last-check-in/Content/lukeWork/Materialsd/Hair.uasset" 3470
"C:/Users/win11/Documents/GitHub/the-last-check-in/Content/lukeWork/Materialsd/civilian_3_Hair_Mat.uasset" 3471
"C:/Users/win11/Documents/GitHub/the-last-check-in/Content/lukeWork/Materialsd/civilian_3_Bottom_Mat.uasset" 3472
"C:/Users/win11/Documents/GitHub/the-last-check-in/Content/lukeWork/Materialsd/Bottom.uasset" 3473
"C:/Users/win11/Documents/GitHub/the-last-check-in/Content/lukeWork/Materialsd/civilian_3_Body_Mat.uasset" 3474
"C:/Users/win11/Documents/GitHub/the-last-check-in/Content/lukeWork/Materialsd/Body.uasset" 3475
"C:/Users/win11/Documents/GitHub/the-last-check-in/Content/lukeWork/Materialsd/civilian_3_Beard_Mat.uasset" 3476
"C:/Users/win11/Documents/GitHub/the-last-check-in/Content/lukeWork/Materialsd/Beard.uasset" 3477
"C:/Users/win11/Documents/GitHub/the-last-check-in/Content/lukeWork/LevelPrototyping/Materials/MI_Solid_Blue.uasset" 3478
"C:/Users/win11/Documents/GitHub/the-last-check-in/Content/lukeWork/FirstPerson/Input/IMC_Weapons.uasset" 3479
"C:/Users/win11/Documents/GitHub/the-last-check-in/Content/lukeWork/FirstPerson/Input/IMC_Default.uasset" 3480
"C:/Users/win11/Documents/GitHub/the-last-check-in/Content/lukeWork/FirstPerson/Blueprints/BP_FirstPersonCharacter.uasset" 3481
"C:/Users/win11/Documents/GitHub/the-last-check-in/Content/Eben_Work/Dialogue/DT_DialogueDataTable.uasset" 3482
"../../../Engine/Plugins/Interchange/Runtime/Content/Functions/MX_Surface.uasset" 3483
"../../../Engine/Content/EngineMaterials/PPM_DefaultCalibrationGrayscale.uasset" 3484
"../../../Engine/Content/EngineMaterials/PPM_DefaultCalibrationColor.uasset" 3485
"../../../Engine/Content/EngineMaterials/Substrate/Volume/SubstrateSimpleVolumeEnvLUT3D.uasset" 3486
"../../../Engine/Content/EngineMaterials/Substrate/Volume/SubstrateSimpleVolumeLUT3D.uasset" 3487
"../../../Engine/Content/EngineMaterials/Substrate/GLints2/AGlintTex2dArray2.uasset" 3488
"../../../Engine/Content/EngineMaterials/Substrate/GLints/AGlintTex2dArray.uasset" 3489
"../../../Engine/Content/EditorMaterials/PreviewShadowIndicatorMaterial.uasset" 3490
"../../../Engine/Content/Functions/Engine_MaterialFunctions01/ImageAdjustment/CheapContrast.uasset" 3491
"C:/Users/win11/Documents/GitHub/the-last-check-in/Content/tomWork/TemplateContent/FirstPersonArms/Animations/FP_Run_Fwd.uasset" 3492
"C:/Users/win11/Documents/GitHub/the-last-check-in/Content/tomWork/TemplateContent/FirstPersonArms/Animations/FP_Land.uasset" 3493
"C:/Users/win11/Documents/GitHub/the-last-check-in/Content/tomWork/TemplateContent/FirstPersonArms/Animations/FP_Jump.uasset" 3494
"C:/Users/win11/Documents/GitHub/the-last-check-in/Content/tomWork/TemplateContent/FirstPersonArms/Animations/FP_Idle.uasset" 3495
"C:/Users/win11/Documents/GitHub/the-last-check-in/Content/tomWork/TemplateContent/FirstPersonArms/Animations/FP_Falling.uasset" 3496
"C:/Users/win11/Documents/GitHub/the-last-check-in/Content/TemplateContent/FirstPersonArms/Animations/FP_Run_Fwd.uasset" 3497
"C:/Users/win11/Documents/GitHub/the-last-check-in/Content/TemplateContent/FirstPersonArms/Animations/FP_Land.uasset" 3498
"C:/Users/win11/Documents/GitHub/the-last-check-in/Content/TemplateContent/FirstPersonArms/Animations/FP_Jump.uasset" 3499
"C:/Users/win11/Documents/GitHub/the-last-check-in/Content/TemplateContent/FirstPersonArms/Animations/FP_Idle.uasset" 3500
"C:/Users/win11/Documents/GitHub/the-last-check-in/Content/TemplateContent/FirstPersonArms/Animations/FP_Falling.uasset" 3501
"C:/Users/win11/Documents/GitHub/the-last-check-in/Content/tomWork/TemplateContent/FirstPersonArms/Animations/FP_Rifle_Run.uasset" 3502
"C:/Users/win11/Documents/GitHub/the-last-check-in/Content/tomWork/TemplateContent/FirstPersonArms/Animations/FP_Rifle_Land.uasset" 3503
"C:/Users/win11/Documents/GitHub/the-last-check-in/Content/tomWork/TemplateContent/FirstPersonArms/Animations/FP_Rifle_Jump.uasset" 3504
"C:/Users/win11/Documents/GitHub/the-last-check-in/Content/tomWork/TemplateContent/FirstPersonArms/Animations/FP_Rifle_Idle.uasset" 3505
"C:/Users/win11/Documents/GitHub/the-last-check-in/Content/tomWork/TemplateContent/FirstPersonArms/Animations/FP_Rifle_Fire.uasset" 3506
"C:/Users/win11/Documents/GitHub/the-last-check-in/Content/tomWork/TemplateContent/FirstPersonArms/Animations/FP_Rifle_Falling.uasset" 3507
"C:/Users/win11/Documents/GitHub/the-last-check-in/Content/TemplateContent/FirstPersonArms/Animations/FP_Rifle_Run.uasset" 3508
"C:/Users/win11/Documents/GitHub/the-last-check-in/Content/TemplateContent/FirstPersonArms/Animations/FP_Rifle_Land.uasset" 3509
"C:/Users/win11/Documents/GitHub/the-last-check-in/Content/TemplateContent/FirstPersonArms/Animations/FP_Rifle_Jump.uasset" 3510
"C:/Users/win11/Documents/GitHub/the-last-check-in/Content/TemplateContent/FirstPersonArms/Animations/FP_Rifle_Idle.uasset" 3511
"C:/Users/win11/Documents/GitHub/the-last-check-in/Content/TemplateContent/FirstPersonArms/Animations/FP_Rifle_Fire.uasset" 3512
"C:/Users/win11/Documents/GitHub/the-last-check-in/Content/TemplateContent/FirstPersonArms/Animations/FP_Rifle_Falling.uasset" 3513
"C:/Users/win11/Documents/GitHub/the-last-check-in/Content/tomWork/TemplateContent/FirstPerson/Input/MobileControls.uasset" 3514
"../../../Engine/Content/Functions/MaterialLayerFunctions/MatLayerBlend_OverrideOpacity.uasset" 3515
"C:/Users/win11/Documents/GitHub/the-last-check-in/Content/TemplateContent/FirstPerson/Input/MobileControls.uasset" 3516
"C:/Users/win11/Documents/GitHub/the-last-check-in/Content/lukeWork/FirstPerson/Input/MobileControls.uasset" 3517
"C:/Users/win11/Documents/GitHub/the-last-check-in/Content/tomWork/Materials/M_ReallyCoolFunkyOutline.uasset" 3518
"../../../Engine/Content/EngineMaterials/Substrate/Volume/SubstrateSimpleVolumeEnvLUT2D.uasset" 3519
"C:/Users/win11/Documents/GitHub/the-last-check-in/Content/StarterContent/Props/Materials/M_Rock.uasset" 3520
"../../../Engine/Content/EngineMaterials/Substrate/Volume/SubstrateSimpleVolumeLUT2D.uasset" 3521
"C:/Users/win11/Documents/GitHub/the-last-check-in/Content/StarterContent/Materials/M_Water_Ocean.uasset" 3522
"../../../Engine/Content/EngineMaterials/Substrate/Glints2/dict_0000_0000.uasset" 3523
"../../../Engine/Content/EngineMaterials/Substrate/Glints2/dict_0000_0001.uasset" 3524
"../../../Engine/Content/EngineMaterials/Substrate/Glints2/dict_0000_0002.uasset" 3525
"../../../Engine/Content/EngineMaterials/Substrate/Glints2/dict_0000_0003.uasset" 3526
"../../../Engine/Content/EngineMaterials/Substrate/Glints2/dict_0000_0004.uasset" 3527
"../../../Engine/Content/EngineMaterials/Substrate/Glints2/dict_0000_0005.uasset" 3528
"../../../Engine/Content/EngineMaterials/Substrate/Glints2/dict_0000_0006.uasset" 3529
"../../../Engine/Content/EngineMaterials/Substrate/Glints2/dict_0000_0007.uasset" 3530
"../../../Engine/Content/EngineMaterials/Substrate/Glints2/dict_0000_0008.uasset" 3531
"../../../Engine/Content/EngineMaterials/Substrate/Glints2/dict_0000_0009.uasset" 3532
"../../../Engine/Content/EngineMaterials/Substrate/Glints2/dict_0000_0010.uasset" 3533
"../../../Engine/Content/EngineMaterials/Substrate/Glints2/dict_0000_0011.uasset" 3534
"../../../Engine/Content/EngineMaterials/Substrate/Glints2/dict_0000_0012.uasset" 3535
"../../../Engine/Content/EngineMaterials/Substrate/Glints2/dict_0000_0013.uasset" 3536
"../../../Engine/Content/EngineMaterials/Substrate/Glints2/dict_0000_0014.uasset" 3537
"../../../Engine/Content/EngineMaterials/Substrate/Glints2/dict_0000_0015.uasset" 3538
"../../../Engine/Content/EngineMaterials/Substrate/Glints2/dict_0000_0016.uasset" 3539
"../../../Engine/Content/EngineMaterials/Substrate/Glints2/dict_0000_0017.uasset" 3540
"../../../Engine/Content/EngineMaterials/Substrate/Glints2/dict_0000_0018.uasset" 3541
"../../../Engine/Content/EngineMaterials/Substrate/Glints2/dict_0000_0019.uasset" 3542
"../../../Engine/Content/EngineMaterials/Substrate/Glints2/dict_0000_0020.uasset" 3543
"../../../Engine/Content/EngineMaterials/Substrate/Glints2/dict_0000_0021.uasset" 3544
"../../../Engine/Content/EngineMaterials/Substrate/Glints2/dict_0000_0022.uasset" 3545
"../../../Engine/Content/EngineMaterials/Substrate/Glints2/dict_0000_0023.uasset" 3546
"../../../Engine/Content/EngineMaterials/Substrate/Glints2/dict_0000_0024.uasset" 3547
"../../../Engine/Content/EngineMaterials/Substrate/Glints2/dict_0000_0025.uasset" 3548
"../../../Engine/Content/EngineMaterials/Substrate/Glints2/dict_0000_0026.uasset" 3549
"../../../Engine/Content/EngineMaterials/Substrate/Glints2/dict_0000_0027.uasset" 3550
"../../../Engine/Content/EngineMaterials/Substrate/Glints2/dict_0000_0028.uasset" 3551
"../../../Engine/Content/EngineMaterials/Substrate/Glints2/dict_0000_0029.uasset" 3552
"../../../Engine/Content/EngineMaterials/Substrate/Glints2/dict_0000_0030.uasset" 3553
"../../../Engine/Content/EngineMaterials/Substrate/Glints2/dict_0000_0031.uasset" 3554
"../../../Engine/Content/EngineMaterials/Substrate/Glints2/dict_0000_0032.uasset" 3555
"../../../Engine/Content/EngineMaterials/Substrate/Glints2/dict_0000_0033.uasset" 3556
"../../../Engine/Content/EngineMaterials/Substrate/Glints2/dict_0000_0034.uasset" 3557
"../../../Engine/Content/EngineMaterials/Substrate/Glints2/dict_0000_0035.uasset" 3558
"../../../Engine/Content/EngineMaterials/Substrate/Glints2/dict_0000_0036.uasset" 3559
"../../../Engine/Content/EngineMaterials/Substrate/Glints2/dict_0000_0037.uasset" 3560
"../../../Engine/Content/EngineMaterials/Substrate/Glints2/dict_0000_0038.uasset" 3561
"../../../Engine/Content/EngineMaterials/Substrate/Glints2/dict_0000_0039.uasset" 3562
"../../../Engine/Content/EngineMaterials/Substrate/Glints2/dict_0000_0040.uasset" 3563
"../../../Engine/Content/EngineMaterials/Substrate/Glints2/dict_0000_0041.uasset" 3564
"../../../Engine/Content/EngineMaterials/Substrate/Glints2/dict_0000_0042.uasset" 3565
"../../../Engine/Content/EngineMaterials/Substrate/Glints2/dict_0000_0043.uasset" 3566
"../../../Engine/Content/EngineMaterials/Substrate/Glints2/dict_0000_0044.uasset" 3567
"../../../Engine/Content/EngineMaterials/Substrate/Glints2/dict_0000_0045.uasset" 3568
"../../../Engine/Content/EngineMaterials/Substrate/Glints2/dict_0000_0046.uasset" 3569
"../../../Engine/Content/EngineMaterials/Substrate/Glints2/dict_0000_0047.uasset" 3570
"../../../Engine/Content/EngineMaterials/Substrate/Glints2/dict_0000_0048.uasset" 3571
"../../../Engine/Content/EngineMaterials/Substrate/Glints2/dict_0000_0049.uasset" 3572
"../../../Engine/Content/EngineMaterials/Substrate/Glints2/dict_0000_0050.uasset" 3573
"../../../Engine/Content/EngineMaterials/Substrate/Glints2/dict_0000_0051.uasset" 3574
"../../../Engine/Content/EngineMaterials/Substrate/Glints2/dict_0000_0052.uasset" 3575
"../../../Engine/Content/EngineMaterials/Substrate/Glints2/dict_0000_0053.uasset" 3576
"../../../Engine/Content/EngineMaterials/Substrate/Glints2/dict_0000_0054.uasset" 3577
"../../../Engine/Content/EngineMaterials/Substrate/Glints2/dict_0000_0055.uasset" 3578
"../../../Engine/Content/EngineMaterials/Substrate/Glints2/dict_0000_0056.uasset" 3579
"../../../Engine/Content/EngineMaterials/Substrate/Glints2/dict_0000_0057.uasset" 3580
"../../../Engine/Content/EngineMaterials/Substrate/Glints2/dict_0000_0058.uasset" 3581
"../../../Engine/Content/EngineMaterials/Substrate/Glints2/dict_0000_0059.uasset" 3582
"../../../Engine/Content/EngineMaterials/Substrate/Glints2/dict_0000_0060.uasset" 3583
"../../../Engine/Content/EngineMaterials/Substrate/Glints2/dict_0000_0061.uasset" 3584
"../../../Engine/Content/EngineMaterials/Substrate/Glints2/dict_0000_0062.uasset" 3585
"../../../Engine/Content/EngineMaterials/Substrate/Glints2/dict_0000_0063.uasset" 3586
"../../../Engine/Content/EngineMaterials/Substrate/Glints2/dict_0000_0064.uasset" 3587
"../../../Engine/Content/EngineMaterials/Substrate/Glints2/dict_0000_0065.uasset" 3588
"../../../Engine/Content/EngineMaterials/Substrate/Glints2/dict_0000_0066.uasset" 3589
"../../../Engine/Content/EngineMaterials/Substrate/Glints2/dict_0000_0067.uasset" 3590
"../../../Engine/Content/EngineMaterials/Substrate/Glints2/dict_0000_0068.uasset" 3591
"../../../Engine/Content/EngineMaterials/Substrate/Glints2/dict_0000_0069.uasset" 3592
"../../../Engine/Content/EngineMaterials/Substrate/Glints2/dict_0000_0070.uasset" 3593
"../../../Engine/Content/EngineMaterials/Substrate/Glints2/dict_0000_0071.uasset" 3594
"../../../Engine/Content/EngineMaterials/Substrate/Glints2/dict_0000_0072.uasset" 3595
"../../../Engine/Content/EngineMaterials/Substrate/Glints2/dict_0000_0073.uasset" 3596
"../../../Engine/Content/EngineMaterials/Substrate/Glints2/dict_0000_0074.uasset" 3597
"../../../Engine/Content/EngineMaterials/Substrate/Glints2/dict_0000_0075.uasset" 3598
"../../../Engine/Content/EngineMaterials/Substrate/Glints2/dict_0000_0076.uasset" 3599
"../../../Engine/Content/EngineMaterials/Substrate/Glints2/dict_0000_0077.uasset" 3600
"../../../Engine/Content/EngineMaterials/Substrate/Glints2/dict_0000_0078.uasset" 3601
"../../../Engine/Content/EngineMaterials/Substrate/Glints2/dict_0000_0079.uasset" 3602
"../../../Engine/Content/EngineMaterials/Substrate/Glints2/dict_0000_0080.uasset" 3603
"../../../Engine/Content/EngineMaterials/Substrate/Glints2/dict_0000_0081.uasset" 3604
"../../../Engine/Content/EngineMaterials/Substrate/Glints2/dict_0000_0082.uasset" 3605
"../../../Engine/Content/EngineMaterials/Substrate/Glints2/dict_0000_0083.uasset" 3606
"../../../Engine/Content/EngineMaterials/Substrate/Glints2/dict_0000_0084.uasset" 3607
"../../../Engine/Content/EngineMaterials/Substrate/Glints2/dict_0000_0085.uasset" 3608
"../../../Engine/Content/EngineMaterials/Substrate/Glints2/dict_0000_0086.uasset" 3609
"../../../Engine/Content/EngineMaterials/Substrate/Glints2/dict_0000_0087.uasset" 3610
"../../../Engine/Content/EngineMaterials/Substrate/Glints2/dict_0000_0088.uasset" 3611
"../../../Engine/Content/EngineMaterials/Substrate/Glints2/dict_0000_0089.uasset" 3612
"../../../Engine/Content/EngineMaterials/Substrate/Glints2/dict_0000_0090.uasset" 3613
"../../../Engine/Content/EngineMaterials/Substrate/Glints2/dict_0000_0091.uasset" 3614
"../../../Engine/Content/EngineMaterials/Substrate/Glints2/dict_0000_0092.uasset" 3615
"../../../Engine/Content/EngineMaterials/Substrate/Glints2/dict_0000_0093.uasset" 3616
"../../../Engine/Content/EngineMaterials/Substrate/Glints2/dict_0000_0094.uasset" 3617
"../../../Engine/Content/EngineMaterials/Substrate/Glints2/dict_0000_0095.uasset" 3618
"../../../Engine/Content/EngineMaterials/Substrate/Glints2/dict_0000_0096.uasset" 3619
"../../../Engine/Content/EngineMaterials/Substrate/Glints2/dict_0000_0097.uasset" 3620
"../../../Engine/Content/EngineMaterials/Substrate/Glints2/dict_0000_0098.uasset" 3621
"../../../Engine/Content/EngineMaterials/Substrate/Glints2/dict_0000_0099.uasset" 3622
"../../../Engine/Content/EngineMaterials/Substrate/Glints2/dict_0000_0100.uasset" 3623
"../../../Engine/Content/EngineMaterials/Substrate/Glints2/dict_0000_0101.uasset" 3624
"../../../Engine/Content/EngineMaterials/Substrate/Glints2/dict_0000_0102.uasset" 3625
"../../../Engine/Content/EngineMaterials/Substrate/Glints2/dict_0000_0103.uasset" 3626
"../../../Engine/Content/EngineMaterials/Substrate/Glints2/dict_0000_0104.uasset" 3627
"../../../Engine/Content/EngineMaterials/Substrate/Glints2/dict_0000_0105.uasset" 3628
"../../../Engine/Content/EngineMaterials/Substrate/Glints2/dict_0000_0106.uasset" 3629
"../../../Engine/Content/EngineMaterials/Substrate/Glints2/dict_0000_0107.uasset" 3630
"../../../Engine/Content/EngineMaterials/Substrate/Glints2/dict_0000_0108.uasset" 3631
"../../../Engine/Content/EngineMaterials/Substrate/Glints2/dict_0000_0109.uasset" 3632
"../../../Engine/Content/EngineMaterials/Substrate/Glints2/dict_0000_0110.uasset" 3633
"../../../Engine/Content/EngineMaterials/Substrate/Glints2/dict_0000_0111.uasset" 3634
"../../../Engine/Content/EngineMaterials/Substrate/Glints2/dict_0000_0112.uasset" 3635
"../../../Engine/Content/EngineMaterials/Substrate/Glints2/dict_0000_0113.uasset" 3636
"../../../Engine/Content/EngineMaterials/Substrate/Glints2/dict_0000_0114.uasset" 3637
"../../../Engine/Content/EngineMaterials/Substrate/Glints2/dict_0000_0115.uasset" 3638
"../../../Engine/Content/EngineMaterials/Substrate/Glints2/dict_0000_0116.uasset" 3639
"../../../Engine/Content/EngineMaterials/Substrate/Glints2/dict_0000_0117.uasset" 3640
"../../../Engine/Content/EngineMaterials/Substrate/Glints2/dict_0000_0118.uasset" 3641
"../../../Engine/Content/EngineMaterials/Substrate/Glints2/dict_0000_0119.uasset" 3642
"../../../Engine/Content/EngineMaterials/Substrate/Glints2/dict_0000_0120.uasset" 3643
"../../../Engine/Content/EngineMaterials/Substrate/Glints2/dict_0000_0121.uasset" 3644
"../../../Engine/Content/EngineMaterials/Substrate/Glints2/dict_0000_0122.uasset" 3645
"../../../Engine/Content/EngineMaterials/Substrate/Glints2/dict_0000_0123.uasset" 3646
"../../../Engine/Content/EngineMaterials/Substrate/Glints2/dict_0000_0124.uasset" 3647
"../../../Engine/Content/EngineMaterials/Substrate/Glints2/dict_0000_0125.uasset" 3648
"../../../Engine/Content/EngineMaterials/Substrate/Glints2/dict_0000_0126.uasset" 3649
"../../../Engine/Content/EngineMaterials/Substrate/Glints2/dict_0000_0127.uasset" 3650
"../../../Engine/Content/EngineMaterials/Substrate/Glints2/dict_0000_0128.uasset" 3651
"../../../Engine/Content/EngineMaterials/Substrate/Glints2/dict_0000_0129.uasset" 3652
"../../../Engine/Content/EngineMaterials/Substrate/Glints2/dict_0000_0130.uasset" 3653
"../../../Engine/Content/EngineMaterials/Substrate/Glints2/dict_0000_0131.uasset" 3654
"../../../Engine/Content/EngineMaterials/Substrate/Glints2/dict_0000_0132.uasset" 3655
"../../../Engine/Content/EngineMaterials/Substrate/Glints2/dict_0000_0133.uasset" 3656
"../../../Engine/Content/EngineMaterials/Substrate/Glints2/dict_0000_0134.uasset" 3657
"../../../Engine/Content/EngineMaterials/Substrate/Glints2/dict_0000_0135.uasset" 3658
"../../../Engine/Content/EngineMaterials/Substrate/Glints2/dict_0000_0136.uasset" 3659
"../../../Engine/Content/EngineMaterials/Substrate/Glints2/dict_0000_0137.uasset" 3660
"../../../Engine/Content/EngineMaterials/Substrate/Glints2/dict_0000_0138.uasset" 3661
"../../../Engine/Content/EngineMaterials/Substrate/Glints2/dict_0000_0139.uasset" 3662
"../../../Engine/Content/EngineMaterials/Substrate/Glints2/dict_0000_0140.uasset" 3663
"../../../Engine/Content/EngineMaterials/Substrate/Glints2/dict_0000_0141.uasset" 3664
"../../../Engine/Content/EngineMaterials/Substrate/Glints2/dict_0000_0142.uasset" 3665
"../../../Engine/Content/EngineMaterials/Substrate/Glints2/dict_0000_0143.uasset" 3666
"../../../Engine/Content/EngineMaterials/Substrate/Glints2/dict_0000_0144.uasset" 3667
"../../../Engine/Content/EngineMaterials/Substrate/Glints2/dict_0000_0145.uasset" 3668
"../../../Engine/Content/EngineMaterials/Substrate/Glints2/dict_0000_0146.uasset" 3669
"../../../Engine/Content/EngineMaterials/Substrate/Glints2/dict_0000_0147.uasset" 3670
"../../../Engine/Content/EngineMaterials/Substrate/Glints2/dict_0000_0148.uasset" 3671
"../../../Engine/Content/EngineMaterials/Substrate/Glints2/dict_0000_0149.uasset" 3672
"../../../Engine/Content/EngineMaterials/Substrate/Glints2/dict_0000_0150.uasset" 3673
"../../../Engine/Content/EngineMaterials/Substrate/Glints2/dict_0000_0151.uasset" 3674
"../../../Engine/Content/EngineMaterials/Substrate/Glints2/dict_0000_0152.uasset" 3675
"../../../Engine/Content/EngineMaterials/Substrate/Glints2/dict_0000_0153.uasset" 3676
"../../../Engine/Content/EngineMaterials/Substrate/Glints2/dict_0000_0154.uasset" 3677
"../../../Engine/Content/EngineMaterials/Substrate/Glints2/dict_0000_0155.uasset" 3678
"../../../Engine/Content/EngineMaterials/Substrate/Glints2/dict_0000_0156.uasset" 3679
"../../../Engine/Content/EngineMaterials/Substrate/Glints2/dict_0000_0157.uasset" 3680
"../../../Engine/Content/EngineMaterials/Substrate/Glints2/dict_0000_0158.uasset" 3681
"../../../Engine/Content/EngineMaterials/Substrate/Glints2/dict_0000_0159.uasset" 3682
"../../../Engine/Content/EngineMaterials/Substrate/Glints2/dict_0000_0160.uasset" 3683
"../../../Engine/Content/EngineMaterials/Substrate/Glints2/dict_0000_0161.uasset" 3684
"../../../Engine/Content/EngineMaterials/Substrate/Glints2/dict_0000_0162.uasset" 3685
"../../../Engine/Content/EngineMaterials/Substrate/Glints2/dict_0000_0163.uasset" 3686
"../../../Engine/Content/EngineMaterials/Substrate/Glints2/dict_0000_0164.uasset" 3687
"../../../Engine/Content/EngineMaterials/Substrate/Glints2/dict_0000_0165.uasset" 3688
"../../../Engine/Content/EngineMaterials/Substrate/Glints2/dict_0000_0166.uasset" 3689
"../../../Engine/Content/EngineMaterials/Substrate/Glints2/dict_0000_0167.uasset" 3690
"../../../Engine/Content/EngineMaterials/Substrate/Glints2/dict_0000_0168.uasset" 3691
"../../../Engine/Content/EngineMaterials/Substrate/Glints2/dict_0000_0169.uasset" 3692
"../../../Engine/Content/EngineMaterials/Substrate/Glints2/dict_0000_0170.uasset" 3693
"../../../Engine/Content/EngineMaterials/Substrate/Glints2/dict_0000_0171.uasset" 3694
"../../../Engine/Content/EngineMaterials/Substrate/Glints2/dict_0000_0172.uasset" 3695
"../../../Engine/Content/EngineMaterials/Substrate/Glints2/dict_0000_0173.uasset" 3696
"../../../Engine/Content/EngineMaterials/Substrate/Glints2/dict_0000_0174.uasset" 3697
"../../../Engine/Content/EngineMaterials/Substrate/Glints2/dict_0000_0175.uasset" 3698
"../../../Engine/Content/EngineMaterials/Substrate/Glints2/dict_0000_0176.uasset" 3699
"../../../Engine/Content/EngineMaterials/Substrate/Glints2/dict_0000_0177.uasset" 3700
"../../../Engine/Content/EngineMaterials/Substrate/Glints2/dict_0000_0178.uasset" 3701
"../../../Engine/Content/EngineMaterials/Substrate/Glints2/dict_0000_0179.uasset" 3702
"../../../Engine/Content/EngineMaterials/Substrate/Glints2/dict_0000_0180.uasset" 3703
"../../../Engine/Content/EngineMaterials/Substrate/Glints2/dict_0000_0181.uasset" 3704
"../../../Engine/Content/EngineMaterials/Substrate/Glints2/dict_0000_0182.uasset" 3705
"../../../Engine/Content/EngineMaterials/Substrate/Glints2/dict_0000_0183.uasset" 3706
"../../../Engine/Content/EngineMaterials/Substrate/Glints2/dict_0000_0184.uasset" 3707
"../../../Engine/Content/EngineMaterials/Substrate/Glints2/dict_0000_0185.uasset" 3708
"../../../Engine/Content/EngineMaterials/Substrate/Glints2/dict_0000_0186.uasset" 3709
"../../../Engine/Content/EngineMaterials/Substrate/Glints2/dict_0000_0187.uasset" 3710
"../../../Engine/Content/EngineMaterials/Substrate/Glints2/dict_0000_0188.uasset" 3711
"../../../Engine/Content/EngineMaterials/Substrate/Glints2/dict_0000_0189.uasset" 3712
"../../../Engine/Content/EngineMaterials/Substrate/Glints2/dict_0000_0190.uasset" 3713
"../../../Engine/Content/EngineMaterials/Substrate/Glints2/dict_0000_0191.uasset" 3714
"../../../Engine/Content/EngineMaterials/Substrate/Glints2/dict_0000_0192.uasset" 3715
"../../../Engine/Content/EngineMaterials/Substrate/Glints2/dict_0000_0193.uasset" 3716
"../../../Engine/Content/EngineMaterials/Substrate/Glints2/dict_0000_0194.uasset" 3717
"../../../Engine/Content/EngineMaterials/Substrate/Glints2/dict_0000_0195.uasset" 3718
"../../../Engine/Content/EngineMaterials/Substrate/Glints2/dict_0000_0196.uasset" 3719
"../../../Engine/Content/EngineMaterials/Substrate/Glints2/dict_0000_0197.uasset" 3720
"../../../Engine/Content/EngineMaterials/Substrate/Glints2/dict_0000_0198.uasset" 3721
"../../../Engine/Content/EngineMaterials/Substrate/Glints2/dict_0000_0199.uasset" 3722
"../../../Engine/Content/EngineMaterials/Substrate/Glints2/dict_0000_0200.uasset" 3723
"../../../Engine/Content/EngineMaterials/Substrate/Glints2/dict_0000_0201.uasset" 3724
"../../../Engine/Content/EngineMaterials/Substrate/Glints2/dict_0000_0202.uasset" 3725
"../../../Engine/Content/EngineMaterials/Substrate/Glints2/dict_0000_0203.uasset" 3726
"../../../Engine/Content/EngineMaterials/Substrate/Glints2/dict_0000_0204.uasset" 3727
"../../../Engine/Content/EngineMaterials/Substrate/Glints2/dict_0000_0205.uasset" 3728
"../../../Engine/Content/EngineMaterials/Substrate/Glints2/dict_0000_0206.uasset" 3729
"../../../Engine/Content/EngineMaterials/Substrate/Glints2/dict_0000_0207.uasset" 3730
"../../../Engine/Content/EngineMaterials/Substrate/Glints2/dict_0000_0208.uasset" 3731
"../../../Engine/Content/EngineMaterials/Substrate/Glints2/dict_0000_0209.uasset" 3732
"../../../Engine/Content/EngineMaterials/Substrate/Glints2/dict_0000_0210.uasset" 3733
"../../../Engine/Content/EngineMaterials/Substrate/Glints2/dict_0000_0211.uasset" 3734
"../../../Engine/Content/EngineMaterials/Substrate/Glints2/dict_0000_0212.uasset" 3735
"../../../Engine/Content/EngineMaterials/Substrate/Glints2/dict_0000_0213.uasset" 3736
"../../../Engine/Content/EngineMaterials/Substrate/Glints2/dict_0000_0214.uasset" 3737
"../../../Engine/Content/EngineMaterials/Substrate/Glints2/dict_0000_0215.uasset" 3738
"../../../Engine/Content/EngineMaterials/Substrate/Glints2/dict_0000_0216.uasset" 3739
"../../../Engine/Content/EngineMaterials/Substrate/Glints2/dict_0000_0217.uasset" 3740
"../../../Engine/Content/EngineMaterials/Substrate/Glints2/dict_0000_0218.uasset" 3741
"../../../Engine/Content/EngineMaterials/Substrate/Glints2/dict_0000_0219.uasset" 3742
"../../../Engine/Content/EngineMaterials/Substrate/Glints2/dict_0000_0220.uasset" 3743
"../../../Engine/Content/EngineMaterials/Substrate/Glints2/dict_0000_0221.uasset" 3744
"../../../Engine/Content/EngineMaterials/Substrate/Glints2/dict_0000_0222.uasset" 3745
"../../../Engine/Content/EngineMaterials/Substrate/Glints2/dict_0000_0223.uasset" 3746
"../../../Engine/Content/EngineMaterials/Substrate/Glints2/dict_0000_0224.uasset" 3747
"../../../Engine/Content/EngineMaterials/Substrate/Glints2/dict_0000_0225.uasset" 3748
"../../../Engine/Content/EngineMaterials/Substrate/Glints2/dict_0000_0226.uasset" 3749
"../../../Engine/Content/EngineMaterials/Substrate/Glints2/dict_0000_0227.uasset" 3750
"../../../Engine/Content/EngineMaterials/Substrate/Glints2/dict_0000_0228.uasset" 3751
"../../../Engine/Content/EngineMaterials/Substrate/Glints2/dict_0000_0229.uasset" 3752
"../../../Engine/Content/EngineMaterials/Substrate/Glints2/dict_0000_0230.uasset" 3753
"../../../Engine/Content/EngineMaterials/Substrate/Glints2/dict_0000_0231.uasset" 3754
"../../../Engine/Content/EngineMaterials/Substrate/Glints2/dict_0000_0232.uasset" 3755
"../../../Engine/Content/EngineMaterials/Substrate/Glints2/dict_0000_0233.uasset" 3756
"../../../Engine/Content/EngineMaterials/Substrate/Glints2/dict_0000_0234.uasset" 3757
"../../../Engine/Content/EngineMaterials/Substrate/Glints2/dict_0000_0235.uasset" 3758
"../../../Engine/Content/EngineMaterials/Substrate/Glints2/dict_0000_0236.uasset" 3759
"../../../Engine/Content/EngineMaterials/Substrate/Glints2/dict_0000_0237.uasset" 3760
"../../../Engine/Content/EngineMaterials/Substrate/Glints2/dict_0000_0238.uasset" 3761
"../../../Engine/Content/EngineMaterials/Substrate/Glints2/dict_0000_0239.uasset" 3762
"../../../Engine/Content/EngineMaterials/Substrate/Glints2/dict_0000_0240.uasset" 3763
"../../../Engine/Content/EngineMaterials/Substrate/Glints2/dict_0000_0241.uasset" 3764
"../../../Engine/Content/EngineMaterials/Substrate/Glints2/dict_0000_0242.uasset" 3765
"../../../Engine/Content/EngineMaterials/Substrate/Glints2/dict_0000_0243.uasset" 3766
"../../../Engine/Content/EngineMaterials/Substrate/Glints2/dict_0000_0244.uasset" 3767
"../../../Engine/Content/EngineMaterials/Substrate/Glints2/dict_0000_0245.uasset" 3768
"../../../Engine/Content/EngineMaterials/Substrate/Glints2/dict_0000_0246.uasset" 3769
"../../../Engine/Content/EngineMaterials/Substrate/Glints2/dict_0000_0247.uasset" 3770
"../../../Engine/Content/EngineMaterials/Substrate/Glints2/dict_0000_0248.uasset" 3771
"../../../Engine/Content/EngineMaterials/Substrate/Glints2/dict_0000_0249.uasset" 3772
"../../../Engine/Content/EngineMaterials/Substrate/Glints2/dict_0000_0250.uasset" 3773
"../../../Engine/Content/EngineMaterials/Substrate/Glints2/dict_0000_0251.uasset" 3774
"../../../Engine/Content/EngineMaterials/Substrate/Glints2/dict_0000_0252.uasset" 3775
"../../../Engine/Content/EngineMaterials/Substrate/Glints2/dict_0000_0253.uasset" 3776
"../../../Engine/Content/EngineMaterials/Substrate/Glints2/dict_0000_0254.uasset" 3777
"../../../Engine/Content/EngineMaterials/Substrate/Glints2/dict_0000_0255.uasset" 3778
"../../../Engine/Content/EngineMaterials/Substrate/Glints2/dict_0001_0000.uasset" 3779
"../../../Engine/Content/EngineMaterials/Substrate/Glints2/dict_0001_0001.uasset" 3780
"../../../Engine/Content/EngineMaterials/Substrate/Glints2/dict_0001_0002.uasset" 3781
"../../../Engine/Content/EngineMaterials/Substrate/Glints2/dict_0001_0003.uasset" 3782
"../../../Engine/Content/EngineMaterials/Substrate/Glints2/dict_0001_0004.uasset" 3783
"../../../Engine/Content/EngineMaterials/Substrate/Glints2/dict_0001_0005.uasset" 3784
"../../../Engine/Content/EngineMaterials/Substrate/Glints2/dict_0001_0006.uasset" 3785
"../../../Engine/Content/EngineMaterials/Substrate/Glints2/dict_0001_0007.uasset" 3786
"../../../Engine/Content/EngineMaterials/Substrate/Glints2/dict_0001_0008.uasset" 3787
"../../../Engine/Content/EngineMaterials/Substrate/Glints2/dict_0001_0009.uasset" 3788
"../../../Engine/Content/EngineMaterials/Substrate/Glints2/dict_0001_0010.uasset" 3789
"../../../Engine/Content/EngineMaterials/Substrate/Glints2/dict_0001_0011.uasset" 3790
"../../../Engine/Content/EngineMaterials/Substrate/Glints2/dict_0001_0012.uasset" 3791
"../../../Engine/Content/EngineMaterials/Substrate/Glints2/dict_0001_0013.uasset" 3792
"../../../Engine/Content/EngineMaterials/Substrate/Glints2/dict_0001_0014.uasset" 3793
"../../../Engine/Content/EngineMaterials/Substrate/Glints2/dict_0001_0015.uasset" 3794
"../../../Engine/Content/EngineMaterials/Substrate/Glints2/dict_0001_0016.uasset" 3795
"../../../Engine/Content/EngineMaterials/Substrate/Glints2/dict_0001_0017.uasset" 3796
"../../../Engine/Content/EngineMaterials/Substrate/Glints2/dict_0001_0018.uasset" 3797
"../../../Engine/Content/EngineMaterials/Substrate/Glints2/dict_0001_0019.uasset" 3798
"../../../Engine/Content/EngineMaterials/Substrate/Glints2/dict_0001_0020.uasset" 3799
"../../../Engine/Content/EngineMaterials/Substrate/Glints2/dict_0001_0021.uasset" 3800
"../../../Engine/Content/EngineMaterials/Substrate/Glints2/dict_0001_0022.uasset" 3801
"../../../Engine/Content/EngineMaterials/Substrate/Glints2/dict_0001_0023.uasset" 3802
"../../../Engine/Content/EngineMaterials/Substrate/Glints2/dict_0001_0024.uasset" 3803
"../../../Engine/Content/EngineMaterials/Substrate/Glints2/dict_0001_0025.uasset" 3804
"../../../Engine/Content/EngineMaterials/Substrate/Glints2/dict_0001_0026.uasset" 3805
"../../../Engine/Content/EngineMaterials/Substrate/Glints2/dict_0001_0027.uasset" 3806
"../../../Engine/Content/EngineMaterials/Substrate/Glints2/dict_0001_0028.uasset" 3807
"../../../Engine/Content/EngineMaterials/Substrate/Glints2/dict_0001_0029.uasset" 3808
"../../../Engine/Content/EngineMaterials/Substrate/Glints2/dict_0001_0030.uasset" 3809
"../../../Engine/Content/EngineMaterials/Substrate/Glints2/dict_0001_0031.uasset" 3810
"../../../Engine/Content/EngineMaterials/Substrate/Glints2/dict_0001_0032.uasset" 3811
"../../../Engine/Content/EngineMaterials/Substrate/Glints2/dict_0001_0033.uasset" 3812
"../../../Engine/Content/EngineMaterials/Substrate/Glints2/dict_0001_0034.uasset" 3813
"../../../Engine/Content/EngineMaterials/Substrate/Glints2/dict_0001_0035.uasset" 3814
"../../../Engine/Content/EngineMaterials/Substrate/Glints2/dict_0001_0036.uasset" 3815
"../../../Engine/Content/EngineMaterials/Substrate/Glints2/dict_0001_0037.uasset" 3816
"../../../Engine/Content/EngineMaterials/Substrate/Glints2/dict_0001_0038.uasset" 3817
"../../../Engine/Content/EngineMaterials/Substrate/Glints2/dict_0001_0039.uasset" 3818
"../../../Engine/Content/EngineMaterials/Substrate/Glints2/dict_0001_0040.uasset" 3819
"../../../Engine/Content/EngineMaterials/Substrate/Glints2/dict_0001_0041.uasset" 3820
"../../../Engine/Content/EngineMaterials/Substrate/Glints2/dict_0001_0042.uasset" 3821
"../../../Engine/Content/EngineMaterials/Substrate/Glints2/dict_0001_0043.uasset" 3822
"../../../Engine/Content/EngineMaterials/Substrate/Glints2/dict_0001_0044.uasset" 3823
"../../../Engine/Content/EngineMaterials/Substrate/Glints2/dict_0001_0045.uasset" 3824
"../../../Engine/Content/EngineMaterials/Substrate/Glints2/dict_0001_0046.uasset" 3825
"../../../Engine/Content/EngineMaterials/Substrate/Glints2/dict_0001_0047.uasset" 3826
"../../../Engine/Content/EngineMaterials/Substrate/Glints2/dict_0001_0048.uasset" 3827
"../../../Engine/Content/EngineMaterials/Substrate/Glints2/dict_0001_0049.uasset" 3828
"../../../Engine/Content/EngineMaterials/Substrate/Glints2/dict_0001_0050.uasset" 3829
"../../../Engine/Content/EngineMaterials/Substrate/Glints2/dict_0001_0051.uasset" 3830
"../../../Engine/Content/EngineMaterials/Substrate/Glints2/dict_0001_0052.uasset" 3831
"../../../Engine/Content/EngineMaterials/Substrate/Glints2/dict_0001_0053.uasset" 3832
"../../../Engine/Content/EngineMaterials/Substrate/Glints2/dict_0001_0054.uasset" 3833
"../../../Engine/Content/EngineMaterials/Substrate/Glints2/dict_0001_0055.uasset" 3834
"../../../Engine/Content/EngineMaterials/Substrate/Glints2/dict_0001_0056.uasset" 3835
"../../../Engine/Content/EngineMaterials/Substrate/Glints2/dict_0001_0057.uasset" 3836
"../../../Engine/Content/EngineMaterials/Substrate/Glints2/dict_0001_0058.uasset" 3837
"../../../Engine/Content/EngineMaterials/Substrate/Glints2/dict_0001_0059.uasset" 3838
"../../../Engine/Content/EngineMaterials/Substrate/Glints2/dict_0001_0060.uasset" 3839
"../../../Engine/Content/EngineMaterials/Substrate/Glints2/dict_0001_0061.uasset" 3840
"../../../Engine/Content/EngineMaterials/Substrate/Glints2/dict_0001_0062.uasset" 3841
"../../../Engine/Content/EngineMaterials/Substrate/Glints2/dict_0001_0063.uasset" 3842
"../../../Engine/Content/EngineMaterials/Substrate/Glints2/dict_0001_0064.uasset" 3843
"../../../Engine/Content/EngineMaterials/Substrate/Glints2/dict_0001_0065.uasset" 3844
"../../../Engine/Content/EngineMaterials/Substrate/Glints2/dict_0001_0066.uasset" 3845
"../../../Engine/Content/EngineMaterials/Substrate/Glints2/dict_0001_0067.uasset" 3846
"../../../Engine/Content/EngineMaterials/Substrate/Glints2/dict_0001_0068.uasset" 3847
"../../../Engine/Content/EngineMaterials/Substrate/Glints2/dict_0001_0069.uasset" 3848
"../../../Engine/Content/EngineMaterials/Substrate/Glints2/dict_0001_0070.uasset" 3849
"../../../Engine/Content/EngineMaterials/Substrate/Glints2/dict_0001_0071.uasset" 3850
"../../../Engine/Content/EngineMaterials/Substrate/Glints2/dict_0001_0072.uasset" 3851
"../../../Engine/Content/EngineMaterials/Substrate/Glints2/dict_0001_0073.uasset" 3852
"../../../Engine/Content/EngineMaterials/Substrate/Glints2/dict_0001_0074.uasset" 3853
"../../../Engine/Content/EngineMaterials/Substrate/Glints2/dict_0001_0075.uasset" 3854
"../../../Engine/Content/EngineMaterials/Substrate/Glints2/dict_0001_0076.uasset" 3855
"../../../Engine/Content/EngineMaterials/Substrate/Glints2/dict_0001_0077.uasset" 3856
"../../../Engine/Content/EngineMaterials/Substrate/Glints2/dict_0001_0078.uasset" 3857
"../../../Engine/Content/EngineMaterials/Substrate/Glints2/dict_0001_0079.uasset" 3858
"../../../Engine/Content/EngineMaterials/Substrate/Glints2/dict_0001_0080.uasset" 3859
"../../../Engine/Content/EngineMaterials/Substrate/Glints2/dict_0001_0081.uasset" 3860
"../../../Engine/Content/EngineMaterials/Substrate/Glints2/dict_0001_0082.uasset" 3861
"../../../Engine/Content/EngineMaterials/Substrate/Glints2/dict_0001_0083.uasset" 3862
"../../../Engine/Content/EngineMaterials/Substrate/Glints2/dict_0001_0084.uasset" 3863
"../../../Engine/Content/EngineMaterials/Substrate/Glints2/dict_0001_0085.uasset" 3864
"../../../Engine/Content/EngineMaterials/Substrate/Glints2/dict_0001_0086.uasset" 3865
"../../../Engine/Content/EngineMaterials/Substrate/Glints2/dict_0001_0087.uasset" 3866
"../../../Engine/Content/EngineMaterials/Substrate/Glints2/dict_0001_0088.uasset" 3867
"../../../Engine/Content/EngineMaterials/Substrate/Glints2/dict_0001_0089.uasset" 3868
"../../../Engine/Content/EngineMaterials/Substrate/Glints2/dict_0001_0090.uasset" 3869
"../../../Engine/Content/EngineMaterials/Substrate/Glints2/dict_0001_0091.uasset" 3870
"../../../Engine/Content/EngineMaterials/Substrate/Glints2/dict_0001_0092.uasset" 3871
"../../../Engine/Content/EngineMaterials/Substrate/Glints2/dict_0001_0093.uasset" 3872
"../../../Engine/Content/EngineMaterials/Substrate/Glints2/dict_0001_0094.uasset" 3873
"../../../Engine/Content/EngineMaterials/Substrate/Glints2/dict_0001_0095.uasset" 3874
"../../../Engine/Content/EngineMaterials/Substrate/Glints2/dict_0001_0096.uasset" 3875
"../../../Engine/Content/EngineMaterials/Substrate/Glints2/dict_0001_0097.uasset" 3876
"../../../Engine/Content/EngineMaterials/Substrate/Glints2/dict_0001_0098.uasset" 3877
"../../../Engine/Content/EngineMaterials/Substrate/Glints2/dict_0001_0099.uasset" 3878
"../../../Engine/Content/EngineMaterials/Substrate/Glints2/dict_0001_0100.uasset" 3879
"../../../Engine/Content/EngineMaterials/Substrate/Glints2/dict_0001_0101.uasset" 3880
"../../../Engine/Content/EngineMaterials/Substrate/Glints2/dict_0001_0102.uasset" 3881
"../../../Engine/Content/EngineMaterials/Substrate/Glints2/dict_0001_0103.uasset" 3882
"../../../Engine/Content/EngineMaterials/Substrate/Glints2/dict_0001_0104.uasset" 3883
"../../../Engine/Content/EngineMaterials/Substrate/Glints2/dict_0001_0105.uasset" 3884
"../../../Engine/Content/EngineMaterials/Substrate/Glints2/dict_0001_0106.uasset" 3885
"../../../Engine/Content/EngineMaterials/Substrate/Glints2/dict_0001_0107.uasset" 3886
"../../../Engine/Content/EngineMaterials/Substrate/Glints2/dict_0001_0108.uasset" 3887
"../../../Engine/Content/EngineMaterials/Substrate/Glints2/dict_0001_0109.uasset" 3888
"../../../Engine/Content/EngineMaterials/Substrate/Glints2/dict_0001_0110.uasset" 3889
"../../../Engine/Content/EngineMaterials/Substrate/Glints2/dict_0001_0111.uasset" 3890
"../../../Engine/Content/EngineMaterials/Substrate/Glints2/dict_0001_0112.uasset" 3891
"../../../Engine/Content/EngineMaterials/Substrate/Glints2/dict_0001_0113.uasset" 3892
"../../../Engine/Content/EngineMaterials/Substrate/Glints2/dict_0001_0114.uasset" 3893
"../../../Engine/Content/EngineMaterials/Substrate/Glints2/dict_0001_0115.uasset" 3894
"../../../Engine/Content/EngineMaterials/Substrate/Glints2/dict_0001_0116.uasset" 3895
"../../../Engine/Content/EngineMaterials/Substrate/Glints2/dict_0001_0117.uasset" 3896
"../../../Engine/Content/EngineMaterials/Substrate/Glints2/dict_0001_0118.uasset" 3897
"../../../Engine/Content/EngineMaterials/Substrate/Glints2/dict_0001_0119.uasset" 3898
"../../../Engine/Content/EngineMaterials/Substrate/Glints2/dict_0001_0120.uasset" 3899
"../../../Engine/Content/EngineMaterials/Substrate/Glints2/dict_0001_0121.uasset" 3900
"../../../Engine/Content/EngineMaterials/Substrate/Glints2/dict_0001_0122.uasset" 3901
"../../../Engine/Content/EngineMaterials/Substrate/Glints2/dict_0001_0123.uasset" 3902
"../../../Engine/Content/EngineMaterials/Substrate/Glints2/dict_0001_0124.uasset" 3903
"../../../Engine/Content/EngineMaterials/Substrate/Glints2/dict_0001_0125.uasset" 3904
"../../../Engine/Content/EngineMaterials/Substrate/Glints2/dict_0001_0126.uasset" 3905
"../../../Engine/Content/EngineMaterials/Substrate/Glints2/dict_0001_0127.uasset" 3906
"../../../Engine/Content/EngineMaterials/Substrate/Glints2/dict_0001_0128.uasset" 3907
"../../../Engine/Content/EngineMaterials/Substrate/Glints2/dict_0001_0129.uasset" 3908
"../../../Engine/Content/EngineMaterials/Substrate/Glints2/dict_0001_0130.uasset" 3909
"../../../Engine/Content/EngineMaterials/Substrate/Glints2/dict_0001_0131.uasset" 3910
"../../../Engine/Content/EngineMaterials/Substrate/Glints2/dict_0001_0132.uasset" 3911
"../../../Engine/Content/EngineMaterials/Substrate/Glints2/dict_0001_0133.uasset" 3912
"../../../Engine/Content/EngineMaterials/Substrate/Glints2/dict_0001_0134.uasset" 3913
"../../../Engine/Content/EngineMaterials/Substrate/Glints2/dict_0001_0135.uasset" 3914
"../../../Engine/Content/EngineMaterials/Substrate/Glints2/dict_0001_0136.uasset" 3915
"../../../Engine/Content/EngineMaterials/Substrate/Glints2/dict_0001_0137.uasset" 3916
"../../../Engine/Content/EngineMaterials/Substrate/Glints2/dict_0001_0138.uasset" 3917
"../../../Engine/Content/EngineMaterials/Substrate/Glints2/dict_0001_0139.uasset" 3918
"../../../Engine/Content/EngineMaterials/Substrate/Glints2/dict_0001_0140.uasset" 3919
"../../../Engine/Content/EngineMaterials/Substrate/Glints2/dict_0001_0141.uasset" 3920
"../../../Engine/Content/EngineMaterials/Substrate/Glints2/dict_0001_0142.uasset" 3921
"../../../Engine/Content/EngineMaterials/Substrate/Glints2/dict_0001_0143.uasset" 3922
"../../../Engine/Content/EngineMaterials/Substrate/Glints2/dict_0001_0144.uasset" 3923
"../../../Engine/Content/EngineMaterials/Substrate/Glints2/dict_0001_0145.uasset" 3924
"../../../Engine/Content/EngineMaterials/Substrate/Glints2/dict_0001_0146.uasset" 3925
"../../../Engine/Content/EngineMaterials/Substrate/Glints2/dict_0001_0147.uasset" 3926
"../../../Engine/Content/EngineMaterials/Substrate/Glints2/dict_0001_0148.uasset" 3927
"../../../Engine/Content/EngineMaterials/Substrate/Glints2/dict_0001_0149.uasset" 3928
"../../../Engine/Content/EngineMaterials/Substrate/Glints2/dict_0001_0150.uasset" 3929
"../../../Engine/Content/EngineMaterials/Substrate/Glints2/dict_0001_0151.uasset" 3930
"../../../Engine/Content/EngineMaterials/Substrate/Glints2/dict_0001_0152.uasset" 3931
"../../../Engine/Content/EngineMaterials/Substrate/Glints2/dict_0001_0153.uasset" 3932
"../../../Engine/Content/EngineMaterials/Substrate/Glints2/dict_0001_0154.uasset" 3933
"../../../Engine/Content/EngineMaterials/Substrate/Glints2/dict_0001_0155.uasset" 3934
"../../../Engine/Content/EngineMaterials/Substrate/Glints2/dict_0001_0156.uasset" 3935
"../../../Engine/Content/EngineMaterials/Substrate/Glints2/dict_0001_0157.uasset" 3936
"../../../Engine/Content/EngineMaterials/Substrate/Glints2/dict_0001_0158.uasset" 3937
"../../../Engine/Content/EngineMaterials/Substrate/Glints2/dict_0001_0159.uasset" 3938
"../../../Engine/Content/EngineMaterials/Substrate/Glints2/dict_0001_0160.uasset" 3939
"../../../Engine/Content/EngineMaterials/Substrate/Glints2/dict_0001_0161.uasset" 3940
"../../../Engine/Content/EngineMaterials/Substrate/Glints2/dict_0001_0162.uasset" 3941
"../../../Engine/Content/EngineMaterials/Substrate/Glints2/dict_0001_0163.uasset" 3942
"../../../Engine/Content/EngineMaterials/Substrate/Glints2/dict_0001_0164.uasset" 3943
"../../../Engine/Content/EngineMaterials/Substrate/Glints2/dict_0001_0165.uasset" 3944
"../../../Engine/Content/EngineMaterials/Substrate/Glints2/dict_0001_0166.uasset" 3945
"../../../Engine/Content/EngineMaterials/Substrate/Glints2/dict_0001_0167.uasset" 3946
"../../../Engine/Content/EngineMaterials/Substrate/Glints2/dict_0001_0168.uasset" 3947
"../../../Engine/Content/EngineMaterials/Substrate/Glints2/dict_0001_0169.uasset" 3948
"../../../Engine/Content/EngineMaterials/Substrate/Glints2/dict_0001_0170.uasset" 3949
"../../../Engine/Content/EngineMaterials/Substrate/Glints2/dict_0001_0171.uasset" 3950
"../../../Engine/Content/EngineMaterials/Substrate/Glints2/dict_0001_0172.uasset" 3951
"../../../Engine/Content/EngineMaterials/Substrate/Glints2/dict_0001_0173.uasset" 3952
"../../../Engine/Content/EngineMaterials/Substrate/Glints2/dict_0001_0174.uasset" 3953
"../../../Engine/Content/EngineMaterials/Substrate/Glints2/dict_0001_0175.uasset" 3954
"../../../Engine/Content/EngineMaterials/Substrate/Glints2/dict_0001_0176.uasset" 3955
"../../../Engine/Content/EngineMaterials/Substrate/Glints2/dict_0001_0177.uasset" 3956
"../../../Engine/Content/EngineMaterials/Substrate/Glints2/dict_0001_0178.uasset" 3957
"../../../Engine/Content/EngineMaterials/Substrate/Glints2/dict_0001_0179.uasset" 3958
"../../../Engine/Content/EngineMaterials/Substrate/Glints2/dict_0001_0180.uasset" 3959
"../../../Engine/Content/EngineMaterials/Substrate/Glints2/dict_0001_0181.uasset" 3960
"../../../Engine/Content/EngineMaterials/Substrate/Glints2/dict_0001_0182.uasset" 3961
"../../../Engine/Content/EngineMaterials/Substrate/Glints2/dict_0001_0183.uasset" 3962
"../../../Engine/Content/EngineMaterials/Substrate/Glints2/dict_0001_0184.uasset" 3963
"../../../Engine/Content/EngineMaterials/Substrate/Glints2/dict_0001_0185.uasset" 3964
"../../../Engine/Content/EngineMaterials/Substrate/Glints2/dict_0001_0186.uasset" 3965
"../../../Engine/Content/EngineMaterials/Substrate/Glints2/dict_0001_0187.uasset" 3966
"../../../Engine/Content/EngineMaterials/Substrate/Glints2/dict_0001_0188.uasset" 3967
"../../../Engine/Content/EngineMaterials/Substrate/Glints2/dict_0001_0189.uasset" 3968
"../../../Engine/Content/EngineMaterials/Substrate/Glints2/dict_0001_0190.uasset" 3969
"../../../Engine/Content/EngineMaterials/Substrate/Glints2/dict_0001_0191.uasset" 3970
"../../../Engine/Content/EngineMaterials/Substrate/Glints2/dict_0001_0192.uasset" 3971
"../../../Engine/Content/EngineMaterials/Substrate/Glints2/dict_0001_0193.uasset" 3972
"../../../Engine/Content/EngineMaterials/Substrate/Glints2/dict_0001_0194.uasset" 3973
"../../../Engine/Content/EngineMaterials/Substrate/Glints2/dict_0001_0195.uasset" 3974
"../../../Engine/Content/EngineMaterials/Substrate/Glints2/dict_0001_0196.uasset" 3975
"../../../Engine/Content/EngineMaterials/Substrate/Glints2/dict_0001_0197.uasset" 3976
"../../../Engine/Content/EngineMaterials/Substrate/Glints2/dict_0001_0198.uasset" 3977
"../../../Engine/Content/EngineMaterials/Substrate/Glints2/dict_0001_0199.uasset" 3978
"../../../Engine/Content/EngineMaterials/Substrate/Glints2/dict_0001_0200.uasset" 3979
"../../../Engine/Content/EngineMaterials/Substrate/Glints2/dict_0001_0201.uasset" 3980
"../../../Engine/Content/EngineMaterials/Substrate/Glints2/dict_0001_0202.uasset" 3981
"../../../Engine/Content/EngineMaterials/Substrate/Glints2/dict_0001_0203.uasset" 3982
"../../../Engine/Content/EngineMaterials/Substrate/Glints2/dict_0001_0204.uasset" 3983
"../../../Engine/Content/EngineMaterials/Substrate/Glints2/dict_0001_0205.uasset" 3984
"../../../Engine/Content/EngineMaterials/Substrate/Glints2/dict_0001_0206.uasset" 3985
"../../../Engine/Content/EngineMaterials/Substrate/Glints2/dict_0001_0207.uasset" 3986
"../../../Engine/Content/EngineMaterials/Substrate/Glints2/dict_0001_0208.uasset" 3987
"../../../Engine/Content/EngineMaterials/Substrate/Glints2/dict_0001_0209.uasset" 3988
"../../../Engine/Content/EngineMaterials/Substrate/Glints2/dict_0001_0210.uasset" 3989
"../../../Engine/Content/EngineMaterials/Substrate/Glints2/dict_0001_0211.uasset" 3990
"../../../Engine/Content/EngineMaterials/Substrate/Glints2/dict_0001_0212.uasset" 3991
"../../../Engine/Content/EngineMaterials/Substrate/Glints2/dict_0001_0213.uasset" 3992
"../../../Engine/Content/EngineMaterials/Substrate/Glints2/dict_0001_0214.uasset" 3993
"../../../Engine/Content/EngineMaterials/Substrate/Glints2/dict_0001_0215.uasset" 3994
"../../../Engine/Content/EngineMaterials/Substrate/Glints2/dict_0001_0216.uasset" 3995
"../../../Engine/Content/EngineMaterials/Substrate/Glints2/dict_0001_0217.uasset" 3996
"../../../Engine/Content/EngineMaterials/Substrate/Glints2/dict_0001_0218.uasset" 3997
"../../../Engine/Content/EngineMaterials/Substrate/Glints2/dict_0001_0219.uasset" 3998
"../../../Engine/Content/EngineMaterials/Substrate/Glints2/dict_0001_0220.uasset" 3999
"../../../Engine/Content/EngineMaterials/Substrate/Glints2/dict_0001_0221.uasset" 4000
"../../../Engine/Content/EngineMaterials/Substrate/Glints2/dict_0001_0222.uasset" 4001
"../../../Engine/Content/EngineMaterials/Substrate/Glints2/dict_0001_0223.uasset" 4002
"../../../Engine/Content/EngineMaterials/Substrate/Glints2/dict_0001_0224.uasset" 4003
"../../../Engine/Content/EngineMaterials/Substrate/Glints2/dict_0001_0225.uasset" 4004
"../../../Engine/Content/EngineMaterials/Substrate/Glints2/dict_0001_0226.uasset" 4005
"../../../Engine/Content/EngineMaterials/Substrate/Glints2/dict_0001_0227.uasset" 4006
"../../../Engine/Content/EngineMaterials/Substrate/Glints2/dict_0001_0228.uasset" 4007
"../../../Engine/Content/EngineMaterials/Substrate/Glints2/dict_0001_0229.uasset" 4008
"../../../Engine/Content/EngineMaterials/Substrate/Glints2/dict_0001_0230.uasset" 4009
"../../../Engine/Content/EngineMaterials/Substrate/Glints2/dict_0001_0231.uasset" 4010
"../../../Engine/Content/EngineMaterials/Substrate/Glints2/dict_0001_0232.uasset" 4011
"../../../Engine/Content/EngineMaterials/Substrate/Glints2/dict_0001_0233.uasset" 4012
"../../../Engine/Content/EngineMaterials/Substrate/Glints2/dict_0001_0234.uasset" 4013
"../../../Engine/Content/EngineMaterials/Substrate/Glints2/dict_0001_0235.uasset" 4014
"../../../Engine/Content/EngineMaterials/Substrate/Glints2/dict_0001_0236.uasset" 4015
"../../../Engine/Content/EngineMaterials/Substrate/Glints2/dict_0001_0237.uasset" 4016
"../../../Engine/Content/EngineMaterials/Substrate/Glints2/dict_0001_0238.uasset" 4017
"../../../Engine/Content/EngineMaterials/Substrate/Glints2/dict_0001_0239.uasset" 4018
"../../../Engine/Content/EngineMaterials/Substrate/Glints2/dict_0001_0240.uasset" 4019
"../../../Engine/Content/EngineMaterials/Substrate/Glints2/dict_0001_0241.uasset" 4020
"../../../Engine/Content/EngineMaterials/Substrate/Glints2/dict_0001_0242.uasset" 4021
"../../../Engine/Content/EngineMaterials/Substrate/Glints2/dict_0001_0243.uasset" 4022
"../../../Engine/Content/EngineMaterials/Substrate/Glints2/dict_0001_0244.uasset" 4023
"../../../Engine/Content/EngineMaterials/Substrate/Glints2/dict_0001_0245.uasset" 4024
"../../../Engine/Content/EngineMaterials/Substrate/Glints2/dict_0001_0246.uasset" 4025
"../../../Engine/Content/EngineMaterials/Substrate/Glints2/dict_0001_0247.uasset" 4026
"../../../Engine/Content/EngineMaterials/Substrate/Glints2/dict_0001_0248.uasset" 4027
"../../../Engine/Content/EngineMaterials/Substrate/Glints2/dict_0001_0249.uasset" 4028
"../../../Engine/Content/EngineMaterials/Substrate/Glints2/dict_0001_0250.uasset" 4029
"../../../Engine/Content/EngineMaterials/Substrate/Glints2/dict_0001_0251.uasset" 4030
"../../../Engine/Content/EngineMaterials/Substrate/Glints2/dict_0001_0252.uasset" 4031
"../../../Engine/Content/EngineMaterials/Substrate/Glints2/dict_0001_0253.uasset" 4032
"../../../Engine/Content/EngineMaterials/Substrate/Glints2/dict_0001_0254.uasset" 4033
"../../../Engine/Content/EngineMaterials/Substrate/Glints2/dict_0001_0255.uasset" 4034
"../../../Engine/Content/EngineMaterials/Substrate/Glints2/dict_0002_0000.uasset" 4035
"../../../Engine/Content/EngineMaterials/Substrate/Glints2/dict_0002_0001.uasset" 4036
"../../../Engine/Content/EngineMaterials/Substrate/Glints2/dict_0002_0002.uasset" 4037
"../../../Engine/Content/EngineMaterials/Substrate/Glints2/dict_0002_0003.uasset" 4038
"../../../Engine/Content/EngineMaterials/Substrate/Glints2/dict_0002_0004.uasset" 4039
"../../../Engine/Content/EngineMaterials/Substrate/Glints2/dict_0002_0005.uasset" 4040
"../../../Engine/Content/EngineMaterials/Substrate/Glints2/dict_0002_0006.uasset" 4041
"../../../Engine/Content/EngineMaterials/Substrate/Glints2/dict_0002_0007.uasset" 4042
"../../../Engine/Content/EngineMaterials/Substrate/Glints2/dict_0002_0008.uasset" 4043
"../../../Engine/Content/EngineMaterials/Substrate/Glints2/dict_0002_0009.uasset" 4044
"../../../Engine/Content/EngineMaterials/Substrate/Glints2/dict_0002_0010.uasset" 4045
"../../../Engine/Content/EngineMaterials/Substrate/Glints2/dict_0002_0011.uasset" 4046
"../../../Engine/Content/EngineMaterials/Substrate/Glints2/dict_0002_0012.uasset" 4047
"../../../Engine/Content/EngineMaterials/Substrate/Glints2/dict_0002_0013.uasset" 4048
"../../../Engine/Content/EngineMaterials/Substrate/Glints2/dict_0002_0014.uasset" 4049
"../../../Engine/Content/EngineMaterials/Substrate/Glints2/dict_0002_0015.uasset" 4050
"../../../Engine/Content/EngineMaterials/Substrate/Glints2/dict_0002_0016.uasset" 4051
"../../../Engine/Content/EngineMaterials/Substrate/Glints2/dict_0002_0017.uasset" 4052
"../../../Engine/Content/EngineMaterials/Substrate/Glints2/dict_0002_0018.uasset" 4053
"../../../Engine/Content/EngineMaterials/Substrate/Glints2/dict_0002_0019.uasset" 4054
"../../../Engine/Content/EngineMaterials/Substrate/Glints2/dict_0002_0020.uasset" 4055
"../../../Engine/Content/EngineMaterials/Substrate/Glints2/dict_0002_0021.uasset" 4056
"../../../Engine/Content/EngineMaterials/Substrate/Glints2/dict_0002_0022.uasset" 4057
"../../../Engine/Content/EngineMaterials/Substrate/Glints2/dict_0002_0023.uasset" 4058
"../../../Engine/Content/EngineMaterials/Substrate/Glints2/dict_0002_0024.uasset" 4059
"../../../Engine/Content/EngineMaterials/Substrate/Glints2/dict_0002_0025.uasset" 4060
"../../../Engine/Content/EngineMaterials/Substrate/Glints2/dict_0002_0026.uasset" 4061
"../../../Engine/Content/EngineMaterials/Substrate/Glints2/dict_0002_0027.uasset" 4062
"../../../Engine/Content/EngineMaterials/Substrate/Glints2/dict_0002_0028.uasset" 4063
"../../../Engine/Content/EngineMaterials/Substrate/Glints2/dict_0002_0029.uasset" 4064
"../../../Engine/Content/EngineMaterials/Substrate/Glints2/dict_0002_0030.uasset" 4065
"../../../Engine/Content/EngineMaterials/Substrate/Glints2/dict_0002_0031.uasset" 4066
"../../../Engine/Content/EngineMaterials/Substrate/Glints2/dict_0002_0032.uasset" 4067
"../../../Engine/Content/EngineMaterials/Substrate/Glints2/dict_0002_0033.uasset" 4068
"../../../Engine/Content/EngineMaterials/Substrate/Glints2/dict_0002_0034.uasset" 4069
"../../../Engine/Content/EngineMaterials/Substrate/Glints2/dict_0002_0035.uasset" 4070
"../../../Engine/Content/EngineMaterials/Substrate/Glints2/dict_0002_0036.uasset" 4071
"../../../Engine/Content/EngineMaterials/Substrate/Glints2/dict_0002_0037.uasset" 4072
"../../../Engine/Content/EngineMaterials/Substrate/Glints2/dict_0002_0038.uasset" 4073
"../../../Engine/Content/EngineMaterials/Substrate/Glints2/dict_0002_0039.uasset" 4074
"../../../Engine/Content/EngineMaterials/Substrate/Glints2/dict_0002_0040.uasset" 4075
"../../../Engine/Content/EngineMaterials/Substrate/Glints2/dict_0002_0041.uasset" 4076
"../../../Engine/Content/EngineMaterials/Substrate/Glints2/dict_0002_0042.uasset" 4077
"../../../Engine/Content/EngineMaterials/Substrate/Glints2/dict_0002_0043.uasset" 4078
"../../../Engine/Content/EngineMaterials/Substrate/Glints2/dict_0002_0044.uasset" 4079
"../../../Engine/Content/EngineMaterials/Substrate/Glints2/dict_0002_0045.uasset" 4080
"../../../Engine/Content/EngineMaterials/Substrate/Glints2/dict_0002_0046.uasset" 4081
"../../../Engine/Content/EngineMaterials/Substrate/Glints2/dict_0002_0047.uasset" 4082
"../../../Engine/Content/EngineMaterials/Substrate/Glints2/dict_0002_0048.uasset" 4083
"../../../Engine/Content/EngineMaterials/Substrate/Glints2/dict_0002_0049.uasset" 4084
"../../../Engine/Content/EngineMaterials/Substrate/Glints2/dict_0002_0050.uasset" 4085
"../../../Engine/Content/EngineMaterials/Substrate/Glints2/dict_0002_0051.uasset" 4086
"../../../Engine/Content/EngineMaterials/Substrate/Glints2/dict_0002_0052.uasset" 4087
"../../../Engine/Content/EngineMaterials/Substrate/Glints2/dict_0002_0053.uasset" 4088
"../../../Engine/Content/EngineMaterials/Substrate/Glints2/dict_0002_0054.uasset" 4089
"../../../Engine/Content/EngineMaterials/Substrate/Glints2/dict_0002_0055.uasset" 4090
"../../../Engine/Content/EngineMaterials/Substrate/Glints2/dict_0002_0056.uasset" 4091
"../../../Engine/Content/EngineMaterials/Substrate/Glints2/dict_0002_0057.uasset" 4092
"../../../Engine/Content/EngineMaterials/Substrate/Glints2/dict_0002_0058.uasset" 4093
"../../../Engine/Content/EngineMaterials/Substrate/Glints2/dict_0002_0059.uasset" 4094
"../../../Engine/Content/EngineMaterials/Substrate/Glints2/dict_0002_0060.uasset" 4095
"../../../Engine/Content/EngineMaterials/Substrate/Glints2/dict_0002_0061.uasset" 4096
"../../../Engine/Content/EngineMaterials/Substrate/Glints2/dict_0002_0062.uasset" 4097
"../../../Engine/Content/EngineMaterials/Substrate/Glints2/dict_0002_0063.uasset" 4098
"../../../Engine/Content/EngineMaterials/Substrate/Glints2/dict_0002_0064.uasset" 4099
"../../../Engine/Content/EngineMaterials/Substrate/Glints2/dict_0002_0065.uasset" 4100
"../../../Engine/Content/EngineMaterials/Substrate/Glints2/dict_0002_0066.uasset" 4101
"../../../Engine/Content/EngineMaterials/Substrate/Glints2/dict_0002_0067.uasset" 4102
"../../../Engine/Content/EngineMaterials/Substrate/Glints2/dict_0002_0068.uasset" 4103
"../../../Engine/Content/EngineMaterials/Substrate/Glints2/dict_0002_0069.uasset" 4104
"../../../Engine/Content/EngineMaterials/Substrate/Glints2/dict_0002_0070.uasset" 4105
"../../../Engine/Content/EngineMaterials/Substrate/Glints2/dict_0002_0071.uasset" 4106
"../../../Engine/Content/EngineMaterials/Substrate/Glints2/dict_0002_0072.uasset" 4107
"../../../Engine/Content/EngineMaterials/Substrate/Glints2/dict_0002_0073.uasset" 4108
"../../../Engine/Content/EngineMaterials/Substrate/Glints2/dict_0002_0074.uasset" 4109
"../../../Engine/Content/EngineMaterials/Substrate/Glints2/dict_0002_0075.uasset" 4110
"../../../Engine/Content/EngineMaterials/Substrate/Glints2/dict_0002_0076.uasset" 4111
"../../../Engine/Content/EngineMaterials/Substrate/Glints2/dict_0002_0077.uasset" 4112
"../../../Engine/Content/EngineMaterials/Substrate/Glints2/dict_0002_0078.uasset" 4113
"../../../Engine/Content/EngineMaterials/Substrate/Glints2/dict_0002_0079.uasset" 4114
"../../../Engine/Content/EngineMaterials/Substrate/Glints2/dict_0002_0080.uasset" 4115
"../../../Engine/Content/EngineMaterials/Substrate/Glints2/dict_0002_0081.uasset" 4116
"../../../Engine/Content/EngineMaterials/Substrate/Glints2/dict_0002_0082.uasset" 4117
"../../../Engine/Content/EngineMaterials/Substrate/Glints2/dict_0002_0083.uasset" 4118
"../../../Engine/Content/EngineMaterials/Substrate/Glints2/dict_0002_0084.uasset" 4119
"../../../Engine/Content/EngineMaterials/Substrate/Glints2/dict_0002_0085.uasset" 4120
"../../../Engine/Content/EngineMaterials/Substrate/Glints2/dict_0002_0086.uasset" 4121
"../../../Engine/Content/EngineMaterials/Substrate/Glints2/dict_0002_0087.uasset" 4122
"../../../Engine/Content/EngineMaterials/Substrate/Glints2/dict_0002_0088.uasset" 4123
"../../../Engine/Content/EngineMaterials/Substrate/Glints2/dict_0002_0089.uasset" 4124
"../../../Engine/Content/EngineMaterials/Substrate/Glints2/dict_0002_0090.uasset" 4125
"../../../Engine/Content/EngineMaterials/Substrate/Glints2/dict_0002_0091.uasset" 4126
"../../../Engine/Content/EngineMaterials/Substrate/Glints2/dict_0002_0092.uasset" 4127
"../../../Engine/Content/EngineMaterials/Substrate/Glints2/dict_0002_0093.uasset" 4128
"../../../Engine/Content/EngineMaterials/Substrate/Glints2/dict_0002_0094.uasset" 4129
"../../../Engine/Content/EngineMaterials/Substrate/Glints2/dict_0002_0095.uasset" 4130
"../../../Engine/Content/EngineMaterials/Substrate/Glints2/dict_0002_0096.uasset" 4131
"../../../Engine/Content/EngineMaterials/Substrate/Glints2/dict_0002_0097.uasset" 4132
"../../../Engine/Content/EngineMaterials/Substrate/Glints2/dict_0002_0098.uasset" 4133
"../../../Engine/Content/EngineMaterials/Substrate/Glints2/dict_0002_0099.uasset" 4134
"../../../Engine/Content/EngineMaterials/Substrate/Glints2/dict_0002_0100.uasset" 4135
"../../../Engine/Content/EngineMaterials/Substrate/Glints2/dict_0002_0101.uasset" 4136
"../../../Engine/Content/EngineMaterials/Substrate/Glints2/dict_0002_0102.uasset" 4137
"../../../Engine/Content/EngineMaterials/Substrate/Glints2/dict_0002_0103.uasset" 4138
"../../../Engine/Content/EngineMaterials/Substrate/Glints2/dict_0002_0104.uasset" 4139
"../../../Engine/Content/EngineMaterials/Substrate/Glints2/dict_0002_0105.uasset" 4140
"../../../Engine/Content/EngineMaterials/Substrate/Glints2/dict_0002_0106.uasset" 4141
"../../../Engine/Content/EngineMaterials/Substrate/Glints2/dict_0002_0107.uasset" 4142
"../../../Engine/Content/EngineMaterials/Substrate/Glints2/dict_0002_0108.uasset" 4143
"../../../Engine/Content/EngineMaterials/Substrate/Glints2/dict_0002_0109.uasset" 4144
"../../../Engine/Content/EngineMaterials/Substrate/Glints2/dict_0002_0110.uasset" 4145
"../../../Engine/Content/EngineMaterials/Substrate/Glints2/dict_0002_0111.uasset" 4146
"../../../Engine/Content/EngineMaterials/Substrate/Glints2/dict_0002_0112.uasset" 4147
"../../../Engine/Content/EngineMaterials/Substrate/Glints2/dict_0002_0113.uasset" 4148
"../../../Engine/Content/EngineMaterials/Substrate/Glints2/dict_0002_0114.uasset" 4149
"../../../Engine/Content/EngineMaterials/Substrate/Glints2/dict_0002_0115.uasset" 4150
"../../../Engine/Content/EngineMaterials/Substrate/Glints2/dict_0002_0116.uasset" 4151
"../../../Engine/Content/EngineMaterials/Substrate/Glints2/dict_0002_0117.uasset" 4152
"../../../Engine/Content/EngineMaterials/Substrate/Glints2/dict_0002_0118.uasset" 4153
"../../../Engine/Content/EngineMaterials/Substrate/Glints2/dict_0002_0119.uasset" 4154
"../../../Engine/Content/EngineMaterials/Substrate/Glints2/dict_0002_0120.uasset" 4155
"../../../Engine/Content/EngineMaterials/Substrate/Glints2/dict_0002_0121.uasset" 4156
"../../../Engine/Content/EngineMaterials/Substrate/Glints2/dict_0002_0122.uasset" 4157
"../../../Engine/Content/EngineMaterials/Substrate/Glints2/dict_0002_0123.uasset" 4158
"../../../Engine/Content/EngineMaterials/Substrate/Glints2/dict_0002_0124.uasset" 4159
"../../../Engine/Content/EngineMaterials/Substrate/Glints2/dict_0002_0125.uasset" 4160
"../../../Engine/Content/EngineMaterials/Substrate/Glints2/dict_0002_0126.uasset" 4161
"../../../Engine/Content/EngineMaterials/Substrate/Glints2/dict_0002_0127.uasset" 4162
"../../../Engine/Content/EngineMaterials/Substrate/Glints2/dict_0002_0128.uasset" 4163
"../../../Engine/Content/EngineMaterials/Substrate/Glints2/dict_0002_0129.uasset" 4164
"../../../Engine/Content/EngineMaterials/Substrate/Glints2/dict_0002_0130.uasset" 4165
"../../../Engine/Content/EngineMaterials/Substrate/Glints2/dict_0002_0131.uasset" 4166
"../../../Engine/Content/EngineMaterials/Substrate/Glints2/dict_0002_0132.uasset" 4167
"../../../Engine/Content/EngineMaterials/Substrate/Glints2/dict_0002_0133.uasset" 4168
"../../../Engine/Content/EngineMaterials/Substrate/Glints2/dict_0002_0134.uasset" 4169
"../../../Engine/Content/EngineMaterials/Substrate/Glints2/dict_0002_0135.uasset" 4170
"../../../Engine/Content/EngineMaterials/Substrate/Glints2/dict_0002_0136.uasset" 4171
"../../../Engine/Content/EngineMaterials/Substrate/Glints2/dict_0002_0137.uasset" 4172
"../../../Engine/Content/EngineMaterials/Substrate/Glints2/dict_0002_0138.uasset" 4173
"../../../Engine/Content/EngineMaterials/Substrate/Glints2/dict_0002_0139.uasset" 4174
"../../../Engine/Content/EngineMaterials/Substrate/Glints2/dict_0002_0140.uasset" 4175
"../../../Engine/Content/EngineMaterials/Substrate/Glints2/dict_0002_0141.uasset" 4176
"../../../Engine/Content/EngineMaterials/Substrate/Glints2/dict_0002_0142.uasset" 4177
"../../../Engine/Content/EngineMaterials/Substrate/Glints2/dict_0002_0143.uasset" 4178
"../../../Engine/Content/EngineMaterials/Substrate/Glints2/dict_0002_0144.uasset" 4179
"../../../Engine/Content/EngineMaterials/Substrate/Glints2/dict_0002_0145.uasset" 4180
"../../../Engine/Content/EngineMaterials/Substrate/Glints2/dict_0002_0146.uasset" 4181
"../../../Engine/Content/EngineMaterials/Substrate/Glints2/dict_0002_0147.uasset" 4182
"../../../Engine/Content/EngineMaterials/Substrate/Glints2/dict_0002_0148.uasset" 4183
"../../../Engine/Content/EngineMaterials/Substrate/Glints2/dict_0002_0149.uasset" 4184
"../../../Engine/Content/EngineMaterials/Substrate/Glints2/dict_0002_0150.uasset" 4185
"../../../Engine/Content/EngineMaterials/Substrate/Glints2/dict_0002_0151.uasset" 4186
"../../../Engine/Content/EngineMaterials/Substrate/Glints2/dict_0002_0152.uasset" 4187
"../../../Engine/Content/EngineMaterials/Substrate/Glints2/dict_0002_0153.uasset" 4188
"../../../Engine/Content/EngineMaterials/Substrate/Glints2/dict_0002_0154.uasset" 4189
"../../../Engine/Content/EngineMaterials/Substrate/Glints2/dict_0002_0155.uasset" 4190
"../../../Engine/Content/EngineMaterials/Substrate/Glints2/dict_0002_0156.uasset" 4191
"../../../Engine/Content/EngineMaterials/Substrate/Glints2/dict_0002_0157.uasset" 4192
"../../../Engine/Content/EngineMaterials/Substrate/Glints2/dict_0002_0158.uasset" 4193
"../../../Engine/Content/EngineMaterials/Substrate/Glints2/dict_0002_0159.uasset" 4194
"../../../Engine/Content/EngineMaterials/Substrate/Glints2/dict_0002_0160.uasset" 4195
"../../../Engine/Content/EngineMaterials/Substrate/Glints2/dict_0002_0161.uasset" 4196
"../../../Engine/Content/EngineMaterials/Substrate/Glints2/dict_0002_0162.uasset" 4197
"../../../Engine/Content/EngineMaterials/Substrate/Glints2/dict_0002_0163.uasset" 4198
"../../../Engine/Content/EngineMaterials/Substrate/Glints2/dict_0002_0164.uasset" 4199
"../../../Engine/Content/EngineMaterials/Substrate/Glints2/dict_0002_0165.uasset" 4200
"../../../Engine/Content/EngineMaterials/Substrate/Glints2/dict_0002_0166.uasset" 4201
"../../../Engine/Content/EngineMaterials/Substrate/Glints2/dict_0002_0167.uasset" 4202
"../../../Engine/Content/EngineMaterials/Substrate/Glints2/dict_0002_0168.uasset" 4203
"../../../Engine/Content/EngineMaterials/Substrate/Glints2/dict_0002_0169.uasset" 4204
"../../../Engine/Content/EngineMaterials/Substrate/Glints2/dict_0002_0170.uasset" 4205
"../../../Engine/Content/EngineMaterials/Substrate/Glints2/dict_0002_0171.uasset" 4206
"../../../Engine/Content/EngineMaterials/Substrate/Glints2/dict_0002_0172.uasset" 4207
"../../../Engine/Content/EngineMaterials/Substrate/Glints2/dict_0002_0173.uasset" 4208
"../../../Engine/Content/EngineMaterials/Substrate/Glints2/dict_0002_0174.uasset" 4209
"../../../Engine/Content/EngineMaterials/Substrate/Glints2/dict_0002_0175.uasset" 4210
"../../../Engine/Content/EngineMaterials/Substrate/Glints2/dict_0002_0176.uasset" 4211
"../../../Engine/Content/EngineMaterials/Substrate/Glints2/dict_0002_0177.uasset" 4212
"../../../Engine/Content/EngineMaterials/Substrate/Glints2/dict_0002_0178.uasset" 4213
"../../../Engine/Content/EngineMaterials/Substrate/Glints2/dict_0002_0179.uasset" 4214
"../../../Engine/Content/EngineMaterials/Substrate/Glints2/dict_0002_0180.uasset" 4215
"../../../Engine/Content/EngineMaterials/Substrate/Glints2/dict_0002_0181.uasset" 4216
"../../../Engine/Content/EngineMaterials/Substrate/Glints2/dict_0002_0182.uasset" 4217
"../../../Engine/Content/EngineMaterials/Substrate/Glints2/dict_0002_0183.uasset" 4218
"../../../Engine/Content/EngineMaterials/Substrate/Glints2/dict_0002_0184.uasset" 4219
"../../../Engine/Content/EngineMaterials/Substrate/Glints2/dict_0002_0185.uasset" 4220
"../../../Engine/Content/EngineMaterials/Substrate/Glints2/dict_0002_0186.uasset" 4221
"../../../Engine/Content/EngineMaterials/Substrate/Glints2/dict_0002_0187.uasset" 4222
"../../../Engine/Content/EngineMaterials/Substrate/Glints2/dict_0002_0188.uasset" 4223
"../../../Engine/Content/EngineMaterials/Substrate/Glints2/dict_0002_0189.uasset" 4224
"../../../Engine/Content/EngineMaterials/Substrate/Glints2/dict_0002_0190.uasset" 4225
"../../../Engine/Content/EngineMaterials/Substrate/Glints2/dict_0002_0191.uasset" 4226
"../../../Engine/Content/EngineMaterials/Substrate/Glints2/dict_0002_0192.uasset" 4227
"../../../Engine/Content/EngineMaterials/Substrate/Glints2/dict_0002_0193.uasset" 4228
"../../../Engine/Content/EngineMaterials/Substrate/Glints2/dict_0002_0194.uasset" 4229
"../../../Engine/Content/EngineMaterials/Substrate/Glints2/dict_0002_0195.uasset" 4230
"../../../Engine/Content/EngineMaterials/Substrate/Glints2/dict_0002_0196.uasset" 4231
"../../../Engine/Content/EngineMaterials/Substrate/Glints2/dict_0002_0197.uasset" 4232
"../../../Engine/Content/EngineMaterials/Substrate/Glints2/dict_0002_0198.uasset" 4233
"../../../Engine/Content/EngineMaterials/Substrate/Glints2/dict_0002_0199.uasset" 4234
"../../../Engine/Content/EngineMaterials/Substrate/Glints2/dict_0002_0200.uasset" 4235
"../../../Engine/Content/EngineMaterials/Substrate/Glints2/dict_0002_0201.uasset" 4236
"../../../Engine/Content/EngineMaterials/Substrate/Glints2/dict_0002_0202.uasset" 4237
"../../../Engine/Content/EngineMaterials/Substrate/Glints2/dict_0002_0203.uasset" 4238
"../../../Engine/Content/EngineMaterials/Substrate/Glints2/dict_0002_0204.uasset" 4239
"../../../Engine/Content/EngineMaterials/Substrate/Glints2/dict_0002_0205.uasset" 4240
"../../../Engine/Content/EngineMaterials/Substrate/Glints2/dict_0002_0206.uasset" 4241
"../../../Engine/Content/EngineMaterials/Substrate/Glints2/dict_0002_0207.uasset" 4242
"../../../Engine/Content/EngineMaterials/Substrate/Glints2/dict_0002_0208.uasset" 4243
"../../../Engine/Content/EngineMaterials/Substrate/Glints2/dict_0002_0209.uasset" 4244
"../../../Engine/Content/EngineMaterials/Substrate/Glints2/dict_0002_0210.uasset" 4245
"../../../Engine/Content/EngineMaterials/Substrate/Glints2/dict_0002_0211.uasset" 4246
"../../../Engine/Content/EngineMaterials/Substrate/Glints2/dict_0002_0212.uasset" 4247
"../../../Engine/Content/EngineMaterials/Substrate/Glints2/dict_0002_0213.uasset" 4248
"../../../Engine/Content/EngineMaterials/Substrate/Glints2/dict_0002_0214.uasset" 4249
"../../../Engine/Content/EngineMaterials/Substrate/Glints2/dict_0002_0215.uasset" 4250
"../../../Engine/Content/EngineMaterials/Substrate/Glints2/dict_0002_0216.uasset" 4251
"../../../Engine/Content/EngineMaterials/Substrate/Glints2/dict_0002_0217.uasset" 4252
"../../../Engine/Content/EngineMaterials/Substrate/Glints2/dict_0002_0218.uasset" 4253
"../../../Engine/Content/EngineMaterials/Substrate/Glints2/dict_0002_0219.uasset" 4254
"../../../Engine/Content/EngineMaterials/Substrate/Glints2/dict_0002_0220.uasset" 4255
"../../../Engine/Content/EngineMaterials/Substrate/Glints2/dict_0002_0221.uasset" 4256
"../../../Engine/Content/EngineMaterials/Substrate/Glints2/dict_0002_0222.uasset" 4257
"../../../Engine/Content/EngineMaterials/Substrate/Glints2/dict_0002_0223.uasset" 4258
"../../../Engine/Content/EngineMaterials/Substrate/Glints2/dict_0002_0224.uasset" 4259
"../../../Engine/Content/EngineMaterials/Substrate/Glints2/dict_0002_0225.uasset" 4260
"../../../Engine/Content/EngineMaterials/Substrate/Glints2/dict_0002_0226.uasset" 4261
"../../../Engine/Content/EngineMaterials/Substrate/Glints2/dict_0002_0227.uasset" 4262
"../../../Engine/Content/EngineMaterials/Substrate/Glints2/dict_0002_0228.uasset" 4263
"../../../Engine/Content/EngineMaterials/Substrate/Glints2/dict_0002_0229.uasset" 4264
"../../../Engine/Content/EngineMaterials/Substrate/Glints2/dict_0002_0230.uasset" 4265
"../../../Engine/Content/EngineMaterials/Substrate/Glints2/dict_0002_0231.uasset" 4266
"../../../Engine/Content/EngineMaterials/Substrate/Glints2/dict_0002_0232.uasset" 4267
"../../../Engine/Content/EngineMaterials/Substrate/Glints2/dict_0002_0233.uasset" 4268
"../../../Engine/Content/EngineMaterials/Substrate/Glints2/dict_0002_0234.uasset" 4269
"../../../Engine/Content/EngineMaterials/Substrate/Glints2/dict_0002_0235.uasset" 4270
"../../../Engine/Content/EngineMaterials/Substrate/Glints2/dict_0002_0236.uasset" 4271
"../../../Engine/Content/EngineMaterials/Substrate/Glints2/dict_0002_0237.uasset" 4272
"../../../Engine/Content/EngineMaterials/Substrate/Glints2/dict_0002_0238.uasset" 4273
"../../../Engine/Content/EngineMaterials/Substrate/Glints2/dict_0002_0239.uasset" 4274
"../../../Engine/Content/EngineMaterials/Substrate/Glints2/dict_0002_0240.uasset" 4275
"../../../Engine/Content/EngineMaterials/Substrate/Glints2/dict_0002_0241.uasset" 4276
"../../../Engine/Content/EngineMaterials/Substrate/Glints2/dict_0002_0242.uasset" 4277
"../../../Engine/Content/EngineMaterials/Substrate/Glints2/dict_0002_0243.uasset" 4278
"../../../Engine/Content/EngineMaterials/Substrate/Glints2/dict_0002_0244.uasset" 4279
"../../../Engine/Content/EngineMaterials/Substrate/Glints2/dict_0002_0245.uasset" 4280
"../../../Engine/Content/EngineMaterials/Substrate/Glints2/dict_0002_0246.uasset" 4281
"../../../Engine/Content/EngineMaterials/Substrate/Glints2/dict_0002_0247.uasset" 4282
"../../../Engine/Content/EngineMaterials/Substrate/Glints2/dict_0002_0248.uasset" 4283
"../../../Engine/Content/EngineMaterials/Substrate/Glints2/dict_0002_0249.uasset" 4284
"../../../Engine/Content/EngineMaterials/Substrate/Glints2/dict_0002_0250.uasset" 4285
"../../../Engine/Content/EngineMaterials/Substrate/Glints2/dict_0002_0251.uasset" 4286
"../../../Engine/Content/EngineMaterials/Substrate/Glints2/dict_0002_0252.uasset" 4287
"../../../Engine/Content/EngineMaterials/Substrate/Glints2/dict_0002_0253.uasset" 4288
"../../../Engine/Content/EngineMaterials/Substrate/Glints2/dict_0002_0254.uasset" 4289
"../../../Engine/Content/EngineMaterials/Substrate/Glints2/dict_0002_0255.uasset" 4290
"../../../Engine/Content/EngineMaterials/Substrate/Glints2/dict_0003_0000.uasset" 4291
"../../../Engine/Content/EngineMaterials/Substrate/Glints2/dict_0003_0001.uasset" 4292
"../../../Engine/Content/EngineMaterials/Substrate/Glints2/dict_0003_0002.uasset" 4293
"../../../Engine/Content/EngineMaterials/Substrate/Glints2/dict_0003_0003.uasset" 4294
"../../../Engine/Content/EngineMaterials/Substrate/Glints2/dict_0003_0004.uasset" 4295
"../../../Engine/Content/EngineMaterials/Substrate/Glints2/dict_0003_0005.uasset" 4296
"../../../Engine/Content/EngineMaterials/Substrate/Glints2/dict_0003_0006.uasset" 4297
"../../../Engine/Content/EngineMaterials/Substrate/Glints2/dict_0003_0007.uasset" 4298
"../../../Engine/Content/EngineMaterials/Substrate/Glints2/dict_0003_0008.uasset" 4299
"../../../Engine/Content/EngineMaterials/Substrate/Glints2/dict_0003_0009.uasset" 4300
"../../../Engine/Content/EngineMaterials/Substrate/Glints2/dict_0003_0010.uasset" 4301
"../../../Engine/Content/EngineMaterials/Substrate/Glints2/dict_0003_0011.uasset" 4302
"../../../Engine/Content/EngineMaterials/Substrate/Glints2/dict_0003_0012.uasset" 4303
"../../../Engine/Content/EngineMaterials/Substrate/Glints2/dict_0003_0013.uasset" 4304
"../../../Engine/Content/EngineMaterials/Substrate/Glints2/dict_0003_0014.uasset" 4305
"../../../Engine/Content/EngineMaterials/Substrate/Glints2/dict_0003_0015.uasset" 4306
"../../../Engine/Content/EngineMaterials/Substrate/Glints2/dict_0003_0016.uasset" 4307
"../../../Engine/Content/EngineMaterials/Substrate/Glints2/dict_0003_0017.uasset" 4308
"../../../Engine/Content/EngineMaterials/Substrate/Glints2/dict_0003_0018.uasset" 4309
"../../../Engine/Content/EngineMaterials/Substrate/Glints2/dict_0003_0019.uasset" 4310
"../../../Engine/Content/EngineMaterials/Substrate/Glints2/dict_0003_0020.uasset" 4311
"../../../Engine/Content/EngineMaterials/Substrate/Glints2/dict_0003_0021.uasset" 4312
"../../../Engine/Content/EngineMaterials/Substrate/Glints2/dict_0003_0022.uasset" 4313
"../../../Engine/Content/EngineMaterials/Substrate/Glints2/dict_0003_0023.uasset" 4314
"../../../Engine/Content/EngineMaterials/Substrate/Glints2/dict_0003_0024.uasset" 4315
"../../../Engine/Content/EngineMaterials/Substrate/Glints2/dict_0003_0025.uasset" 4316
"../../../Engine/Content/EngineMaterials/Substrate/Glints2/dict_0003_0026.uasset" 4317
"../../../Engine/Content/EngineMaterials/Substrate/Glints2/dict_0003_0027.uasset" 4318
"../../../Engine/Content/EngineMaterials/Substrate/Glints2/dict_0003_0028.uasset" 4319
"../../../Engine/Content/EngineMaterials/Substrate/Glints2/dict_0003_0029.uasset" 4320
"../../../Engine/Content/EngineMaterials/Substrate/Glints2/dict_0003_0030.uasset" 4321
"../../../Engine/Content/EngineMaterials/Substrate/Glints2/dict_0003_0031.uasset" 4322
"../../../Engine/Content/EngineMaterials/Substrate/Glints2/dict_0003_0032.uasset" 4323
"../../../Engine/Content/EngineMaterials/Substrate/Glints2/dict_0003_0033.uasset" 4324
"../../../Engine/Content/EngineMaterials/Substrate/Glints2/dict_0003_0034.uasset" 4325
"../../../Engine/Content/EngineMaterials/Substrate/Glints2/dict_0003_0035.uasset" 4326
"../../../Engine/Content/EngineMaterials/Substrate/Glints2/dict_0003_0036.uasset" 4327
"../../../Engine/Content/EngineMaterials/Substrate/Glints2/dict_0003_0037.uasset" 4328
"../../../Engine/Content/EngineMaterials/Substrate/Glints2/dict_0003_0038.uasset" 4329
"../../../Engine/Content/EngineMaterials/Substrate/Glints2/dict_0003_0039.uasset" 4330
"../../../Engine/Content/EngineMaterials/Substrate/Glints2/dict_0003_0040.uasset" 4331
"../../../Engine/Content/EngineMaterials/Substrate/Glints2/dict_0003_0041.uasset" 4332
"../../../Engine/Content/EngineMaterials/Substrate/Glints2/dict_0003_0042.uasset" 4333
"../../../Engine/Content/EngineMaterials/Substrate/Glints2/dict_0003_0043.uasset" 4334
"../../../Engine/Content/EngineMaterials/Substrate/Glints2/dict_0003_0044.uasset" 4335
"../../../Engine/Content/EngineMaterials/Substrate/Glints2/dict_0003_0045.uasset" 4336
"../../../Engine/Content/EngineMaterials/Substrate/Glints2/dict_0003_0046.uasset" 4337
"../../../Engine/Content/EngineMaterials/Substrate/Glints2/dict_0003_0047.uasset" 4338
"../../../Engine/Content/EngineMaterials/Substrate/Glints2/dict_0003_0048.uasset" 4339
"../../../Engine/Content/EngineMaterials/Substrate/Glints2/dict_0003_0049.uasset" 4340
"../../../Engine/Content/EngineMaterials/Substrate/Glints2/dict_0003_0050.uasset" 4341
"../../../Engine/Content/EngineMaterials/Substrate/Glints2/dict_0003_0051.uasset" 4342
"../../../Engine/Content/EngineMaterials/Substrate/Glints2/dict_0003_0052.uasset" 4343
"../../../Engine/Content/EngineMaterials/Substrate/Glints2/dict_0003_0053.uasset" 4344
"../../../Engine/Content/EngineMaterials/Substrate/Glints2/dict_0003_0054.uasset" 4345
"../../../Engine/Content/EngineMaterials/Substrate/Glints2/dict_0003_0055.uasset" 4346
"../../../Engine/Content/EngineMaterials/Substrate/Glints2/dict_0003_0056.uasset" 4347
"../../../Engine/Content/EngineMaterials/Substrate/Glints2/dict_0003_0057.uasset" 4348
"../../../Engine/Content/EngineMaterials/Substrate/Glints2/dict_0003_0058.uasset" 4349
"../../../Engine/Content/EngineMaterials/Substrate/Glints2/dict_0003_0059.uasset" 4350
"../../../Engine/Content/EngineMaterials/Substrate/Glints2/dict_0003_0060.uasset" 4351
"../../../Engine/Content/EngineMaterials/Substrate/Glints2/dict_0003_0061.uasset" 4352
"../../../Engine/Content/EngineMaterials/Substrate/Glints2/dict_0003_0062.uasset" 4353
"../../../Engine/Content/EngineMaterials/Substrate/Glints2/dict_0003_0063.uasset" 4354
"../../../Engine/Content/EngineMaterials/Substrate/Glints2/dict_0003_0064.uasset" 4355
"../../../Engine/Content/EngineMaterials/Substrate/Glints2/dict_0003_0065.uasset" 4356
"../../../Engine/Content/EngineMaterials/Substrate/Glints2/dict_0003_0066.uasset" 4357
"../../../Engine/Content/EngineMaterials/Substrate/Glints2/dict_0003_0067.uasset" 4358
"../../../Engine/Content/EngineMaterials/Substrate/Glints2/dict_0003_0068.uasset" 4359
"../../../Engine/Content/EngineMaterials/Substrate/Glints2/dict_0003_0069.uasset" 4360
"../../../Engine/Content/EngineMaterials/Substrate/Glints2/dict_0003_0070.uasset" 4361
"../../../Engine/Content/EngineMaterials/Substrate/Glints2/dict_0003_0071.uasset" 4362
"../../../Engine/Content/EngineMaterials/Substrate/Glints2/dict_0003_0072.uasset" 4363
"../../../Engine/Content/EngineMaterials/Substrate/Glints2/dict_0003_0073.uasset" 4364
"../../../Engine/Content/EngineMaterials/Substrate/Glints2/dict_0003_0074.uasset" 4365
"../../../Engine/Content/EngineMaterials/Substrate/Glints2/dict_0003_0075.uasset" 4366
"../../../Engine/Content/EngineMaterials/Substrate/Glints2/dict_0003_0076.uasset" 4367
"../../../Engine/Content/EngineMaterials/Substrate/Glints2/dict_0003_0077.uasset" 4368
"../../../Engine/Content/EngineMaterials/Substrate/Glints2/dict_0003_0078.uasset" 4369
"../../../Engine/Content/EngineMaterials/Substrate/Glints2/dict_0003_0079.uasset" 4370
"../../../Engine/Content/EngineMaterials/Substrate/Glints2/dict_0003_0080.uasset" 4371
"../../../Engine/Content/EngineMaterials/Substrate/Glints2/dict_0003_0081.uasset" 4372
"../../../Engine/Content/EngineMaterials/Substrate/Glints2/dict_0003_0082.uasset" 4373
"../../../Engine/Content/EngineMaterials/Substrate/Glints2/dict_0003_0083.uasset" 4374
"../../../Engine/Content/EngineMaterials/Substrate/Glints2/dict_0003_0084.uasset" 4375
"../../../Engine/Content/EngineMaterials/Substrate/Glints2/dict_0003_0085.uasset" 4376
"../../../Engine/Content/EngineMaterials/Substrate/Glints2/dict_0003_0086.uasset" 4377
"../../../Engine/Content/EngineMaterials/Substrate/Glints2/dict_0003_0087.uasset" 4378
"../../../Engine/Content/EngineMaterials/Substrate/Glints2/dict_0003_0088.uasset" 4379
"../../../Engine/Content/EngineMaterials/Substrate/Glints2/dict_0003_0089.uasset" 4380
"../../../Engine/Content/EngineMaterials/Substrate/Glints2/dict_0003_0090.uasset" 4381
"../../../Engine/Content/EngineMaterials/Substrate/Glints2/dict_0003_0091.uasset" 4382
"../../../Engine/Content/EngineMaterials/Substrate/Glints2/dict_0003_0092.uasset" 4383
"../../../Engine/Content/EngineMaterials/Substrate/Glints2/dict_0003_0093.uasset" 4384
"../../../Engine/Content/EngineMaterials/Substrate/Glints2/dict_0003_0094.uasset" 4385
"../../../Engine/Content/EngineMaterials/Substrate/Glints2/dict_0003_0095.uasset" 4386
"../../../Engine/Content/EngineMaterials/Substrate/Glints2/dict_0003_0096.uasset" 4387
"../../../Engine/Content/EngineMaterials/Substrate/Glints2/dict_0003_0097.uasset" 4388
"../../../Engine/Content/EngineMaterials/Substrate/Glints2/dict_0003_0098.uasset" 4389
"../../../Engine/Content/EngineMaterials/Substrate/Glints2/dict_0003_0099.uasset" 4390
"../../../Engine/Content/EngineMaterials/Substrate/Glints2/dict_0003_0100.uasset" 4391
"../../../Engine/Content/EngineMaterials/Substrate/Glints2/dict_0003_0101.uasset" 4392
"../../../Engine/Content/EngineMaterials/Substrate/Glints2/dict_0003_0102.uasset" 4393
"../../../Engine/Content/EngineMaterials/Substrate/Glints2/dict_0003_0103.uasset" 4394
"../../../Engine/Content/EngineMaterials/Substrate/Glints2/dict_0003_0104.uasset" 4395
"../../../Engine/Content/EngineMaterials/Substrate/Glints2/dict_0003_0105.uasset" 4396
"../../../Engine/Content/EngineMaterials/Substrate/Glints2/dict_0003_0106.uasset" 4397
"../../../Engine/Content/EngineMaterials/Substrate/Glints2/dict_0003_0107.uasset" 4398
"../../../Engine/Content/EngineMaterials/Substrate/Glints2/dict_0003_0108.uasset" 4399
"../../../Engine/Content/EngineMaterials/Substrate/Glints2/dict_0003_0109.uasset" 4400
"../../../Engine/Content/EngineMaterials/Substrate/Glints2/dict_0003_0110.uasset" 4401
"../../../Engine/Content/EngineMaterials/Substrate/Glints2/dict_0003_0111.uasset" 4402
"../../../Engine/Content/EngineMaterials/Substrate/Glints2/dict_0003_0112.uasset" 4403
"../../../Engine/Content/EngineMaterials/Substrate/Glints2/dict_0003_0113.uasset" 4404
"../../../Engine/Content/EngineMaterials/Substrate/Glints2/dict_0003_0114.uasset" 4405
"../../../Engine/Content/EngineMaterials/Substrate/Glints2/dict_0003_0115.uasset" 4406
"../../../Engine/Content/EngineMaterials/Substrate/Glints2/dict_0003_0116.uasset" 4407
"../../../Engine/Content/EngineMaterials/Substrate/Glints2/dict_0003_0117.uasset" 4408
"../../../Engine/Content/EngineMaterials/Substrate/Glints2/dict_0003_0118.uasset" 4409
"../../../Engine/Content/EngineMaterials/Substrate/Glints2/dict_0003_0119.uasset" 4410
"../../../Engine/Content/EngineMaterials/Substrate/Glints2/dict_0003_0120.uasset" 4411
"../../../Engine/Content/EngineMaterials/Substrate/Glints2/dict_0003_0121.uasset" 4412
"../../../Engine/Content/EngineMaterials/Substrate/Glints2/dict_0003_0122.uasset" 4413
"../../../Engine/Content/EngineMaterials/Substrate/Glints2/dict_0003_0123.uasset" 4414
"../../../Engine/Content/EngineMaterials/Substrate/Glints2/dict_0003_0124.uasset" 4415
"../../../Engine/Content/EngineMaterials/Substrate/Glints2/dict_0003_0125.uasset" 4416
"../../../Engine/Content/EngineMaterials/Substrate/Glints2/dict_0003_0126.uasset" 4417
"../../../Engine/Content/EngineMaterials/Substrate/Glints2/dict_0003_0127.uasset" 4418
"../../../Engine/Content/EngineMaterials/Substrate/Glints2/dict_0003_0128.uasset" 4419
"../../../Engine/Content/EngineMaterials/Substrate/Glints2/dict_0003_0129.uasset" 4420
"../../../Engine/Content/EngineMaterials/Substrate/Glints2/dict_0003_0130.uasset" 4421
"../../../Engine/Content/EngineMaterials/Substrate/Glints2/dict_0003_0131.uasset" 4422
"../../../Engine/Content/EngineMaterials/Substrate/Glints2/dict_0003_0132.uasset" 4423
"../../../Engine/Content/EngineMaterials/Substrate/Glints2/dict_0003_0133.uasset" 4424
"../../../Engine/Content/EngineMaterials/Substrate/Glints2/dict_0003_0134.uasset" 4425
"../../../Engine/Content/EngineMaterials/Substrate/Glints2/dict_0003_0135.uasset" 4426
"../../../Engine/Content/EngineMaterials/Substrate/Glints2/dict_0003_0136.uasset" 4427
"../../../Engine/Content/EngineMaterials/Substrate/Glints2/dict_0003_0137.uasset" 4428
"../../../Engine/Content/EngineMaterials/Substrate/Glints2/dict_0003_0138.uasset" 4429
"../../../Engine/Content/EngineMaterials/Substrate/Glints2/dict_0003_0139.uasset" 4430
"../../../Engine/Content/EngineMaterials/Substrate/Glints2/dict_0003_0140.uasset" 4431
"../../../Engine/Content/EngineMaterials/Substrate/Glints2/dict_0003_0141.uasset" 4432
"../../../Engine/Content/EngineMaterials/Substrate/Glints2/dict_0003_0142.uasset" 4433
"../../../Engine/Content/EngineMaterials/Substrate/Glints2/dict_0003_0143.uasset" 4434
"../../../Engine/Content/EngineMaterials/Substrate/Glints2/dict_0003_0144.uasset" 4435
"../../../Engine/Content/EngineMaterials/Substrate/Glints2/dict_0003_0145.uasset" 4436
"../../../Engine/Content/EngineMaterials/Substrate/Glints2/dict_0003_0146.uasset" 4437
"../../../Engine/Content/EngineMaterials/Substrate/Glints2/dict_0003_0147.uasset" 4438
"../../../Engine/Content/EngineMaterials/Substrate/Glints2/dict_0003_0148.uasset" 4439
"../../../Engine/Content/EngineMaterials/Substrate/Glints2/dict_0003_0149.uasset" 4440
"../../../Engine/Content/EngineMaterials/Substrate/Glints2/dict_0003_0150.uasset" 4441
"../../../Engine/Content/EngineMaterials/Substrate/Glints2/dict_0003_0151.uasset" 4442
"../../../Engine/Content/EngineMaterials/Substrate/Glints2/dict_0003_0152.uasset" 4443
"../../../Engine/Content/EngineMaterials/Substrate/Glints2/dict_0003_0153.uasset" 4444
"../../../Engine/Content/EngineMaterials/Substrate/Glints2/dict_0003_0154.uasset" 4445
"../../../Engine/Content/EngineMaterials/Substrate/Glints2/dict_0003_0155.uasset" 4446
"../../../Engine/Content/EngineMaterials/Substrate/Glints2/dict_0003_0156.uasset" 4447
"../../../Engine/Content/EngineMaterials/Substrate/Glints2/dict_0003_0157.uasset" 4448
"../../../Engine/Content/EngineMaterials/Substrate/Glints2/dict_0003_0158.uasset" 4449
"../../../Engine/Content/EngineMaterials/Substrate/Glints2/dict_0003_0159.uasset" 4450
"../../../Engine/Content/EngineMaterials/Substrate/Glints2/dict_0003_0160.uasset" 4451
"../../../Engine/Content/EngineMaterials/Substrate/Glints2/dict_0003_0161.uasset" 4452
"../../../Engine/Content/EngineMaterials/Substrate/Glints2/dict_0003_0162.uasset" 4453
"../../../Engine/Content/EngineMaterials/Substrate/Glints2/dict_0003_0163.uasset" 4454
"../../../Engine/Content/EngineMaterials/Substrate/Glints2/dict_0003_0164.uasset" 4455
"../../../Engine/Content/EngineMaterials/Substrate/Glints2/dict_0003_0165.uasset" 4456
"../../../Engine/Content/EngineMaterials/Substrate/Glints2/dict_0003_0166.uasset" 4457
"../../../Engine/Content/EngineMaterials/Substrate/Glints2/dict_0003_0167.uasset" 4458
"../../../Engine/Content/EngineMaterials/Substrate/Glints2/dict_0003_0168.uasset" 4459
"../../../Engine/Content/EngineMaterials/Substrate/Glints2/dict_0003_0169.uasset" 4460
"../../../Engine/Content/EngineMaterials/Substrate/Glints2/dict_0003_0170.uasset" 4461
"../../../Engine/Content/EngineMaterials/Substrate/Glints2/dict_0003_0171.uasset" 4462
"../../../Engine/Content/EngineMaterials/Substrate/Glints2/dict_0003_0172.uasset" 4463
"../../../Engine/Content/EngineMaterials/Substrate/Glints2/dict_0003_0173.uasset" 4464
"../../../Engine/Content/EngineMaterials/Substrate/Glints2/dict_0003_0174.uasset" 4465
"../../../Engine/Content/EngineMaterials/Substrate/Glints2/dict_0003_0175.uasset" 4466
"../../../Engine/Content/EngineMaterials/Substrate/Glints2/dict_0003_0176.uasset" 4467
"../../../Engine/Content/EngineMaterials/Substrate/Glints2/dict_0003_0177.uasset" 4468
"../../../Engine/Content/EngineMaterials/Substrate/Glints2/dict_0003_0178.uasset" 4469
"../../../Engine/Content/EngineMaterials/Substrate/Glints2/dict_0003_0179.uasset" 4470
"../../../Engine/Content/EngineMaterials/Substrate/Glints2/dict_0003_0180.uasset" 4471
"../../../Engine/Content/EngineMaterials/Substrate/Glints2/dict_0003_0181.uasset" 4472
"../../../Engine/Content/EngineMaterials/Substrate/Glints2/dict_0003_0182.uasset" 4473
"../../../Engine/Content/EngineMaterials/Substrate/Glints2/dict_0003_0183.uasset" 4474
"../../../Engine/Content/EngineMaterials/Substrate/Glints2/dict_0003_0184.uasset" 4475
"../../../Engine/Content/EngineMaterials/Substrate/Glints2/dict_0003_0185.uasset" 4476
"../../../Engine/Content/EngineMaterials/Substrate/Glints2/dict_0003_0186.uasset" 4477
"../../../Engine/Content/EngineMaterials/Substrate/Glints2/dict_0003_0187.uasset" 4478
"../../../Engine/Content/EngineMaterials/Substrate/Glints2/dict_0003_0188.uasset" 4479
"../../../Engine/Content/EngineMaterials/Substrate/Glints2/dict_0003_0189.uasset" 4480
"../../../Engine/Content/EngineMaterials/Substrate/Glints2/dict_0003_0190.uasset" 4481
"../../../Engine/Content/EngineMaterials/Substrate/Glints2/dict_0003_0191.uasset" 4482
"../../../Engine/Content/EngineMaterials/Substrate/Glints2/dict_0003_0192.uasset" 4483
"../../../Engine/Content/EngineMaterials/Substrate/Glints2/dict_0003_0193.uasset" 4484
"../../../Engine/Content/EngineMaterials/Substrate/Glints2/dict_0003_0194.uasset" 4485
"../../../Engine/Content/EngineMaterials/Substrate/Glints2/dict_0003_0195.uasset" 4486
"../../../Engine/Content/EngineMaterials/Substrate/Glints2/dict_0003_0196.uasset" 4487
"../../../Engine/Content/EngineMaterials/Substrate/Glints2/dict_0003_0197.uasset" 4488
"../../../Engine/Content/EngineMaterials/Substrate/Glints2/dict_0003_0198.uasset" 4489
"../../../Engine/Content/EngineMaterials/Substrate/Glints2/dict_0003_0199.uasset" 4490
"../../../Engine/Content/EngineMaterials/Substrate/Glints2/dict_0003_0200.uasset" 4491
"../../../Engine/Content/EngineMaterials/Substrate/Glints2/dict_0003_0201.uasset" 4492
"../../../Engine/Content/EngineMaterials/Substrate/Glints2/dict_0003_0202.uasset" 4493
"../../../Engine/Content/EngineMaterials/Substrate/Glints2/dict_0003_0203.uasset" 4494
"../../../Engine/Content/EngineMaterials/Substrate/Glints2/dict_0003_0204.uasset" 4495
"../../../Engine/Content/EngineMaterials/Substrate/Glints2/dict_0003_0205.uasset" 4496
"../../../Engine/Content/EngineMaterials/Substrate/Glints2/dict_0003_0206.uasset" 4497
"../../../Engine/Content/EngineMaterials/Substrate/Glints2/dict_0003_0207.uasset" 4498
"../../../Engine/Content/EngineMaterials/Substrate/Glints2/dict_0003_0208.uasset" 4499
"../../../Engine/Content/EngineMaterials/Substrate/Glints2/dict_0003_0209.uasset" 4500
"../../../Engine/Content/EngineMaterials/Substrate/Glints2/dict_0003_0210.uasset" 4501
"../../../Engine/Content/EngineMaterials/Substrate/Glints2/dict_0003_0211.uasset" 4502
"../../../Engine/Content/EngineMaterials/Substrate/Glints2/dict_0003_0212.uasset" 4503
"../../../Engine/Content/EngineMaterials/Substrate/Glints2/dict_0003_0213.uasset" 4504
"../../../Engine/Content/EngineMaterials/Substrate/Glints2/dict_0003_0214.uasset" 4505
"../../../Engine/Content/EngineMaterials/Substrate/Glints2/dict_0003_0215.uasset" 4506
"../../../Engine/Content/EngineMaterials/Substrate/Glints2/dict_0003_0216.uasset" 4507
"../../../Engine/Content/EngineMaterials/Substrate/Glints2/dict_0003_0217.uasset" 4508
"../../../Engine/Content/EngineMaterials/Substrate/Glints2/dict_0003_0218.uasset" 4509
"../../../Engine/Content/EngineMaterials/Substrate/Glints2/dict_0003_0219.uasset" 4510
"../../../Engine/Content/EngineMaterials/Substrate/Glints2/dict_0003_0220.uasset" 4511
"../../../Engine/Content/EngineMaterials/Substrate/Glints2/dict_0003_0221.uasset" 4512
"../../../Engine/Content/EngineMaterials/Substrate/Glints2/dict_0003_0222.uasset" 4513
"../../../Engine/Content/EngineMaterials/Substrate/Glints2/dict_0003_0223.uasset" 4514
"../../../Engine/Content/EngineMaterials/Substrate/Glints2/dict_0003_0224.uasset" 4515
"../../../Engine/Content/EngineMaterials/Substrate/Glints2/dict_0003_0225.uasset" 4516
"../../../Engine/Content/EngineMaterials/Substrate/Glints2/dict_0003_0226.uasset" 4517
"../../../Engine/Content/EngineMaterials/Substrate/Glints2/dict_0003_0227.uasset" 4518
"../../../Engine/Content/EngineMaterials/Substrate/Glints2/dict_0003_0228.uasset" 4519
"../../../Engine/Content/EngineMaterials/Substrate/Glints2/dict_0003_0229.uasset" 4520
"../../../Engine/Content/EngineMaterials/Substrate/Glints2/dict_0003_0230.uasset" 4521
"../../../Engine/Content/EngineMaterials/Substrate/Glints2/dict_0003_0231.uasset" 4522
"../../../Engine/Content/EngineMaterials/Substrate/Glints2/dict_0003_0232.uasset" 4523
"../../../Engine/Content/EngineMaterials/Substrate/Glints2/dict_0003_0233.uasset" 4524
"../../../Engine/Content/EngineMaterials/Substrate/Glints2/dict_0003_0234.uasset" 4525
"../../../Engine/Content/EngineMaterials/Substrate/Glints2/dict_0003_0235.uasset" 4526
"../../../Engine/Content/EngineMaterials/Substrate/Glints2/dict_0003_0236.uasset" 4527
"../../../Engine/Content/EngineMaterials/Substrate/Glints2/dict_0003_0237.uasset" 4528
"../../../Engine/Content/EngineMaterials/Substrate/Glints2/dict_0003_0238.uasset" 4529
"../../../Engine/Content/EngineMaterials/Substrate/Glints2/dict_0003_0239.uasset" 4530
"../../../Engine/Content/EngineMaterials/Substrate/Glints2/dict_0003_0240.uasset" 4531
"../../../Engine/Content/EngineMaterials/Substrate/Glints2/dict_0003_0241.uasset" 4532
"../../../Engine/Content/EngineMaterials/Substrate/Glints2/dict_0003_0242.uasset" 4533
"../../../Engine/Content/EngineMaterials/Substrate/Glints2/dict_0003_0243.uasset" 4534
"../../../Engine/Content/EngineMaterials/Substrate/Glints2/dict_0003_0244.uasset" 4535
"../../../Engine/Content/EngineMaterials/Substrate/Glints2/dict_0003_0245.uasset" 4536
"../../../Engine/Content/EngineMaterials/Substrate/Glints2/dict_0003_0246.uasset" 4537
"../../../Engine/Content/EngineMaterials/Substrate/Glints2/dict_0003_0247.uasset" 4538
"../../../Engine/Content/EngineMaterials/Substrate/Glints2/dict_0003_0248.uasset" 4539
"../../../Engine/Content/EngineMaterials/Substrate/Glints2/dict_0003_0249.uasset" 4540
"../../../Engine/Content/EngineMaterials/Substrate/Glints2/dict_0003_0250.uasset" 4541
"../../../Engine/Content/EngineMaterials/Substrate/Glints2/dict_0003_0251.uasset" 4542
"../../../Engine/Content/EngineMaterials/Substrate/Glints2/dict_0003_0252.uasset" 4543
"../../../Engine/Content/EngineMaterials/Substrate/Glints2/dict_0003_0253.uasset" 4544
"../../../Engine/Content/EngineMaterials/Substrate/Glints2/dict_0003_0254.uasset" 4545
"../../../Engine/Content/EngineMaterials/Substrate/Glints2/dict_0003_0255.uasset" 4546
"../../../Engine/Content/EngineMaterials/Substrate/Glints2/dict_0004_0000.uasset" 4547
"../../../Engine/Content/EngineMaterials/Substrate/Glints2/dict_0004_0001.uasset" 4548
"../../../Engine/Content/EngineMaterials/Substrate/Glints2/dict_0004_0002.uasset" 4549
"../../../Engine/Content/EngineMaterials/Substrate/Glints2/dict_0004_0003.uasset" 4550
"../../../Engine/Content/EngineMaterials/Substrate/Glints2/dict_0004_0004.uasset" 4551
"../../../Engine/Content/EngineMaterials/Substrate/Glints2/dict_0004_0005.uasset" 4552
"../../../Engine/Content/EngineMaterials/Substrate/Glints2/dict_0004_0006.uasset" 4553
"../../../Engine/Content/EngineMaterials/Substrate/Glints2/dict_0004_0007.uasset" 4554
"../../../Engine/Content/EngineMaterials/Substrate/Glints2/dict_0004_0008.uasset" 4555
"../../../Engine/Content/EngineMaterials/Substrate/Glints2/dict_0004_0009.uasset" 4556
"../../../Engine/Content/EngineMaterials/Substrate/Glints2/dict_0004_0010.uasset" 4557
"../../../Engine/Content/EngineMaterials/Substrate/Glints2/dict_0004_0011.uasset" 4558
"../../../Engine/Content/EngineMaterials/Substrate/Glints2/dict_0004_0012.uasset" 4559
"../../../Engine/Content/EngineMaterials/Substrate/Glints2/dict_0004_0013.uasset" 4560
"../../../Engine/Content/EngineMaterials/Substrate/Glints2/dict_0004_0014.uasset" 4561
"../../../Engine/Content/EngineMaterials/Substrate/Glints2/dict_0004_0015.uasset" 4562
"../../../Engine/Content/EngineMaterials/Substrate/Glints2/dict_0004_0016.uasset" 4563
"../../../Engine/Content/EngineMaterials/Substrate/Glints2/dict_0004_0017.uasset" 4564
"../../../Engine/Content/EngineMaterials/Substrate/Glints2/dict_0004_0018.uasset" 4565
"../../../Engine/Content/EngineMaterials/Substrate/Glints2/dict_0004_0019.uasset" 4566
"../../../Engine/Content/EngineMaterials/Substrate/Glints2/dict_0004_0020.uasset" 4567
"../../../Engine/Content/EngineMaterials/Substrate/Glints2/dict_0004_0021.uasset" 4568
"../../../Engine/Content/EngineMaterials/Substrate/Glints2/dict_0004_0022.uasset" 4569
"../../../Engine/Content/EngineMaterials/Substrate/Glints2/dict_0004_0023.uasset" 4570
"../../../Engine/Content/EngineMaterials/Substrate/Glints2/dict_0004_0024.uasset" 4571
"../../../Engine/Content/EngineMaterials/Substrate/Glints2/dict_0004_0025.uasset" 4572
"../../../Engine/Content/EngineMaterials/Substrate/Glints2/dict_0004_0026.uasset" 4573
"../../../Engine/Content/EngineMaterials/Substrate/Glints2/dict_0004_0027.uasset" 4574
"../../../Engine/Content/EngineMaterials/Substrate/Glints2/dict_0004_0028.uasset" 4575
"../../../Engine/Content/EngineMaterials/Substrate/Glints2/dict_0004_0029.uasset" 4576
"../../../Engine/Content/EngineMaterials/Substrate/Glints2/dict_0004_0030.uasset" 4577
"../../../Engine/Content/EngineMaterials/Substrate/Glints2/dict_0004_0031.uasset" 4578
"../../../Engine/Content/EngineMaterials/Substrate/Glints2/dict_0004_0032.uasset" 4579
"../../../Engine/Content/EngineMaterials/Substrate/Glints2/dict_0004_0033.uasset" 4580
"../../../Engine/Content/EngineMaterials/Substrate/Glints2/dict_0004_0034.uasset" 4581
"../../../Engine/Content/EngineMaterials/Substrate/Glints2/dict_0004_0035.uasset" 4582
"../../../Engine/Content/EngineMaterials/Substrate/Glints2/dict_0004_0036.uasset" 4583
"../../../Engine/Content/EngineMaterials/Substrate/Glints2/dict_0004_0037.uasset" 4584
"../../../Engine/Content/EngineMaterials/Substrate/Glints2/dict_0004_0038.uasset" 4585
"../../../Engine/Content/EngineMaterials/Substrate/Glints2/dict_0004_0039.uasset" 4586
"../../../Engine/Content/EngineMaterials/Substrate/Glints2/dict_0004_0040.uasset" 4587
"../../../Engine/Content/EngineMaterials/Substrate/Glints2/dict_0004_0041.uasset" 4588
"../../../Engine/Content/EngineMaterials/Substrate/Glints2/dict_0004_0042.uasset" 4589
"../../../Engine/Content/EngineMaterials/Substrate/Glints2/dict_0004_0043.uasset" 4590
"../../../Engine/Content/EngineMaterials/Substrate/Glints2/dict_0004_0044.uasset" 4591
"../../../Engine/Content/EngineMaterials/Substrate/Glints2/dict_0004_0045.uasset" 4592
"../../../Engine/Content/EngineMaterials/Substrate/Glints2/dict_0004_0046.uasset" 4593
"../../../Engine/Content/EngineMaterials/Substrate/Glints2/dict_0004_0047.uasset" 4594
"../../../Engine/Content/EngineMaterials/Substrate/Glints2/dict_0004_0048.uasset" 4595
"../../../Engine/Content/EngineMaterials/Substrate/Glints2/dict_0004_0049.uasset" 4596
"../../../Engine/Content/EngineMaterials/Substrate/Glints2/dict_0004_0050.uasset" 4597
"../../../Engine/Content/EngineMaterials/Substrate/Glints2/dict_0004_0051.uasset" 4598
"../../../Engine/Content/EngineMaterials/Substrate/Glints2/dict_0004_0052.uasset" 4599
"../../../Engine/Content/EngineMaterials/Substrate/Glints2/dict_0004_0053.uasset" 4600
"../../../Engine/Content/EngineMaterials/Substrate/Glints2/dict_0004_0054.uasset" 4601
"../../../Engine/Content/EngineMaterials/Substrate/Glints2/dict_0004_0055.uasset" 4602
"../../../Engine/Content/EngineMaterials/Substrate/Glints2/dict_0004_0056.uasset" 4603
"../../../Engine/Content/EngineMaterials/Substrate/Glints2/dict_0004_0057.uasset" 4604
"../../../Engine/Content/EngineMaterials/Substrate/Glints2/dict_0004_0058.uasset" 4605
"../../../Engine/Content/EngineMaterials/Substrate/Glints2/dict_0004_0059.uasset" 4606
"../../../Engine/Content/EngineMaterials/Substrate/Glints2/dict_0004_0060.uasset" 4607
"../../../Engine/Content/EngineMaterials/Substrate/Glints2/dict_0004_0061.uasset" 4608
"../../../Engine/Content/EngineMaterials/Substrate/Glints2/dict_0004_0062.uasset" 4609
"../../../Engine/Content/EngineMaterials/Substrate/Glints2/dict_0004_0063.uasset" 4610
"../../../Engine/Content/EngineMaterials/Substrate/Glints2/dict_0004_0064.uasset" 4611
"../../../Engine/Content/EngineMaterials/Substrate/Glints2/dict_0004_0065.uasset" 4612
"../../../Engine/Content/EngineMaterials/Substrate/Glints2/dict_0004_0066.uasset" 4613
"../../../Engine/Content/EngineMaterials/Substrate/Glints2/dict_0004_0067.uasset" 4614
"../../../Engine/Content/EngineMaterials/Substrate/Glints2/dict_0004_0068.uasset" 4615
"../../../Engine/Content/EngineMaterials/Substrate/Glints2/dict_0004_0069.uasset" 4616
"../../../Engine/Content/EngineMaterials/Substrate/Glints2/dict_0004_0070.uasset" 4617
"../../../Engine/Content/EngineMaterials/Substrate/Glints2/dict_0004_0071.uasset" 4618
"../../../Engine/Content/EngineMaterials/Substrate/Glints2/dict_0004_0072.uasset" 4619
"../../../Engine/Content/EngineMaterials/Substrate/Glints2/dict_0004_0073.uasset" 4620
"../../../Engine/Content/EngineMaterials/Substrate/Glints2/dict_0004_0074.uasset" 4621
"../../../Engine/Content/EngineMaterials/Substrate/Glints2/dict_0004_0075.uasset" 4622
"../../../Engine/Content/EngineMaterials/Substrate/Glints2/dict_0004_0076.uasset" 4623
"../../../Engine/Content/EngineMaterials/Substrate/Glints2/dict_0004_0077.uasset" 4624
"../../../Engine/Content/EngineMaterials/Substrate/Glints2/dict_0004_0078.uasset" 4625
"../../../Engine/Content/EngineMaterials/Substrate/Glints2/dict_0004_0079.uasset" 4626
"../../../Engine/Content/EngineMaterials/Substrate/Glints2/dict_0004_0080.uasset" 4627
"../../../Engine/Content/EngineMaterials/Substrate/Glints2/dict_0004_0081.uasset" 4628
"../../../Engine/Content/EngineMaterials/Substrate/Glints2/dict_0004_0082.uasset" 4629
"../../../Engine/Content/EngineMaterials/Substrate/Glints2/dict_0004_0083.uasset" 4630
"../../../Engine/Content/EngineMaterials/Substrate/Glints2/dict_0004_0084.uasset" 4631
"../../../Engine/Content/EngineMaterials/Substrate/Glints2/dict_0004_0085.uasset" 4632
"../../../Engine/Content/EngineMaterials/Substrate/Glints2/dict_0004_0086.uasset" 4633
"../../../Engine/Content/EngineMaterials/Substrate/Glints2/dict_0004_0087.uasset" 4634
"../../../Engine/Content/EngineMaterials/Substrate/Glints2/dict_0004_0088.uasset" 4635
"../../../Engine/Content/EngineMaterials/Substrate/Glints2/dict_0004_0089.uasset" 4636
"../../../Engine/Content/EngineMaterials/Substrate/Glints2/dict_0004_0090.uasset" 4637
"../../../Engine/Content/EngineMaterials/Substrate/Glints2/dict_0004_0091.uasset" 4638
"../../../Engine/Content/EngineMaterials/Substrate/Glints2/dict_0004_0092.uasset" 4639
"../../../Engine/Content/EngineMaterials/Substrate/Glints2/dict_0004_0093.uasset" 4640
"../../../Engine/Content/EngineMaterials/Substrate/Glints2/dict_0004_0094.uasset" 4641
"../../../Engine/Content/EngineMaterials/Substrate/Glints2/dict_0004_0095.uasset" 4642
"../../../Engine/Content/EngineMaterials/Substrate/Glints2/dict_0004_0096.uasset" 4643
"../../../Engine/Content/EngineMaterials/Substrate/Glints2/dict_0004_0097.uasset" 4644
"../../../Engine/Content/EngineMaterials/Substrate/Glints2/dict_0004_0098.uasset" 4645
"../../../Engine/Content/EngineMaterials/Substrate/Glints2/dict_0004_0099.uasset" 4646
"../../../Engine/Content/EngineMaterials/Substrate/Glints2/dict_0004_0100.uasset" 4647
"../../../Engine/Content/EngineMaterials/Substrate/Glints2/dict_0004_0101.uasset" 4648
"../../../Engine/Content/EngineMaterials/Substrate/Glints2/dict_0004_0102.uasset" 4649
"../../../Engine/Content/EngineMaterials/Substrate/Glints2/dict_0004_0103.uasset" 4650
"../../../Engine/Content/EngineMaterials/Substrate/Glints2/dict_0004_0104.uasset" 4651
"../../../Engine/Content/EngineMaterials/Substrate/Glints2/dict_0004_0105.uasset" 4652
"../../../Engine/Content/EngineMaterials/Substrate/Glints2/dict_0004_0106.uasset" 4653
"../../../Engine/Content/EngineMaterials/Substrate/Glints2/dict_0004_0107.uasset" 4654
"../../../Engine/Content/EngineMaterials/Substrate/Glints2/dict_0004_0108.uasset" 4655
"../../../Engine/Content/EngineMaterials/Substrate/Glints2/dict_0004_0109.uasset" 4656
"../../../Engine/Content/EngineMaterials/Substrate/Glints2/dict_0004_0110.uasset" 4657
"../../../Engine/Content/EngineMaterials/Substrate/Glints2/dict_0004_0111.uasset" 4658
"../../../Engine/Content/EngineMaterials/Substrate/Glints2/dict_0004_0112.uasset" 4659
"../../../Engine/Content/EngineMaterials/Substrate/Glints2/dict_0004_0113.uasset" 4660
"../../../Engine/Content/EngineMaterials/Substrate/Glints2/dict_0004_0114.uasset" 4661
"../../../Engine/Content/EngineMaterials/Substrate/Glints2/dict_0004_0115.uasset" 4662
"../../../Engine/Content/EngineMaterials/Substrate/Glints2/dict_0004_0116.uasset" 4663
"../../../Engine/Content/EngineMaterials/Substrate/Glints2/dict_0004_0117.uasset" 4664
"../../../Engine/Content/EngineMaterials/Substrate/Glints2/dict_0004_0118.uasset" 4665
"../../../Engine/Content/EngineMaterials/Substrate/Glints2/dict_0004_0119.uasset" 4666
"../../../Engine/Content/EngineMaterials/Substrate/Glints2/dict_0004_0120.uasset" 4667
"../../../Engine/Content/EngineMaterials/Substrate/Glints2/dict_0004_0121.uasset" 4668
"../../../Engine/Content/EngineMaterials/Substrate/Glints2/dict_0004_0122.uasset" 4669
"../../../Engine/Content/EngineMaterials/Substrate/Glints2/dict_0004_0123.uasset" 4670
"../../../Engine/Content/EngineMaterials/Substrate/Glints2/dict_0004_0124.uasset" 4671
"../../../Engine/Content/EngineMaterials/Substrate/Glints2/dict_0004_0125.uasset" 4672
"../../../Engine/Content/EngineMaterials/Substrate/Glints2/dict_0004_0126.uasset" 4673
"../../../Engine/Content/EngineMaterials/Substrate/Glints2/dict_0004_0127.uasset" 4674
"../../../Engine/Content/EngineMaterials/Substrate/Glints2/dict_0004_0128.uasset" 4675
"../../../Engine/Content/EngineMaterials/Substrate/Glints2/dict_0004_0129.uasset" 4676
"../../../Engine/Content/EngineMaterials/Substrate/Glints2/dict_0004_0130.uasset" 4677
"../../../Engine/Content/EngineMaterials/Substrate/Glints2/dict_0004_0131.uasset" 4678
"../../../Engine/Content/EngineMaterials/Substrate/Glints2/dict_0004_0132.uasset" 4679
"../../../Engine/Content/EngineMaterials/Substrate/Glints2/dict_0004_0133.uasset" 4680
"../../../Engine/Content/EngineMaterials/Substrate/Glints2/dict_0004_0134.uasset" 4681
"../../../Engine/Content/EngineMaterials/Substrate/Glints2/dict_0004_0135.uasset" 4682
"../../../Engine/Content/EngineMaterials/Substrate/Glints2/dict_0004_0136.uasset" 4683
"../../../Engine/Content/EngineMaterials/Substrate/Glints2/dict_0004_0137.uasset" 4684
"../../../Engine/Content/EngineMaterials/Substrate/Glints2/dict_0004_0138.uasset" 4685
"../../../Engine/Content/EngineMaterials/Substrate/Glints2/dict_0004_0139.uasset" 4686
"../../../Engine/Content/EngineMaterials/Substrate/Glints2/dict_0004_0140.uasset" 4687
"../../../Engine/Content/EngineMaterials/Substrate/Glints2/dict_0004_0141.uasset" 4688
"../../../Engine/Content/EngineMaterials/Substrate/Glints2/dict_0004_0142.uasset" 4689
"../../../Engine/Content/EngineMaterials/Substrate/Glints2/dict_0004_0143.uasset" 4690
"../../../Engine/Content/EngineMaterials/Substrate/Glints2/dict_0004_0144.uasset" 4691
"../../../Engine/Content/EngineMaterials/Substrate/Glints2/dict_0004_0145.uasset" 4692
"../../../Engine/Content/EngineMaterials/Substrate/Glints2/dict_0004_0146.uasset" 4693
"../../../Engine/Content/EngineMaterials/Substrate/Glints2/dict_0004_0147.uasset" 4694
"../../../Engine/Content/EngineMaterials/Substrate/Glints2/dict_0004_0148.uasset" 4695
"../../../Engine/Content/EngineMaterials/Substrate/Glints2/dict_0004_0149.uasset" 4696
"../../../Engine/Content/EngineMaterials/Substrate/Glints2/dict_0004_0150.uasset" 4697
"../../../Engine/Content/EngineMaterials/Substrate/Glints2/dict_0004_0151.uasset" 4698
"../../../Engine/Content/EngineMaterials/Substrate/Glints2/dict_0004_0152.uasset" 4699
"../../../Engine/Content/EngineMaterials/Substrate/Glints2/dict_0004_0153.uasset" 4700
"../../../Engine/Content/EngineMaterials/Substrate/Glints2/dict_0004_0154.uasset" 4701
"../../../Engine/Content/EngineMaterials/Substrate/Glints2/dict_0004_0155.uasset" 4702
"../../../Engine/Content/EngineMaterials/Substrate/Glints2/dict_0004_0156.uasset" 4703
"../../../Engine/Content/EngineMaterials/Substrate/Glints2/dict_0004_0157.uasset" 4704
"../../../Engine/Content/EngineMaterials/Substrate/Glints2/dict_0004_0158.uasset" 4705
"../../../Engine/Content/EngineMaterials/Substrate/Glints2/dict_0004_0159.uasset" 4706
"../../../Engine/Content/EngineMaterials/Substrate/Glints2/dict_0004_0160.uasset" 4707
"../../../Engine/Content/EngineMaterials/Substrate/Glints2/dict_0004_0161.uasset" 4708
"../../../Engine/Content/EngineMaterials/Substrate/Glints2/dict_0004_0162.uasset" 4709
"../../../Engine/Content/EngineMaterials/Substrate/Glints2/dict_0004_0163.uasset" 4710
"../../../Engine/Content/EngineMaterials/Substrate/Glints2/dict_0004_0164.uasset" 4711
"../../../Engine/Content/EngineMaterials/Substrate/Glints2/dict_0004_0165.uasset" 4712
"../../../Engine/Content/EngineMaterials/Substrate/Glints2/dict_0004_0166.uasset" 4713
"../../../Engine/Content/EngineMaterials/Substrate/Glints2/dict_0004_0167.uasset" 4714
"../../../Engine/Content/EngineMaterials/Substrate/Glints2/dict_0004_0168.uasset" 4715
"../../../Engine/Content/EngineMaterials/Substrate/Glints2/dict_0004_0169.uasset" 4716
"../../../Engine/Content/EngineMaterials/Substrate/Glints2/dict_0004_0170.uasset" 4717
"../../../Engine/Content/EngineMaterials/Substrate/Glints2/dict_0004_0171.uasset" 4718
"../../../Engine/Content/EngineMaterials/Substrate/Glints2/dict_0004_0172.uasset" 4719
"../../../Engine/Content/EngineMaterials/Substrate/Glints2/dict_0004_0173.uasset" 4720
"../../../Engine/Content/EngineMaterials/Substrate/Glints2/dict_0004_0174.uasset" 4721
"../../../Engine/Content/EngineMaterials/Substrate/Glints2/dict_0004_0175.uasset" 4722
"../../../Engine/Content/EngineMaterials/Substrate/Glints2/dict_0004_0176.uasset" 4723
"../../../Engine/Content/EngineMaterials/Substrate/Glints2/dict_0004_0177.uasset" 4724
"../../../Engine/Content/EngineMaterials/Substrate/Glints2/dict_0004_0178.uasset" 4725
"../../../Engine/Content/EngineMaterials/Substrate/Glints2/dict_0004_0179.uasset" 4726
"../../../Engine/Content/EngineMaterials/Substrate/Glints2/dict_0004_0180.uasset" 4727
"../../../Engine/Content/EngineMaterials/Substrate/Glints2/dict_0004_0181.uasset" 4728
"../../../Engine/Content/EngineMaterials/Substrate/Glints2/dict_0004_0182.uasset" 4729
"../../../Engine/Content/EngineMaterials/Substrate/Glints2/dict_0004_0183.uasset" 4730
"../../../Engine/Content/EngineMaterials/Substrate/Glints2/dict_0004_0184.uasset" 4731
"../../../Engine/Content/EngineMaterials/Substrate/Glints2/dict_0004_0185.uasset" 4732
"../../../Engine/Content/EngineMaterials/Substrate/Glints2/dict_0004_0186.uasset" 4733
"../../../Engine/Content/EngineMaterials/Substrate/Glints2/dict_0004_0187.uasset" 4734
"../../../Engine/Content/EngineMaterials/Substrate/Glints2/dict_0004_0188.uasset" 4735
"../../../Engine/Content/EngineMaterials/Substrate/Glints2/dict_0004_0189.uasset" 4736
"../../../Engine/Content/EngineMaterials/Substrate/Glints2/dict_0004_0190.uasset" 4737
"../../../Engine/Content/EngineMaterials/Substrate/Glints2/dict_0004_0191.uasset" 4738
"../../../Engine/Content/EngineMaterials/Substrate/Glints2/dict_0004_0192.uasset" 4739
"../../../Engine/Content/EngineMaterials/Substrate/Glints2/dict_0004_0193.uasset" 4740
"../../../Engine/Content/EngineMaterials/Substrate/Glints2/dict_0004_0194.uasset" 4741
"../../../Engine/Content/EngineMaterials/Substrate/Glints2/dict_0004_0195.uasset" 4742
"../../../Engine/Content/EngineMaterials/Substrate/Glints2/dict_0004_0196.uasset" 4743
"../../../Engine/Content/EngineMaterials/Substrate/Glints2/dict_0004_0197.uasset" 4744
"../../../Engine/Content/EngineMaterials/Substrate/Glints2/dict_0004_0198.uasset" 4745
"../../../Engine/Content/EngineMaterials/Substrate/Glints2/dict_0004_0199.uasset" 4746
"../../../Engine/Content/EngineMaterials/Substrate/Glints2/dict_0004_0200.uasset" 4747
"../../../Engine/Content/EngineMaterials/Substrate/Glints2/dict_0004_0201.uasset" 4748
"../../../Engine/Content/EngineMaterials/Substrate/Glints2/dict_0004_0202.uasset" 4749
"../../../Engine/Content/EngineMaterials/Substrate/Glints2/dict_0004_0203.uasset" 4750
"../../../Engine/Content/EngineMaterials/Substrate/Glints2/dict_0004_0204.uasset" 4751
"../../../Engine/Content/EngineMaterials/Substrate/Glints2/dict_0004_0205.uasset" 4752
"../../../Engine/Content/EngineMaterials/Substrate/Glints2/dict_0004_0206.uasset" 4753
"../../../Engine/Content/EngineMaterials/Substrate/Glints2/dict_0004_0207.uasset" 4754
"../../../Engine/Content/EngineMaterials/Substrate/Glints2/dict_0004_0208.uasset" 4755
"../../../Engine/Content/EngineMaterials/Substrate/Glints2/dict_0004_0209.uasset" 4756
"../../../Engine/Content/EngineMaterials/Substrate/Glints2/dict_0004_0210.uasset" 4757
"../../../Engine/Content/EngineMaterials/Substrate/Glints2/dict_0004_0211.uasset" 4758
"../../../Engine/Content/EngineMaterials/Substrate/Glints2/dict_0004_0212.uasset" 4759
"../../../Engine/Content/EngineMaterials/Substrate/Glints2/dict_0004_0213.uasset" 4760
"../../../Engine/Content/EngineMaterials/Substrate/Glints2/dict_0004_0214.uasset" 4761
"../../../Engine/Content/EngineMaterials/Substrate/Glints2/dict_0004_0215.uasset" 4762
"../../../Engine/Content/EngineMaterials/Substrate/Glints2/dict_0004_0216.uasset" 4763
"../../../Engine/Content/EngineMaterials/Substrate/Glints2/dict_0004_0217.uasset" 4764
"../../../Engine/Content/EngineMaterials/Substrate/Glints2/dict_0004_0218.uasset" 4765
"../../../Engine/Content/EngineMaterials/Substrate/Glints2/dict_0004_0219.uasset" 4766
"../../../Engine/Content/EngineMaterials/Substrate/Glints2/dict_0004_0220.uasset" 4767
"../../../Engine/Content/EngineMaterials/Substrate/Glints2/dict_0004_0221.uasset" 4768
"../../../Engine/Content/EngineMaterials/Substrate/Glints2/dict_0004_0222.uasset" 4769
"../../../Engine/Content/EngineMaterials/Substrate/Glints2/dict_0004_0223.uasset" 4770
"../../../Engine/Content/EngineMaterials/Substrate/Glints2/dict_0004_0224.uasset" 4771
"../../../Engine/Content/EngineMaterials/Substrate/Glints2/dict_0004_0225.uasset" 4772
"../../../Engine/Content/EngineMaterials/Substrate/Glints2/dict_0004_0226.uasset" 4773
"../../../Engine/Content/EngineMaterials/Substrate/Glints2/dict_0004_0227.uasset" 4774
"../../../Engine/Content/EngineMaterials/Substrate/Glints2/dict_0004_0228.uasset" 4775
"../../../Engine/Content/EngineMaterials/Substrate/Glints2/dict_0004_0229.uasset" 4776
"../../../Engine/Content/EngineMaterials/Substrate/Glints2/dict_0004_0230.uasset" 4777
"../../../Engine/Content/EngineMaterials/Substrate/Glints2/dict_0004_0231.uasset" 4778
"../../../Engine/Content/EngineMaterials/Substrate/Glints2/dict_0004_0232.uasset" 4779
"../../../Engine/Content/EngineMaterials/Substrate/Glints2/dict_0004_0233.uasset" 4780
"../../../Engine/Content/EngineMaterials/Substrate/Glints2/dict_0004_0234.uasset" 4781
"../../../Engine/Content/EngineMaterials/Substrate/Glints2/dict_0004_0235.uasset" 4782
"../../../Engine/Content/EngineMaterials/Substrate/Glints2/dict_0004_0236.uasset" 4783
"../../../Engine/Content/EngineMaterials/Substrate/Glints2/dict_0004_0237.uasset" 4784
"../../../Engine/Content/EngineMaterials/Substrate/Glints2/dict_0004_0238.uasset" 4785
"../../../Engine/Content/EngineMaterials/Substrate/Glints2/dict_0004_0239.uasset" 4786
"../../../Engine/Content/EngineMaterials/Substrate/Glints2/dict_0004_0240.uasset" 4787
"../../../Engine/Content/EngineMaterials/Substrate/Glints2/dict_0004_0241.uasset" 4788
"../../../Engine/Content/EngineMaterials/Substrate/Glints2/dict_0004_0242.uasset" 4789
"../../../Engine/Content/EngineMaterials/Substrate/Glints2/dict_0004_0243.uasset" 4790
"../../../Engine/Content/EngineMaterials/Substrate/Glints2/dict_0004_0244.uasset" 4791
"../../../Engine/Content/EngineMaterials/Substrate/Glints2/dict_0004_0245.uasset" 4792
"../../../Engine/Content/EngineMaterials/Substrate/Glints2/dict_0004_0246.uasset" 4793
"../../../Engine/Content/EngineMaterials/Substrate/Glints2/dict_0004_0247.uasset" 4794
"../../../Engine/Content/EngineMaterials/Substrate/Glints2/dict_0004_0248.uasset" 4795
"../../../Engine/Content/EngineMaterials/Substrate/Glints2/dict_0004_0249.uasset" 4796
"../../../Engine/Content/EngineMaterials/Substrate/Glints2/dict_0004_0250.uasset" 4797
"../../../Engine/Content/EngineMaterials/Substrate/Glints2/dict_0004_0251.uasset" 4798
"../../../Engine/Content/EngineMaterials/Substrate/Glints2/dict_0004_0252.uasset" 4799
"../../../Engine/Content/EngineMaterials/Substrate/Glints2/dict_0004_0253.uasset" 4800
"../../../Engine/Content/EngineMaterials/Substrate/Glints2/dict_0004_0254.uasset" 4801
"../../../Engine/Content/EngineMaterials/Substrate/Glints2/dict_0004_0255.uasset" 4802
"../../../Engine/Content/EngineMaterials/Substrate/Glints2/dict_0005_0000.uasset" 4803
"../../../Engine/Content/EngineMaterials/Substrate/Glints2/dict_0005_0001.uasset" 4804
"../../../Engine/Content/EngineMaterials/Substrate/Glints2/dict_0005_0002.uasset" 4805
"../../../Engine/Content/EngineMaterials/Substrate/Glints2/dict_0005_0003.uasset" 4806
"../../../Engine/Content/EngineMaterials/Substrate/Glints2/dict_0005_0004.uasset" 4807
"../../../Engine/Content/EngineMaterials/Substrate/Glints2/dict_0005_0005.uasset" 4808
"../../../Engine/Content/EngineMaterials/Substrate/Glints2/dict_0005_0006.uasset" 4809
"../../../Engine/Content/EngineMaterials/Substrate/Glints2/dict_0005_0007.uasset" 4810
"../../../Engine/Content/EngineMaterials/Substrate/Glints2/dict_0005_0008.uasset" 4811
"../../../Engine/Content/EngineMaterials/Substrate/Glints2/dict_0005_0009.uasset" 4812
"../../../Engine/Content/EngineMaterials/Substrate/Glints2/dict_0005_0010.uasset" 4813
"../../../Engine/Content/EngineMaterials/Substrate/Glints2/dict_0005_0011.uasset" 4814
"../../../Engine/Content/EngineMaterials/Substrate/Glints2/dict_0005_0012.uasset" 4815
"../../../Engine/Content/EngineMaterials/Substrate/Glints2/dict_0005_0013.uasset" 4816
"../../../Engine/Content/EngineMaterials/Substrate/Glints2/dict_0005_0014.uasset" 4817
"../../../Engine/Content/EngineMaterials/Substrate/Glints2/dict_0005_0015.uasset" 4818
"../../../Engine/Content/EngineMaterials/Substrate/Glints2/dict_0005_0016.uasset" 4819
"../../../Engine/Content/EngineMaterials/Substrate/Glints2/dict_0005_0017.uasset" 4820
"../../../Engine/Content/EngineMaterials/Substrate/Glints2/dict_0005_0018.uasset" 4821
"../../../Engine/Content/EngineMaterials/Substrate/Glints2/dict_0005_0019.uasset" 4822
"../../../Engine/Content/EngineMaterials/Substrate/Glints2/dict_0005_0020.uasset" 4823
"../../../Engine/Content/EngineMaterials/Substrate/Glints2/dict_0005_0021.uasset" 4824
"../../../Engine/Content/EngineMaterials/Substrate/Glints2/dict_0005_0022.uasset" 4825
"../../../Engine/Content/EngineMaterials/Substrate/Glints2/dict_0005_0023.uasset" 4826
"../../../Engine/Content/EngineMaterials/Substrate/Glints2/dict_0005_0024.uasset" 4827
"../../../Engine/Content/EngineMaterials/Substrate/Glints2/dict_0005_0025.uasset" 4828
"../../../Engine/Content/EngineMaterials/Substrate/Glints2/dict_0005_0026.uasset" 4829
"../../../Engine/Content/EngineMaterials/Substrate/Glints2/dict_0005_0027.uasset" 4830
"../../../Engine/Content/EngineMaterials/Substrate/Glints2/dict_0005_0028.uasset" 4831
"../../../Engine/Content/EngineMaterials/Substrate/Glints2/dict_0005_0029.uasset" 4832
"../../../Engine/Content/EngineMaterials/Substrate/Glints2/dict_0005_0030.uasset" 4833
"../../../Engine/Content/EngineMaterials/Substrate/Glints2/dict_0005_0031.uasset" 4834
"../../../Engine/Content/EngineMaterials/Substrate/Glints2/dict_0005_0032.uasset" 4835
"../../../Engine/Content/EngineMaterials/Substrate/Glints2/dict_0005_0033.uasset" 4836
"../../../Engine/Content/EngineMaterials/Substrate/Glints2/dict_0005_0034.uasset" 4837
"../../../Engine/Content/EngineMaterials/Substrate/Glints2/dict_0005_0035.uasset" 4838
"../../../Engine/Content/EngineMaterials/Substrate/Glints2/dict_0005_0036.uasset" 4839
"../../../Engine/Content/EngineMaterials/Substrate/Glints2/dict_0005_0037.uasset" 4840
"../../../Engine/Content/EngineMaterials/Substrate/Glints2/dict_0005_0038.uasset" 4841
"../../../Engine/Content/EngineMaterials/Substrate/Glints2/dict_0005_0039.uasset" 4842
"../../../Engine/Content/EngineMaterials/Substrate/Glints2/dict_0005_0040.uasset" 4843
"../../../Engine/Content/EngineMaterials/Substrate/Glints2/dict_0005_0041.uasset" 4844
"../../../Engine/Content/EngineMaterials/Substrate/Glints2/dict_0005_0042.uasset" 4845
"../../../Engine/Content/EngineMaterials/Substrate/Glints2/dict_0005_0043.uasset" 4846
"../../../Engine/Content/EngineMaterials/Substrate/Glints2/dict_0005_0044.uasset" 4847
"../../../Engine/Content/EngineMaterials/Substrate/Glints2/dict_0005_0045.uasset" 4848
"../../../Engine/Content/EngineMaterials/Substrate/Glints2/dict_0005_0046.uasset" 4849
"../../../Engine/Content/EngineMaterials/Substrate/Glints2/dict_0005_0047.uasset" 4850
"../../../Engine/Content/EngineMaterials/Substrate/Glints2/dict_0005_0048.uasset" 4851
"../../../Engine/Content/EngineMaterials/Substrate/Glints2/dict_0005_0049.uasset" 4852
"../../../Engine/Content/EngineMaterials/Substrate/Glints2/dict_0005_0050.uasset" 4853
"../../../Engine/Content/EngineMaterials/Substrate/Glints2/dict_0005_0051.uasset" 4854
"../../../Engine/Content/EngineMaterials/Substrate/Glints2/dict_0005_0052.uasset" 4855
"../../../Engine/Content/EngineMaterials/Substrate/Glints2/dict_0005_0053.uasset" 4856
"../../../Engine/Content/EngineMaterials/Substrate/Glints2/dict_0005_0054.uasset" 4857
"../../../Engine/Content/EngineMaterials/Substrate/Glints2/dict_0005_0055.uasset" 4858
"../../../Engine/Content/EngineMaterials/Substrate/Glints2/dict_0005_0056.uasset" 4859
"../../../Engine/Content/EngineMaterials/Substrate/Glints2/dict_0005_0057.uasset" 4860
"../../../Engine/Content/EngineMaterials/Substrate/Glints2/dict_0005_0058.uasset" 4861
"../../../Engine/Content/EngineMaterials/Substrate/Glints2/dict_0005_0059.uasset" 4862
"../../../Engine/Content/EngineMaterials/Substrate/Glints2/dict_0005_0060.uasset" 4863
"../../../Engine/Content/EngineMaterials/Substrate/Glints2/dict_0005_0061.uasset" 4864
"../../../Engine/Content/EngineMaterials/Substrate/Glints2/dict_0005_0062.uasset" 4865
"../../../Engine/Content/EngineMaterials/Substrate/Glints2/dict_0005_0063.uasset" 4866
"../../../Engine/Content/EngineMaterials/Substrate/Glints2/dict_0005_0064.uasset" 4867
"../../../Engine/Content/EngineMaterials/Substrate/Glints2/dict_0005_0065.uasset" 4868
"../../../Engine/Content/EngineMaterials/Substrate/Glints2/dict_0005_0066.uasset" 4869
"../../../Engine/Content/EngineMaterials/Substrate/Glints2/dict_0005_0067.uasset" 4870
"../../../Engine/Content/EngineMaterials/Substrate/Glints2/dict_0005_0068.uasset" 4871
"../../../Engine/Content/EngineMaterials/Substrate/Glints2/dict_0005_0069.uasset" 4872
"../../../Engine/Content/EngineMaterials/Substrate/Glints2/dict_0005_0070.uasset" 4873
"../../../Engine/Content/EngineMaterials/Substrate/Glints2/dict_0005_0071.uasset" 4874
"../../../Engine/Content/EngineMaterials/Substrate/Glints2/dict_0005_0072.uasset" 4875
"../../../Engine/Content/EngineMaterials/Substrate/Glints2/dict_0005_0073.uasset" 4876
"../../../Engine/Content/EngineMaterials/Substrate/Glints2/dict_0005_0074.uasset" 4877
"../../../Engine/Content/EngineMaterials/Substrate/Glints2/dict_0005_0075.uasset" 4878
"../../../Engine/Content/EngineMaterials/Substrate/Glints2/dict_0005_0076.uasset" 4879
"../../../Engine/Content/EngineMaterials/Substrate/Glints2/dict_0005_0077.uasset" 4880
"../../../Engine/Content/EngineMaterials/Substrate/Glints2/dict_0005_0078.uasset" 4881
"../../../Engine/Content/EngineMaterials/Substrate/Glints2/dict_0005_0079.uasset" 4882
"../../../Engine/Content/EngineMaterials/Substrate/Glints2/dict_0005_0080.uasset" 4883
"../../../Engine/Content/EngineMaterials/Substrate/Glints2/dict_0005_0081.uasset" 4884
"../../../Engine/Content/EngineMaterials/Substrate/Glints2/dict_0005_0082.uasset" 4885
"../../../Engine/Content/EngineMaterials/Substrate/Glints2/dict_0005_0083.uasset" 4886
"../../../Engine/Content/EngineMaterials/Substrate/Glints2/dict_0005_0084.uasset" 4887
"../../../Engine/Content/EngineMaterials/Substrate/Glints2/dict_0005_0085.uasset" 4888
"../../../Engine/Content/EngineMaterials/Substrate/Glints2/dict_0005_0086.uasset" 4889
"../../../Engine/Content/EngineMaterials/Substrate/Glints2/dict_0005_0087.uasset" 4890
"../../../Engine/Content/EngineMaterials/Substrate/Glints2/dict_0005_0088.uasset" 4891
"../../../Engine/Content/EngineMaterials/Substrate/Glints2/dict_0005_0089.uasset" 4892
"../../../Engine/Content/EngineMaterials/Substrate/Glints2/dict_0005_0090.uasset" 4893
"../../../Engine/Content/EngineMaterials/Substrate/Glints2/dict_0005_0091.uasset" 4894
"../../../Engine/Content/EngineMaterials/Substrate/Glints2/dict_0005_0092.uasset" 4895
"../../../Engine/Content/EngineMaterials/Substrate/Glints2/dict_0005_0093.uasset" 4896
"../../../Engine/Content/EngineMaterials/Substrate/Glints2/dict_0005_0094.uasset" 4897
"../../../Engine/Content/EngineMaterials/Substrate/Glints2/dict_0005_0095.uasset" 4898
"../../../Engine/Content/EngineMaterials/Substrate/Glints2/dict_0005_0096.uasset" 4899
"../../../Engine/Content/EngineMaterials/Substrate/Glints2/dict_0005_0097.uasset" 4900
"../../../Engine/Content/EngineMaterials/Substrate/Glints2/dict_0005_0098.uasset" 4901
"../../../Engine/Content/EngineMaterials/Substrate/Glints2/dict_0005_0099.uasset" 4902
"../../../Engine/Content/EngineMaterials/Substrate/Glints2/dict_0005_0100.uasset" 4903
"../../../Engine/Content/EngineMaterials/Substrate/Glints2/dict_0005_0101.uasset" 4904
"../../../Engine/Content/EngineMaterials/Substrate/Glints2/dict_0005_0102.uasset" 4905
"../../../Engine/Content/EngineMaterials/Substrate/Glints2/dict_0005_0103.uasset" 4906
"../../../Engine/Content/EngineMaterials/Substrate/Glints2/dict_0005_0104.uasset" 4907
"../../../Engine/Content/EngineMaterials/Substrate/Glints2/dict_0005_0105.uasset" 4908
"../../../Engine/Content/EngineMaterials/Substrate/Glints2/dict_0005_0106.uasset" 4909
"../../../Engine/Content/EngineMaterials/Substrate/Glints2/dict_0005_0107.uasset" 4910
"../../../Engine/Content/EngineMaterials/Substrate/Glints2/dict_0005_0108.uasset" 4911
"../../../Engine/Content/EngineMaterials/Substrate/Glints2/dict_0005_0109.uasset" 4912
"../../../Engine/Content/EngineMaterials/Substrate/Glints2/dict_0005_0110.uasset" 4913
"../../../Engine/Content/EngineMaterials/Substrate/Glints2/dict_0005_0111.uasset" 4914
"../../../Engine/Content/EngineMaterials/Substrate/Glints2/dict_0005_0112.uasset" 4915
"../../../Engine/Content/EngineMaterials/Substrate/Glints2/dict_0005_0113.uasset" 4916
"../../../Engine/Content/EngineMaterials/Substrate/Glints2/dict_0005_0114.uasset" 4917
"../../../Engine/Content/EngineMaterials/Substrate/Glints2/dict_0005_0115.uasset" 4918
"../../../Engine/Content/EngineMaterials/Substrate/Glints2/dict_0005_0116.uasset" 4919
"../../../Engine/Content/EngineMaterials/Substrate/Glints2/dict_0005_0117.uasset" 4920
"../../../Engine/Content/EngineMaterials/Substrate/Glints2/dict_0005_0118.uasset" 4921
"../../../Engine/Content/EngineMaterials/Substrate/Glints2/dict_0005_0119.uasset" 4922
"../../../Engine/Content/EngineMaterials/Substrate/Glints2/dict_0005_0120.uasset" 4923
"../../../Engine/Content/EngineMaterials/Substrate/Glints2/dict_0005_0121.uasset" 4924
"../../../Engine/Content/EngineMaterials/Substrate/Glints2/dict_0005_0122.uasset" 4925
"../../../Engine/Content/EngineMaterials/Substrate/Glints2/dict_0005_0123.uasset" 4926
"../../../Engine/Content/EngineMaterials/Substrate/Glints2/dict_0005_0124.uasset" 4927
"../../../Engine/Content/EngineMaterials/Substrate/Glints2/dict_0005_0125.uasset" 4928
"../../../Engine/Content/EngineMaterials/Substrate/Glints2/dict_0005_0126.uasset" 4929
"../../../Engine/Content/EngineMaterials/Substrate/Glints2/dict_0005_0127.uasset" 4930
"../../../Engine/Content/EngineMaterials/Substrate/Glints2/dict_0005_0128.uasset" 4931
"../../../Engine/Content/EngineMaterials/Substrate/Glints2/dict_0005_0129.uasset" 4932
"../../../Engine/Content/EngineMaterials/Substrate/Glints2/dict_0005_0130.uasset" 4933
"../../../Engine/Content/EngineMaterials/Substrate/Glints2/dict_0005_0131.uasset" 4934
"../../../Engine/Content/EngineMaterials/Substrate/Glints2/dict_0005_0132.uasset" 4935
"../../../Engine/Content/EngineMaterials/Substrate/Glints2/dict_0005_0133.uasset" 4936
"../../../Engine/Content/EngineMaterials/Substrate/Glints2/dict_0005_0134.uasset" 4937
"../../../Engine/Content/EngineMaterials/Substrate/Glints2/dict_0005_0135.uasset" 4938
"../../../Engine/Content/EngineMaterials/Substrate/Glints2/dict_0005_0136.uasset" 4939
"../../../Engine/Content/EngineMaterials/Substrate/Glints2/dict_0005_0137.uasset" 4940
"../../../Engine/Content/EngineMaterials/Substrate/Glints2/dict_0005_0138.uasset" 4941
"../../../Engine/Content/EngineMaterials/Substrate/Glints2/dict_0005_0139.uasset" 4942
"../../../Engine/Content/EngineMaterials/Substrate/Glints2/dict_0005_0140.uasset" 4943
"../../../Engine/Content/EngineMaterials/Substrate/Glints2/dict_0005_0141.uasset" 4944
"../../../Engine/Content/EngineMaterials/Substrate/Glints2/dict_0005_0142.uasset" 4945
"../../../Engine/Content/EngineMaterials/Substrate/Glints2/dict_0005_0143.uasset" 4946
"../../../Engine/Content/EngineMaterials/Substrate/Glints2/dict_0005_0144.uasset" 4947
"../../../Engine/Content/EngineMaterials/Substrate/Glints2/dict_0005_0145.uasset" 4948
"../../../Engine/Content/EngineMaterials/Substrate/Glints2/dict_0005_0146.uasset" 4949
"../../../Engine/Content/EngineMaterials/Substrate/Glints2/dict_0005_0147.uasset" 4950
"../../../Engine/Content/EngineMaterials/Substrate/Glints2/dict_0005_0148.uasset" 4951
"../../../Engine/Content/EngineMaterials/Substrate/Glints2/dict_0005_0149.uasset" 4952
"../../../Engine/Content/EngineMaterials/Substrate/Glints2/dict_0005_0150.uasset" 4953
"../../../Engine/Content/EngineMaterials/Substrate/Glints2/dict_0005_0151.uasset" 4954
"../../../Engine/Content/EngineMaterials/Substrate/Glints2/dict_0005_0152.uasset" 4955
"../../../Engine/Content/EngineMaterials/Substrate/Glints2/dict_0005_0153.uasset" 4956
"../../../Engine/Content/EngineMaterials/Substrate/Glints2/dict_0005_0154.uasset" 4957
"../../../Engine/Content/EngineMaterials/Substrate/Glints2/dict_0005_0155.uasset" 4958
"../../../Engine/Content/EngineMaterials/Substrate/Glints2/dict_0005_0156.uasset" 4959
"../../../Engine/Content/EngineMaterials/Substrate/Glints2/dict_0005_0157.uasset" 4960
"../../../Engine/Content/EngineMaterials/Substrate/Glints2/dict_0005_0158.uasset" 4961
"../../../Engine/Content/EngineMaterials/Substrate/Glints2/dict_0005_0159.uasset" 4962
"../../../Engine/Content/EngineMaterials/Substrate/Glints2/dict_0005_0160.uasset" 4963
"../../../Engine/Content/EngineMaterials/Substrate/Glints2/dict_0005_0161.uasset" 4964
"../../../Engine/Content/EngineMaterials/Substrate/Glints2/dict_0005_0162.uasset" 4965
"../../../Engine/Content/EngineMaterials/Substrate/Glints2/dict_0005_0163.uasset" 4966
"../../../Engine/Content/EngineMaterials/Substrate/Glints2/dict_0005_0164.uasset" 4967
"../../../Engine/Content/EngineMaterials/Substrate/Glints2/dict_0005_0165.uasset" 4968
"../../../Engine/Content/EngineMaterials/Substrate/Glints2/dict_0005_0166.uasset" 4969
"../../../Engine/Content/EngineMaterials/Substrate/Glints2/dict_0005_0167.uasset" 4970
"../../../Engine/Content/EngineMaterials/Substrate/Glints2/dict_0005_0168.uasset" 4971
"../../../Engine/Content/EngineMaterials/Substrate/Glints2/dict_0005_0169.uasset" 4972
"../../../Engine/Content/EngineMaterials/Substrate/Glints2/dict_0005_0170.uasset" 4973
"../../../Engine/Content/EngineMaterials/Substrate/Glints2/dict_0005_0171.uasset" 4974
"../../../Engine/Content/EngineMaterials/Substrate/Glints2/dict_0005_0172.uasset" 4975
"../../../Engine/Content/EngineMaterials/Substrate/Glints2/dict_0005_0173.uasset" 4976
"../../../Engine/Content/EngineMaterials/Substrate/Glints2/dict_0005_0174.uasset" 4977
"../../../Engine/Content/EngineMaterials/Substrate/Glints2/dict_0005_0175.uasset" 4978
"../../../Engine/Content/EngineMaterials/Substrate/Glints2/dict_0005_0176.uasset" 4979
"../../../Engine/Content/EngineMaterials/Substrate/Glints2/dict_0005_0177.uasset" 4980
"../../../Engine/Content/EngineMaterials/Substrate/Glints2/dict_0005_0178.uasset" 4981
"../../../Engine/Content/EngineMaterials/Substrate/Glints2/dict_0005_0179.uasset" 4982
"../../../Engine/Content/EngineMaterials/Substrate/Glints2/dict_0005_0180.uasset" 4983
"../../../Engine/Content/EngineMaterials/Substrate/Glints2/dict_0005_0181.uasset" 4984
"../../../Engine/Content/EngineMaterials/Substrate/Glints2/dict_0005_0182.uasset" 4985
"../../../Engine/Content/EngineMaterials/Substrate/Glints2/dict_0005_0183.uasset" 4986
"../../../Engine/Content/EngineMaterials/Substrate/Glints2/dict_0005_0184.uasset" 4987
"../../../Engine/Content/EngineMaterials/Substrate/Glints2/dict_0005_0185.uasset" 4988
"../../../Engine/Content/EngineMaterials/Substrate/Glints2/dict_0005_0186.uasset" 4989
"../../../Engine/Content/EngineMaterials/Substrate/Glints2/dict_0005_0187.uasset" 4990
"../../../Engine/Content/EngineMaterials/Substrate/Glints2/dict_0005_0188.uasset" 4991
"../../../Engine/Content/EngineMaterials/Substrate/Glints2/dict_0005_0189.uasset" 4992
"../../../Engine/Content/EngineMaterials/Substrate/Glints2/dict_0005_0190.uasset" 4993
"../../../Engine/Content/EngineMaterials/Substrate/Glints2/dict_0005_0191.uasset" 4994
"../../../Engine/Content/EngineMaterials/Substrate/Glints2/dict_0005_0192.uasset" 4995
"../../../Engine/Content/EngineMaterials/Substrate/Glints2/dict_0005_0193.uasset" 4996
"../../../Engine/Content/EngineMaterials/Substrate/Glints2/dict_0005_0194.uasset" 4997
"../../../Engine/Content/EngineMaterials/Substrate/Glints2/dict_0005_0195.uasset" 4998
"../../../Engine/Content/EngineMaterials/Substrate/Glints2/dict_0005_0196.uasset" 4999
"../../../Engine/Content/EngineMaterials/Substrate/Glints2/dict_0005_0197.uasset" 5000
"../../../Engine/Content/EngineMaterials/Substrate/Glints2/dict_0005_0198.uasset" 5001
"../../../Engine/Content/EngineMaterials/Substrate/Glints2/dict_0005_0199.uasset" 5002
"../../../Engine/Content/EngineMaterials/Substrate/Glints2/dict_0005_0200.uasset" 5003
"../../../Engine/Content/EngineMaterials/Substrate/Glints2/dict_0005_0201.uasset" 5004
"../../../Engine/Content/EngineMaterials/Substrate/Glints2/dict_0005_0202.uasset" 5005
"../../../Engine/Content/EngineMaterials/Substrate/Glints2/dict_0005_0203.uasset" 5006
"../../../Engine/Content/EngineMaterials/Substrate/Glints2/dict_0005_0204.uasset" 5007
"../../../Engine/Content/EngineMaterials/Substrate/Glints2/dict_0005_0205.uasset" 5008
"../../../Engine/Content/EngineMaterials/Substrate/Glints2/dict_0005_0206.uasset" 5009
"../../../Engine/Content/EngineMaterials/Substrate/Glints2/dict_0005_0207.uasset" 5010
"../../../Engine/Content/EngineMaterials/Substrate/Glints2/dict_0005_0208.uasset" 5011
"../../../Engine/Content/EngineMaterials/Substrate/Glints2/dict_0005_0209.uasset" 5012
"../../../Engine/Content/EngineMaterials/Substrate/Glints2/dict_0005_0210.uasset" 5013
"../../../Engine/Content/EngineMaterials/Substrate/Glints2/dict_0005_0211.uasset" 5014
"../../../Engine/Content/EngineMaterials/Substrate/Glints2/dict_0005_0212.uasset" 5015
"../../../Engine/Content/EngineMaterials/Substrate/Glints2/dict_0005_0213.uasset" 5016
"../../../Engine/Content/EngineMaterials/Substrate/Glints2/dict_0005_0214.uasset" 5017
"../../../Engine/Content/EngineMaterials/Substrate/Glints2/dict_0005_0215.uasset" 5018
"../../../Engine/Content/EngineMaterials/Substrate/Glints2/dict_0005_0216.uasset" 5019
"../../../Engine/Content/EngineMaterials/Substrate/Glints2/dict_0005_0217.uasset" 5020
"../../../Engine/Content/EngineMaterials/Substrate/Glints2/dict_0005_0218.uasset" 5021
"../../../Engine/Content/EngineMaterials/Substrate/Glints2/dict_0005_0219.uasset" 5022
"../../../Engine/Content/EngineMaterials/Substrate/Glints2/dict_0005_0220.uasset" 5023
"../../../Engine/Content/EngineMaterials/Substrate/Glints2/dict_0005_0221.uasset" 5024
"../../../Engine/Content/EngineMaterials/Substrate/Glints2/dict_0005_0222.uasset" 5025
"../../../Engine/Content/EngineMaterials/Substrate/Glints2/dict_0005_0223.uasset" 5026
"../../../Engine/Content/EngineMaterials/Substrate/Glints2/dict_0005_0224.uasset" 5027
"../../../Engine/Content/EngineMaterials/Substrate/Glints2/dict_0005_0225.uasset" 5028
"../../../Engine/Content/EngineMaterials/Substrate/Glints2/dict_0005_0226.uasset" 5029
"../../../Engine/Content/EngineMaterials/Substrate/Glints2/dict_0005_0227.uasset" 5030
"../../../Engine/Content/EngineMaterials/Substrate/Glints2/dict_0005_0228.uasset" 5031
"../../../Engine/Content/EngineMaterials/Substrate/Glints2/dict_0005_0229.uasset" 5032
"../../../Engine/Content/EngineMaterials/Substrate/Glints2/dict_0005_0230.uasset" 5033
"../../../Engine/Content/EngineMaterials/Substrate/Glints2/dict_0005_0231.uasset" 5034
"../../../Engine/Content/EngineMaterials/Substrate/Glints2/dict_0005_0232.uasset" 5035
"../../../Engine/Content/EngineMaterials/Substrate/Glints2/dict_0005_0233.uasset" 5036
"../../../Engine/Content/EngineMaterials/Substrate/Glints2/dict_0005_0234.uasset" 5037
"../../../Engine/Content/EngineMaterials/Substrate/Glints2/dict_0005_0235.uasset" 5038
"../../../Engine/Content/EngineMaterials/Substrate/Glints2/dict_0005_0236.uasset" 5039
"../../../Engine/Content/EngineMaterials/Substrate/Glints2/dict_0005_0237.uasset" 5040
"../../../Engine/Content/EngineMaterials/Substrate/Glints2/dict_0005_0238.uasset" 5041
"../../../Engine/Content/EngineMaterials/Substrate/Glints2/dict_0005_0239.uasset" 5042
"../../../Engine/Content/EngineMaterials/Substrate/Glints2/dict_0005_0240.uasset" 5043
"../../../Engine/Content/EngineMaterials/Substrate/Glints2/dict_0005_0241.uasset" 5044
"../../../Engine/Content/EngineMaterials/Substrate/Glints2/dict_0005_0242.uasset" 5045
"../../../Engine/Content/EngineMaterials/Substrate/Glints2/dict_0005_0243.uasset" 5046
"../../../Engine/Content/EngineMaterials/Substrate/Glints2/dict_0005_0244.uasset" 5047
"../../../Engine/Content/EngineMaterials/Substrate/Glints2/dict_0005_0245.uasset" 5048
"../../../Engine/Content/EngineMaterials/Substrate/Glints2/dict_0005_0246.uasset" 5049
"../../../Engine/Content/EngineMaterials/Substrate/Glints2/dict_0005_0247.uasset" 5050
"../../../Engine/Content/EngineMaterials/Substrate/Glints2/dict_0005_0248.uasset" 5051
"../../../Engine/Content/EngineMaterials/Substrate/Glints2/dict_0005_0249.uasset" 5052
"../../../Engine/Content/EngineMaterials/Substrate/Glints2/dict_0005_0250.uasset" 5053
"../../../Engine/Content/EngineMaterials/Substrate/Glints2/dict_0005_0251.uasset" 5054
"../../../Engine/Content/EngineMaterials/Substrate/Glints2/dict_0005_0252.uasset" 5055
"../../../Engine/Content/EngineMaterials/Substrate/Glints2/dict_0005_0253.uasset" 5056
"../../../Engine/Content/EngineMaterials/Substrate/Glints2/dict_0005_0254.uasset" 5057
"../../../Engine/Content/EngineMaterials/Substrate/Glints2/dict_0005_0255.uasset" 5058
"../../../Engine/Content/EngineMaterials/Substrate/Glints2/dict_0006_0000.uasset" 5059
"../../../Engine/Content/EngineMaterials/Substrate/Glints2/dict_0006_0001.uasset" 5060
"../../../Engine/Content/EngineMaterials/Substrate/Glints2/dict_0006_0002.uasset" 5061
"../../../Engine/Content/EngineMaterials/Substrate/Glints2/dict_0006_0003.uasset" 5062
"../../../Engine/Content/EngineMaterials/Substrate/Glints2/dict_0006_0004.uasset" 5063
"../../../Engine/Content/EngineMaterials/Substrate/Glints2/dict_0006_0005.uasset" 5064
"../../../Engine/Content/EngineMaterials/Substrate/Glints2/dict_0006_0006.uasset" 5065
"../../../Engine/Content/EngineMaterials/Substrate/Glints2/dict_0006_0007.uasset" 5066
"../../../Engine/Content/EngineMaterials/Substrate/Glints2/dict_0006_0008.uasset" 5067
"../../../Engine/Content/EngineMaterials/Substrate/Glints2/dict_0006_0009.uasset" 5068
"../../../Engine/Content/EngineMaterials/Substrate/Glints2/dict_0006_0010.uasset" 5069
"../../../Engine/Content/EngineMaterials/Substrate/Glints2/dict_0006_0011.uasset" 5070
"../../../Engine/Content/EngineMaterials/Substrate/Glints2/dict_0006_0012.uasset" 5071
"../../../Engine/Content/EngineMaterials/Substrate/Glints2/dict_0006_0013.uasset" 5072
"../../../Engine/Content/EngineMaterials/Substrate/Glints2/dict_0006_0014.uasset" 5073
"../../../Engine/Content/EngineMaterials/Substrate/Glints2/dict_0006_0015.uasset" 5074
"../../../Engine/Content/EngineMaterials/Substrate/Glints2/dict_0006_0016.uasset" 5075
"../../../Engine/Content/EngineMaterials/Substrate/Glints2/dict_0006_0017.uasset" 5076
"../../../Engine/Content/EngineMaterials/Substrate/Glints2/dict_0006_0018.uasset" 5077
"../../../Engine/Content/EngineMaterials/Substrate/Glints2/dict_0006_0019.uasset" 5078
"../../../Engine/Content/EngineMaterials/Substrate/Glints2/dict_0006_0020.uasset" 5079
"../../../Engine/Content/EngineMaterials/Substrate/Glints2/dict_0006_0021.uasset" 5080
"../../../Engine/Content/EngineMaterials/Substrate/Glints2/dict_0006_0022.uasset" 5081
"../../../Engine/Content/EngineMaterials/Substrate/Glints2/dict_0006_0023.uasset" 5082
"../../../Engine/Content/EngineMaterials/Substrate/Glints2/dict_0006_0024.uasset" 5083
"../../../Engine/Content/EngineMaterials/Substrate/Glints2/dict_0006_0025.uasset" 5084
"../../../Engine/Content/EngineMaterials/Substrate/Glints2/dict_0006_0026.uasset" 5085
"../../../Engine/Content/EngineMaterials/Substrate/Glints2/dict_0006_0027.uasset" 5086
"../../../Engine/Content/EngineMaterials/Substrate/Glints2/dict_0006_0028.uasset" 5087
"../../../Engine/Content/EngineMaterials/Substrate/Glints2/dict_0006_0029.uasset" 5088
"../../../Engine/Content/EngineMaterials/Substrate/Glints2/dict_0006_0030.uasset" 5089
"../../../Engine/Content/EngineMaterials/Substrate/Glints2/dict_0006_0031.uasset" 5090
"../../../Engine/Content/EngineMaterials/Substrate/Glints2/dict_0006_0032.uasset" 5091
"../../../Engine/Content/EngineMaterials/Substrate/Glints2/dict_0006_0033.uasset" 5092
"../../../Engine/Content/EngineMaterials/Substrate/Glints2/dict_0006_0034.uasset" 5093
"../../../Engine/Content/EngineMaterials/Substrate/Glints2/dict_0006_0035.uasset" 5094
"../../../Engine/Content/EngineMaterials/Substrate/Glints2/dict_0006_0036.uasset" 5095
"../../../Engine/Content/EngineMaterials/Substrate/Glints2/dict_0006_0037.uasset" 5096
"../../../Engine/Content/EngineMaterials/Substrate/Glints2/dict_0006_0038.uasset" 5097
"../../../Engine/Content/EngineMaterials/Substrate/Glints2/dict_0006_0039.uasset" 5098
"../../../Engine/Content/EngineMaterials/Substrate/Glints2/dict_0006_0040.uasset" 5099
"../../../Engine/Content/EngineMaterials/Substrate/Glints2/dict_0006_0041.uasset" 5100
"../../../Engine/Content/EngineMaterials/Substrate/Glints2/dict_0006_0042.uasset" 5101
"../../../Engine/Content/EngineMaterials/Substrate/Glints2/dict_0006_0043.uasset" 5102
"../../../Engine/Content/EngineMaterials/Substrate/Glints2/dict_0006_0044.uasset" 5103
"../../../Engine/Content/EngineMaterials/Substrate/Glints2/dict_0006_0045.uasset" 5104
"../../../Engine/Content/EngineMaterials/Substrate/Glints2/dict_0006_0046.uasset" 5105
"../../../Engine/Content/EngineMaterials/Substrate/Glints2/dict_0006_0047.uasset" 5106
"../../../Engine/Content/EngineMaterials/Substrate/Glints2/dict_0006_0048.uasset" 5107
"../../../Engine/Content/EngineMaterials/Substrate/Glints2/dict_0006_0049.uasset" 5108
"../../../Engine/Content/EngineMaterials/Substrate/Glints2/dict_0006_0050.uasset" 5109
"../../../Engine/Content/EngineMaterials/Substrate/Glints2/dict_0006_0051.uasset" 5110
"../../../Engine/Content/EngineMaterials/Substrate/Glints2/dict_0006_0052.uasset" 5111
"../../../Engine/Content/EngineMaterials/Substrate/Glints2/dict_0006_0053.uasset" 5112
"../../../Engine/Content/EngineMaterials/Substrate/Glints2/dict_0006_0054.uasset" 5113
"../../../Engine/Content/EngineMaterials/Substrate/Glints2/dict_0006_0055.uasset" 5114
"../../../Engine/Content/EngineMaterials/Substrate/Glints2/dict_0006_0056.uasset" 5115
"../../../Engine/Content/EngineMaterials/Substrate/Glints2/dict_0006_0057.uasset" 5116
"../../../Engine/Content/EngineMaterials/Substrate/Glints2/dict_0006_0058.uasset" 5117
"../../../Engine/Content/EngineMaterials/Substrate/Glints2/dict_0006_0059.uasset" 5118
"../../../Engine/Content/EngineMaterials/Substrate/Glints2/dict_0006_0060.uasset" 5119
"../../../Engine/Content/EngineMaterials/Substrate/Glints2/dict_0006_0061.uasset" 5120
"../../../Engine/Content/EngineMaterials/Substrate/Glints2/dict_0006_0062.uasset" 5121
"../../../Engine/Content/EngineMaterials/Substrate/Glints2/dict_0006_0063.uasset" 5122
"../../../Engine/Content/EngineMaterials/Substrate/Glints2/dict_0006_0064.uasset" 5123
"../../../Engine/Content/EngineMaterials/Substrate/Glints2/dict_0006_0065.uasset" 5124
"../../../Engine/Content/EngineMaterials/Substrate/Glints2/dict_0006_0066.uasset" 5125
"../../../Engine/Content/EngineMaterials/Substrate/Glints2/dict_0006_0067.uasset" 5126
"../../../Engine/Content/EngineMaterials/Substrate/Glints2/dict_0006_0068.uasset" 5127
"../../../Engine/Content/EngineMaterials/Substrate/Glints2/dict_0006_0069.uasset" 5128
"../../../Engine/Content/EngineMaterials/Substrate/Glints2/dict_0006_0070.uasset" 5129
"../../../Engine/Content/EngineMaterials/Substrate/Glints2/dict_0006_0071.uasset" 5130
"../../../Engine/Content/EngineMaterials/Substrate/Glints2/dict_0006_0072.uasset" 5131
"../../../Engine/Content/EngineMaterials/Substrate/Glints2/dict_0006_0073.uasset" 5132
"../../../Engine/Content/EngineMaterials/Substrate/Glints2/dict_0006_0074.uasset" 5133
"../../../Engine/Content/EngineMaterials/Substrate/Glints2/dict_0006_0075.uasset" 5134
"../../../Engine/Content/EngineMaterials/Substrate/Glints2/dict_0006_0076.uasset" 5135
"../../../Engine/Content/EngineMaterials/Substrate/Glints2/dict_0006_0077.uasset" 5136
"../../../Engine/Content/EngineMaterials/Substrate/Glints2/dict_0006_0078.uasset" 5137
"../../../Engine/Content/EngineMaterials/Substrate/Glints2/dict_0006_0079.uasset" 5138
"../../../Engine/Content/EngineMaterials/Substrate/Glints2/dict_0006_0080.uasset" 5139
"../../../Engine/Content/EngineMaterials/Substrate/Glints2/dict_0006_0081.uasset" 5140
"../../../Engine/Content/EngineMaterials/Substrate/Glints2/dict_0006_0082.uasset" 5141
"../../../Engine/Content/EngineMaterials/Substrate/Glints2/dict_0006_0083.uasset" 5142
"../../../Engine/Content/EngineMaterials/Substrate/Glints2/dict_0006_0084.uasset" 5143
"../../../Engine/Content/EngineMaterials/Substrate/Glints2/dict_0006_0085.uasset" 5144
"../../../Engine/Content/EngineMaterials/Substrate/Glints2/dict_0006_0086.uasset" 5145
"../../../Engine/Content/EngineMaterials/Substrate/Glints2/dict_0006_0087.uasset" 5146
"../../../Engine/Content/EngineMaterials/Substrate/Glints2/dict_0006_0088.uasset" 5147
"../../../Engine/Content/EngineMaterials/Substrate/Glints2/dict_0006_0089.uasset" 5148
"../../../Engine/Content/EngineMaterials/Substrate/Glints2/dict_0006_0090.uasset" 5149
"../../../Engine/Content/EngineMaterials/Substrate/Glints2/dict_0006_0091.uasset" 5150
"../../../Engine/Content/EngineMaterials/Substrate/Glints2/dict_0006_0092.uasset" 5151
"../../../Engine/Content/EngineMaterials/Substrate/Glints2/dict_0006_0093.uasset" 5152
"../../../Engine/Content/EngineMaterials/Substrate/Glints2/dict_0006_0094.uasset" 5153
"../../../Engine/Content/EngineMaterials/Substrate/Glints2/dict_0006_0095.uasset" 5154
"../../../Engine/Content/EngineMaterials/Substrate/Glints2/dict_0006_0096.uasset" 5155
"../../../Engine/Content/EngineMaterials/Substrate/Glints2/dict_0006_0097.uasset" 5156
"../../../Engine/Content/EngineMaterials/Substrate/Glints2/dict_0006_0098.uasset" 5157
"../../../Engine/Content/EngineMaterials/Substrate/Glints2/dict_0006_0099.uasset" 5158
"../../../Engine/Content/EngineMaterials/Substrate/Glints2/dict_0006_0100.uasset" 5159
"../../../Engine/Content/EngineMaterials/Substrate/Glints2/dict_0006_0101.uasset" 5160
"../../../Engine/Content/EngineMaterials/Substrate/Glints2/dict_0006_0102.uasset" 5161
"../../../Engine/Content/EngineMaterials/Substrate/Glints2/dict_0006_0103.uasset" 5162
"../../../Engine/Content/EngineMaterials/Substrate/Glints2/dict_0006_0104.uasset" 5163
"../../../Engine/Content/EngineMaterials/Substrate/Glints2/dict_0006_0105.uasset" 5164
"../../../Engine/Content/EngineMaterials/Substrate/Glints2/dict_0006_0106.uasset" 5165
"../../../Engine/Content/EngineMaterials/Substrate/Glints2/dict_0006_0107.uasset" 5166
"../../../Engine/Content/EngineMaterials/Substrate/Glints2/dict_0006_0108.uasset" 5167
"../../../Engine/Content/EngineMaterials/Substrate/Glints2/dict_0006_0109.uasset" 5168
"../../../Engine/Content/EngineMaterials/Substrate/Glints2/dict_0006_0110.uasset" 5169
"../../../Engine/Content/EngineMaterials/Substrate/Glints2/dict_0006_0111.uasset" 5170
"../../../Engine/Content/EngineMaterials/Substrate/Glints2/dict_0006_0112.uasset" 5171
"../../../Engine/Content/EngineMaterials/Substrate/Glints2/dict_0006_0113.uasset" 5172
"../../../Engine/Content/EngineMaterials/Substrate/Glints2/dict_0006_0114.uasset" 5173
"../../../Engine/Content/EngineMaterials/Substrate/Glints2/dict_0006_0115.uasset" 5174
"../../../Engine/Content/EngineMaterials/Substrate/Glints2/dict_0006_0116.uasset" 5175
"../../../Engine/Content/EngineMaterials/Substrate/Glints2/dict_0006_0117.uasset" 5176
"../../../Engine/Content/EngineMaterials/Substrate/Glints2/dict_0006_0118.uasset" 5177
"../../../Engine/Content/EngineMaterials/Substrate/Glints2/dict_0006_0119.uasset" 5178
"../../../Engine/Content/EngineMaterials/Substrate/Glints2/dict_0006_0120.uasset" 5179
"../../../Engine/Content/EngineMaterials/Substrate/Glints2/dict_0006_0121.uasset" 5180
"../../../Engine/Content/EngineMaterials/Substrate/Glints2/dict_0006_0122.uasset" 5181
"../../../Engine/Content/EngineMaterials/Substrate/Glints2/dict_0006_0123.uasset" 5182
"../../../Engine/Content/EngineMaterials/Substrate/Glints2/dict_0006_0124.uasset" 5183
"../../../Engine/Content/EngineMaterials/Substrate/Glints2/dict_0006_0125.uasset" 5184
"../../../Engine/Content/EngineMaterials/Substrate/Glints2/dict_0006_0126.uasset" 5185
"../../../Engine/Content/EngineMaterials/Substrate/Glints2/dict_0006_0127.uasset" 5186
"../../../Engine/Content/EngineMaterials/Substrate/Glints2/dict_0006_0128.uasset" 5187
"../../../Engine/Content/EngineMaterials/Substrate/Glints2/dict_0006_0129.uasset" 5188
"../../../Engine/Content/EngineMaterials/Substrate/Glints2/dict_0006_0130.uasset" 5189
"../../../Engine/Content/EngineMaterials/Substrate/Glints2/dict_0006_0131.uasset" 5190
"../../../Engine/Content/EngineMaterials/Substrate/Glints2/dict_0006_0132.uasset" 5191
"../../../Engine/Content/EngineMaterials/Substrate/Glints2/dict_0006_0133.uasset" 5192
"../../../Engine/Content/EngineMaterials/Substrate/Glints2/dict_0006_0134.uasset" 5193
"../../../Engine/Content/EngineMaterials/Substrate/Glints2/dict_0006_0135.uasset" 5194
"../../../Engine/Content/EngineMaterials/Substrate/Glints2/dict_0006_0136.uasset" 5195
"../../../Engine/Content/EngineMaterials/Substrate/Glints2/dict_0006_0137.uasset" 5196
"../../../Engine/Content/EngineMaterials/Substrate/Glints2/dict_0006_0138.uasset" 5197
"../../../Engine/Content/EngineMaterials/Substrate/Glints2/dict_0006_0139.uasset" 5198
"../../../Engine/Content/EngineMaterials/Substrate/Glints2/dict_0006_0140.uasset" 5199
"../../../Engine/Content/EngineMaterials/Substrate/Glints2/dict_0006_0141.uasset" 5200
"../../../Engine/Content/EngineMaterials/Substrate/Glints2/dict_0006_0142.uasset" 5201
"../../../Engine/Content/EngineMaterials/Substrate/Glints2/dict_0006_0143.uasset" 5202
"../../../Engine/Content/EngineMaterials/Substrate/Glints2/dict_0006_0144.uasset" 5203
"../../../Engine/Content/EngineMaterials/Substrate/Glints2/dict_0006_0145.uasset" 5204
"../../../Engine/Content/EngineMaterials/Substrate/Glints2/dict_0006_0146.uasset" 5205
"../../../Engine/Content/EngineMaterials/Substrate/Glints2/dict_0006_0147.uasset" 5206
"../../../Engine/Content/EngineMaterials/Substrate/Glints2/dict_0006_0148.uasset" 5207
"../../../Engine/Content/EngineMaterials/Substrate/Glints2/dict_0006_0149.uasset" 5208
"../../../Engine/Content/EngineMaterials/Substrate/Glints2/dict_0006_0150.uasset" 5209
"../../../Engine/Content/EngineMaterials/Substrate/Glints2/dict_0006_0151.uasset" 5210
"../../../Engine/Content/EngineMaterials/Substrate/Glints2/dict_0006_0152.uasset" 5211
"../../../Engine/Content/EngineMaterials/Substrate/Glints2/dict_0006_0153.uasset" 5212
"../../../Engine/Content/EngineMaterials/Substrate/Glints2/dict_0006_0154.uasset" 5213
"../../../Engine/Content/EngineMaterials/Substrate/Glints2/dict_0006_0155.uasset" 5214
"../../../Engine/Content/EngineMaterials/Substrate/Glints2/dict_0006_0156.uasset" 5215
"../../../Engine/Content/EngineMaterials/Substrate/Glints2/dict_0006_0157.uasset" 5216
"../../../Engine/Content/EngineMaterials/Substrate/Glints2/dict_0006_0158.uasset" 5217
"../../../Engine/Content/EngineMaterials/Substrate/Glints2/dict_0006_0159.uasset" 5218
"../../../Engine/Content/EngineMaterials/Substrate/Glints2/dict_0006_0160.uasset" 5219
"../../../Engine/Content/EngineMaterials/Substrate/Glints2/dict_0006_0161.uasset" 5220
"../../../Engine/Content/EngineMaterials/Substrate/Glints2/dict_0006_0162.uasset" 5221
"../../../Engine/Content/EngineMaterials/Substrate/Glints2/dict_0006_0163.uasset" 5222
"../../../Engine/Content/EngineMaterials/Substrate/Glints2/dict_0006_0164.uasset" 5223
"../../../Engine/Content/EngineMaterials/Substrate/Glints2/dict_0006_0165.uasset" 5224
"../../../Engine/Content/EngineMaterials/Substrate/Glints2/dict_0006_0166.uasset" 5225
"../../../Engine/Content/EngineMaterials/Substrate/Glints2/dict_0006_0167.uasset" 5226
"../../../Engine/Content/EngineMaterials/Substrate/Glints2/dict_0006_0168.uasset" 5227
"../../../Engine/Content/EngineMaterials/Substrate/Glints2/dict_0006_0169.uasset" 5228
"../../../Engine/Content/EngineMaterials/Substrate/Glints2/dict_0006_0170.uasset" 5229
"../../../Engine/Content/EngineMaterials/Substrate/Glints2/dict_0006_0171.uasset" 5230
"../../../Engine/Content/EngineMaterials/Substrate/Glints2/dict_0006_0172.uasset" 5231
"../../../Engine/Content/EngineMaterials/Substrate/Glints2/dict_0006_0173.uasset" 5232
"../../../Engine/Content/EngineMaterials/Substrate/Glints2/dict_0006_0174.uasset" 5233
"../../../Engine/Content/EngineMaterials/Substrate/Glints2/dict_0006_0175.uasset" 5234
"../../../Engine/Content/EngineMaterials/Substrate/Glints2/dict_0006_0176.uasset" 5235
"../../../Engine/Content/EngineMaterials/Substrate/Glints2/dict_0006_0177.uasset" 5236
"../../../Engine/Content/EngineMaterials/Substrate/Glints2/dict_0006_0178.uasset" 5237
"../../../Engine/Content/EngineMaterials/Substrate/Glints2/dict_0006_0179.uasset" 5238
"../../../Engine/Content/EngineMaterials/Substrate/Glints2/dict_0006_0180.uasset" 5239
"../../../Engine/Content/EngineMaterials/Substrate/Glints2/dict_0006_0181.uasset" 5240
"../../../Engine/Content/EngineMaterials/Substrate/Glints2/dict_0006_0182.uasset" 5241
"../../../Engine/Content/EngineMaterials/Substrate/Glints2/dict_0006_0183.uasset" 5242
"../../../Engine/Content/EngineMaterials/Substrate/Glints2/dict_0006_0184.uasset" 5243
"../../../Engine/Content/EngineMaterials/Substrate/Glints2/dict_0006_0185.uasset" 5244
"../../../Engine/Content/EngineMaterials/Substrate/Glints2/dict_0006_0186.uasset" 5245
"../../../Engine/Content/EngineMaterials/Substrate/Glints2/dict_0006_0187.uasset" 5246
"../../../Engine/Content/EngineMaterials/Substrate/Glints2/dict_0006_0188.uasset" 5247
"../../../Engine/Content/EngineMaterials/Substrate/Glints2/dict_0006_0189.uasset" 5248
"../../../Engine/Content/EngineMaterials/Substrate/Glints2/dict_0006_0190.uasset" 5249
"../../../Engine/Content/EngineMaterials/Substrate/Glints2/dict_0006_0191.uasset" 5250
"../../../Engine/Content/EngineMaterials/Substrate/Glints2/dict_0006_0192.uasset" 5251
"../../../Engine/Content/EngineMaterials/Substrate/Glints2/dict_0006_0193.uasset" 5252
"../../../Engine/Content/EngineMaterials/Substrate/Glints2/dict_0006_0194.uasset" 5253
"../../../Engine/Content/EngineMaterials/Substrate/Glints2/dict_0006_0195.uasset" 5254
"../../../Engine/Content/EngineMaterials/Substrate/Glints2/dict_0006_0196.uasset" 5255
"../../../Engine/Content/EngineMaterials/Substrate/Glints2/dict_0006_0197.uasset" 5256
"../../../Engine/Content/EngineMaterials/Substrate/Glints2/dict_0006_0198.uasset" 5257
"../../../Engine/Content/EngineMaterials/Substrate/Glints2/dict_0006_0199.uasset" 5258
"../../../Engine/Content/EngineMaterials/Substrate/Glints2/dict_0006_0200.uasset" 5259
"../../../Engine/Content/EngineMaterials/Substrate/Glints2/dict_0006_0201.uasset" 5260
"../../../Engine/Content/EngineMaterials/Substrate/Glints2/dict_0006_0202.uasset" 5261
"../../../Engine/Content/EngineMaterials/Substrate/Glints2/dict_0006_0203.uasset" 5262
"../../../Engine/Content/EngineMaterials/Substrate/Glints2/dict_0006_0204.uasset" 5263
"../../../Engine/Content/EngineMaterials/Substrate/Glints2/dict_0006_0205.uasset" 5264
"../../../Engine/Content/EngineMaterials/Substrate/Glints2/dict_0006_0206.uasset" 5265
"../../../Engine/Content/EngineMaterials/Substrate/Glints2/dict_0006_0207.uasset" 5266
"../../../Engine/Content/EngineMaterials/Substrate/Glints2/dict_0006_0208.uasset" 5267
"../../../Engine/Content/EngineMaterials/Substrate/Glints2/dict_0006_0209.uasset" 5268
"../../../Engine/Content/EngineMaterials/Substrate/Glints2/dict_0006_0210.uasset" 5269
"../../../Engine/Content/EngineMaterials/Substrate/Glints2/dict_0006_0211.uasset" 5270
"../../../Engine/Content/EngineMaterials/Substrate/Glints2/dict_0006_0212.uasset" 5271
"../../../Engine/Content/EngineMaterials/Substrate/Glints2/dict_0006_0213.uasset" 5272
"../../../Engine/Content/EngineMaterials/Substrate/Glints2/dict_0006_0214.uasset" 5273
"../../../Engine/Content/EngineMaterials/Substrate/Glints2/dict_0006_0215.uasset" 5274
"../../../Engine/Content/EngineMaterials/Substrate/Glints2/dict_0006_0216.uasset" 5275
"../../../Engine/Content/EngineMaterials/Substrate/Glints2/dict_0006_0217.uasset" 5276
"../../../Engine/Content/EngineMaterials/Substrate/Glints2/dict_0006_0218.uasset" 5277
"../../../Engine/Content/EngineMaterials/Substrate/Glints2/dict_0006_0219.uasset" 5278
"../../../Engine/Content/EngineMaterials/Substrate/Glints2/dict_0006_0220.uasset" 5279
"../../../Engine/Content/EngineMaterials/Substrate/Glints2/dict_0006_0221.uasset" 5280
"../../../Engine/Content/EngineMaterials/Substrate/Glints2/dict_0006_0222.uasset" 5281
"../../../Engine/Content/EngineMaterials/Substrate/Glints2/dict_0006_0223.uasset" 5282
"../../../Engine/Content/EngineMaterials/Substrate/Glints2/dict_0006_0224.uasset" 5283
"../../../Engine/Content/EngineMaterials/Substrate/Glints2/dict_0006_0225.uasset" 5284
"../../../Engine/Content/EngineMaterials/Substrate/Glints2/dict_0006_0226.uasset" 5285
"../../../Engine/Content/EngineMaterials/Substrate/Glints2/dict_0006_0227.uasset" 5286
"../../../Engine/Content/EngineMaterials/Substrate/Glints2/dict_0006_0228.uasset" 5287
"../../../Engine/Content/EngineMaterials/Substrate/Glints2/dict_0006_0229.uasset" 5288
"../../../Engine/Content/EngineMaterials/Substrate/Glints2/dict_0006_0230.uasset" 5289
"../../../Engine/Content/EngineMaterials/Substrate/Glints2/dict_0006_0231.uasset" 5290
"../../../Engine/Content/EngineMaterials/Substrate/Glints2/dict_0006_0232.uasset" 5291
"../../../Engine/Content/EngineMaterials/Substrate/Glints2/dict_0006_0233.uasset" 5292
"../../../Engine/Content/EngineMaterials/Substrate/Glints2/dict_0006_0234.uasset" 5293
"../../../Engine/Content/EngineMaterials/Substrate/Glints2/dict_0006_0235.uasset" 5294
"../../../Engine/Content/EngineMaterials/Substrate/Glints2/dict_0006_0236.uasset" 5295
"../../../Engine/Content/EngineMaterials/Substrate/Glints2/dict_0006_0237.uasset" 5296
"../../../Engine/Content/EngineMaterials/Substrate/Glints2/dict_0006_0238.uasset" 5297
"../../../Engine/Content/EngineMaterials/Substrate/Glints2/dict_0006_0239.uasset" 5298
"../../../Engine/Content/EngineMaterials/Substrate/Glints2/dict_0006_0240.uasset" 5299
"../../../Engine/Content/EngineMaterials/Substrate/Glints2/dict_0006_0241.uasset" 5300
"../../../Engine/Content/EngineMaterials/Substrate/Glints2/dict_0006_0242.uasset" 5301
"../../../Engine/Content/EngineMaterials/Substrate/Glints2/dict_0006_0243.uasset" 5302
"../../../Engine/Content/EngineMaterials/Substrate/Glints2/dict_0006_0244.uasset" 5303
"../../../Engine/Content/EngineMaterials/Substrate/Glints2/dict_0006_0245.uasset" 5304
"../../../Engine/Content/EngineMaterials/Substrate/Glints2/dict_0006_0246.uasset" 5305
"../../../Engine/Content/EngineMaterials/Substrate/Glints2/dict_0006_0247.uasset" 5306
"../../../Engine/Content/EngineMaterials/Substrate/Glints2/dict_0006_0248.uasset" 5307
"../../../Engine/Content/EngineMaterials/Substrate/Glints2/dict_0006_0249.uasset" 5308
"../../../Engine/Content/EngineMaterials/Substrate/Glints2/dict_0006_0250.uasset" 5309
"../../../Engine/Content/EngineMaterials/Substrate/Glints2/dict_0006_0251.uasset" 5310
"../../../Engine/Content/EngineMaterials/Substrate/Glints2/dict_0006_0252.uasset" 5311
"../../../Engine/Content/EngineMaterials/Substrate/Glints2/dict_0006_0253.uasset" 5312
"../../../Engine/Content/EngineMaterials/Substrate/Glints2/dict_0006_0254.uasset" 5313
"../../../Engine/Content/EngineMaterials/Substrate/Glints2/dict_0006_0255.uasset" 5314
"../../../Engine/Content/EngineMaterials/Substrate/Glints2/dict_0007_0000.uasset" 5315
"../../../Engine/Content/EngineMaterials/Substrate/Glints2/dict_0007_0001.uasset" 5316
"../../../Engine/Content/EngineMaterials/Substrate/Glints2/dict_0007_0002.uasset" 5317
"../../../Engine/Content/EngineMaterials/Substrate/Glints2/dict_0007_0003.uasset" 5318
"../../../Engine/Content/EngineMaterials/Substrate/Glints2/dict_0007_0004.uasset" 5319
"../../../Engine/Content/EngineMaterials/Substrate/Glints2/dict_0007_0005.uasset" 5320
"../../../Engine/Content/EngineMaterials/Substrate/Glints2/dict_0007_0006.uasset" 5321
"../../../Engine/Content/EngineMaterials/Substrate/Glints2/dict_0007_0007.uasset" 5322
"../../../Engine/Content/EngineMaterials/Substrate/Glints2/dict_0007_0008.uasset" 5323
"../../../Engine/Content/EngineMaterials/Substrate/Glints2/dict_0007_0009.uasset" 5324
"../../../Engine/Content/EngineMaterials/Substrate/Glints2/dict_0007_0010.uasset" 5325
"../../../Engine/Content/EngineMaterials/Substrate/Glints2/dict_0007_0011.uasset" 5326
"../../../Engine/Content/EngineMaterials/Substrate/Glints2/dict_0007_0012.uasset" 5327
"../../../Engine/Content/EngineMaterials/Substrate/Glints2/dict_0007_0013.uasset" 5328
"../../../Engine/Content/EngineMaterials/Substrate/Glints2/dict_0007_0014.uasset" 5329
"../../../Engine/Content/EngineMaterials/Substrate/Glints2/dict_0007_0015.uasset" 5330
"../../../Engine/Content/EngineMaterials/Substrate/Glints2/dict_0007_0016.uasset" 5331
"../../../Engine/Content/EngineMaterials/Substrate/Glints2/dict_0007_0017.uasset" 5332
"../../../Engine/Content/EngineMaterials/Substrate/Glints2/dict_0007_0018.uasset" 5333
"../../../Engine/Content/EngineMaterials/Substrate/Glints2/dict_0007_0019.uasset" 5334
"../../../Engine/Content/EngineMaterials/Substrate/Glints2/dict_0007_0020.uasset" 5335
"../../../Engine/Content/EngineMaterials/Substrate/Glints2/dict_0007_0021.uasset" 5336
"../../../Engine/Content/EngineMaterials/Substrate/Glints2/dict_0007_0022.uasset" 5337
"../../../Engine/Content/EngineMaterials/Substrate/Glints2/dict_0007_0023.uasset" 5338
"../../../Engine/Content/EngineMaterials/Substrate/Glints2/dict_0007_0024.uasset" 5339
"../../../Engine/Content/EngineMaterials/Substrate/Glints2/dict_0007_0025.uasset" 5340
"../../../Engine/Content/EngineMaterials/Substrate/Glints2/dict_0007_0026.uasset" 5341
"../../../Engine/Content/EngineMaterials/Substrate/Glints2/dict_0007_0027.uasset" 5342
"../../../Engine/Content/EngineMaterials/Substrate/Glints2/dict_0007_0028.uasset" 5343
"../../../Engine/Content/EngineMaterials/Substrate/Glints2/dict_0007_0029.uasset" 5344
"../../../Engine/Content/EngineMaterials/Substrate/Glints2/dict_0007_0030.uasset" 5345
"../../../Engine/Content/EngineMaterials/Substrate/Glints2/dict_0007_0031.uasset" 5346
"../../../Engine/Content/EngineMaterials/Substrate/Glints2/dict_0007_0032.uasset" 5347
"../../../Engine/Content/EngineMaterials/Substrate/Glints2/dict_0007_0033.uasset" 5348
"../../../Engine/Content/EngineMaterials/Substrate/Glints2/dict_0007_0034.uasset" 5349
"../../../Engine/Content/EngineMaterials/Substrate/Glints2/dict_0007_0035.uasset" 5350
"../../../Engine/Content/EngineMaterials/Substrate/Glints2/dict_0007_0036.uasset" 5351
"../../../Engine/Content/EngineMaterials/Substrate/Glints2/dict_0007_0037.uasset" 5352
"../../../Engine/Content/EngineMaterials/Substrate/Glints2/dict_0007_0038.uasset" 5353
"../../../Engine/Content/EngineMaterials/Substrate/Glints2/dict_0007_0039.uasset" 5354
"../../../Engine/Content/EngineMaterials/Substrate/Glints2/dict_0007_0040.uasset" 5355
"../../../Engine/Content/EngineMaterials/Substrate/Glints2/dict_0007_0041.uasset" 5356
"../../../Engine/Content/EngineMaterials/Substrate/Glints2/dict_0007_0042.uasset" 5357
"../../../Engine/Content/EngineMaterials/Substrate/Glints2/dict_0007_0043.uasset" 5358
"../../../Engine/Content/EngineMaterials/Substrate/Glints2/dict_0007_0044.uasset" 5359
"../../../Engine/Content/EngineMaterials/Substrate/Glints2/dict_0007_0045.uasset" 5360
"../../../Engine/Content/EngineMaterials/Substrate/Glints2/dict_0007_0046.uasset" 5361
"../../../Engine/Content/EngineMaterials/Substrate/Glints2/dict_0007_0047.uasset" 5362
"../../../Engine/Content/EngineMaterials/Substrate/Glints2/dict_0007_0048.uasset" 5363
"../../../Engine/Content/EngineMaterials/Substrate/Glints2/dict_0007_0049.uasset" 5364
"../../../Engine/Content/EngineMaterials/Substrate/Glints2/dict_0007_0050.uasset" 5365
"../../../Engine/Content/EngineMaterials/Substrate/Glints2/dict_0007_0051.uasset" 5366
"../../../Engine/Content/EngineMaterials/Substrate/Glints2/dict_0007_0052.uasset" 5367
"../../../Engine/Content/EngineMaterials/Substrate/Glints2/dict_0007_0053.uasset" 5368
"../../../Engine/Content/EngineMaterials/Substrate/Glints2/dict_0007_0054.uasset" 5369
"../../../Engine/Content/EngineMaterials/Substrate/Glints2/dict_0007_0055.uasset" 5370
"../../../Engine/Content/EngineMaterials/Substrate/Glints2/dict_0007_0056.uasset" 5371
"../../../Engine/Content/EngineMaterials/Substrate/Glints2/dict_0007_0057.uasset" 5372
"../../../Engine/Content/EngineMaterials/Substrate/Glints2/dict_0007_0058.uasset" 5373
"../../../Engine/Content/EngineMaterials/Substrate/Glints2/dict_0007_0059.uasset" 5374
"../../../Engine/Content/EngineMaterials/Substrate/Glints2/dict_0007_0060.uasset" 5375
"../../../Engine/Content/EngineMaterials/Substrate/Glints2/dict_0007_0061.uasset" 5376
"../../../Engine/Content/EngineMaterials/Substrate/Glints2/dict_0007_0062.uasset" 5377
"../../../Engine/Content/EngineMaterials/Substrate/Glints2/dict_0007_0063.uasset" 5378
"../../../Engine/Content/EngineMaterials/Substrate/Glints2/dict_0007_0064.uasset" 5379
"../../../Engine/Content/EngineMaterials/Substrate/Glints2/dict_0007_0065.uasset" 5380
"../../../Engine/Content/EngineMaterials/Substrate/Glints2/dict_0007_0066.uasset" 5381
"../../../Engine/Content/EngineMaterials/Substrate/Glints2/dict_0007_0067.uasset" 5382
"../../../Engine/Content/EngineMaterials/Substrate/Glints2/dict_0007_0068.uasset" 5383
"../../../Engine/Content/EngineMaterials/Substrate/Glints2/dict_0007_0069.uasset" 5384
"../../../Engine/Content/EngineMaterials/Substrate/Glints2/dict_0007_0070.uasset" 5385
"../../../Engine/Content/EngineMaterials/Substrate/Glints2/dict_0007_0071.uasset" 5386
"../../../Engine/Content/EngineMaterials/Substrate/Glints2/dict_0007_0072.uasset" 5387
"../../../Engine/Content/EngineMaterials/Substrate/Glints2/dict_0007_0073.uasset" 5388
"../../../Engine/Content/EngineMaterials/Substrate/Glints2/dict_0007_0074.uasset" 5389
"../../../Engine/Content/EngineMaterials/Substrate/Glints2/dict_0007_0075.uasset" 5390
"../../../Engine/Content/EngineMaterials/Substrate/Glints2/dict_0007_0076.uasset" 5391
"../../../Engine/Content/EngineMaterials/Substrate/Glints2/dict_0007_0077.uasset" 5392
"../../../Engine/Content/EngineMaterials/Substrate/Glints2/dict_0007_0078.uasset" 5393
"../../../Engine/Content/EngineMaterials/Substrate/Glints2/dict_0007_0079.uasset" 5394
"../../../Engine/Content/EngineMaterials/Substrate/Glints2/dict_0007_0080.uasset" 5395
"../../../Engine/Content/EngineMaterials/Substrate/Glints2/dict_0007_0081.uasset" 5396
"../../../Engine/Content/EngineMaterials/Substrate/Glints2/dict_0007_0082.uasset" 5397
"../../../Engine/Content/EngineMaterials/Substrate/Glints2/dict_0007_0083.uasset" 5398
"../../../Engine/Content/EngineMaterials/Substrate/Glints2/dict_0007_0084.uasset" 5399
"../../../Engine/Content/EngineMaterials/Substrate/Glints2/dict_0007_0085.uasset" 5400
"../../../Engine/Content/EngineMaterials/Substrate/Glints2/dict_0007_0086.uasset" 5401
"../../../Engine/Content/EngineMaterials/Substrate/Glints2/dict_0007_0087.uasset" 5402
"../../../Engine/Content/EngineMaterials/Substrate/Glints2/dict_0007_0088.uasset" 5403
"../../../Engine/Content/EngineMaterials/Substrate/Glints2/dict_0007_0089.uasset" 5404
"../../../Engine/Content/EngineMaterials/Substrate/Glints2/dict_0007_0090.uasset" 5405
"../../../Engine/Content/EngineMaterials/Substrate/Glints2/dict_0007_0091.uasset" 5406
"../../../Engine/Content/EngineMaterials/Substrate/Glints2/dict_0007_0092.uasset" 5407
"../../../Engine/Content/EngineMaterials/Substrate/Glints2/dict_0007_0093.uasset" 5408
"../../../Engine/Content/EngineMaterials/Substrate/Glints2/dict_0007_0094.uasset" 5409
"../../../Engine/Content/EngineMaterials/Substrate/Glints2/dict_0007_0095.uasset" 5410
"../../../Engine/Content/EngineMaterials/Substrate/Glints2/dict_0007_0096.uasset" 5411
"../../../Engine/Content/EngineMaterials/Substrate/Glints2/dict_0007_0097.uasset" 5412
"../../../Engine/Content/EngineMaterials/Substrate/Glints2/dict_0007_0098.uasset" 5413
"../../../Engine/Content/EngineMaterials/Substrate/Glints2/dict_0007_0099.uasset" 5414
"../../../Engine/Content/EngineMaterials/Substrate/Glints2/dict_0007_0100.uasset" 5415
"../../../Engine/Content/EngineMaterials/Substrate/Glints2/dict_0007_0101.uasset" 5416
"../../../Engine/Content/EngineMaterials/Substrate/Glints2/dict_0007_0102.uasset" 5417
"../../../Engine/Content/EngineMaterials/Substrate/Glints2/dict_0007_0103.uasset" 5418
"../../../Engine/Content/EngineMaterials/Substrate/Glints2/dict_0007_0104.uasset" 5419
"../../../Engine/Content/EngineMaterials/Substrate/Glints2/dict_0007_0105.uasset" 5420
"../../../Engine/Content/EngineMaterials/Substrate/Glints2/dict_0007_0106.uasset" 5421
"../../../Engine/Content/EngineMaterials/Substrate/Glints2/dict_0007_0107.uasset" 5422
"../../../Engine/Content/EngineMaterials/Substrate/Glints2/dict_0007_0108.uasset" 5423
"../../../Engine/Content/EngineMaterials/Substrate/Glints2/dict_0007_0109.uasset" 5424
"../../../Engine/Content/EngineMaterials/Substrate/Glints2/dict_0007_0110.uasset" 5425
"../../../Engine/Content/EngineMaterials/Substrate/Glints2/dict_0007_0111.uasset" 5426
"../../../Engine/Content/EngineMaterials/Substrate/Glints2/dict_0007_0112.uasset" 5427
"../../../Engine/Content/EngineMaterials/Substrate/Glints2/dict_0007_0113.uasset" 5428
"../../../Engine/Content/EngineMaterials/Substrate/Glints2/dict_0007_0114.uasset" 5429
"../../../Engine/Content/EngineMaterials/Substrate/Glints2/dict_0007_0115.uasset" 5430
"../../../Engine/Content/EngineMaterials/Substrate/Glints2/dict_0007_0116.uasset" 5431
"../../../Engine/Content/EngineMaterials/Substrate/Glints2/dict_0007_0117.uasset" 5432
"../../../Engine/Content/EngineMaterials/Substrate/Glints2/dict_0007_0118.uasset" 5433
"../../../Engine/Content/EngineMaterials/Substrate/Glints2/dict_0007_0119.uasset" 5434
"../../../Engine/Content/EngineMaterials/Substrate/Glints2/dict_0007_0120.uasset" 5435
"../../../Engine/Content/EngineMaterials/Substrate/Glints2/dict_0007_0121.uasset" 5436
"../../../Engine/Content/EngineMaterials/Substrate/Glints2/dict_0007_0122.uasset" 5437
"../../../Engine/Content/EngineMaterials/Substrate/Glints2/dict_0007_0123.uasset" 5438
"../../../Engine/Content/EngineMaterials/Substrate/Glints2/dict_0007_0124.uasset" 5439
"../../../Engine/Content/EngineMaterials/Substrate/Glints2/dict_0007_0125.uasset" 5440
"../../../Engine/Content/EngineMaterials/Substrate/Glints2/dict_0007_0126.uasset" 5441
"../../../Engine/Content/EngineMaterials/Substrate/Glints2/dict_0007_0127.uasset" 5442
"../../../Engine/Content/EngineMaterials/Substrate/Glints2/dict_0007_0128.uasset" 5443
"../../../Engine/Content/EngineMaterials/Substrate/Glints2/dict_0007_0129.uasset" 5444
"../../../Engine/Content/EngineMaterials/Substrate/Glints2/dict_0007_0130.uasset" 5445
"../../../Engine/Content/EngineMaterials/Substrate/Glints2/dict_0007_0131.uasset" 5446
"../../../Engine/Content/EngineMaterials/Substrate/Glints2/dict_0007_0132.uasset" 5447
"../../../Engine/Content/EngineMaterials/Substrate/Glints2/dict_0007_0133.uasset" 5448
"../../../Engine/Content/EngineMaterials/Substrate/Glints2/dict_0007_0134.uasset" 5449
"../../../Engine/Content/EngineMaterials/Substrate/Glints2/dict_0007_0135.uasset" 5450
"../../../Engine/Content/EngineMaterials/Substrate/Glints2/dict_0007_0136.uasset" 5451
"../../../Engine/Content/EngineMaterials/Substrate/Glints2/dict_0007_0137.uasset" 5452
"../../../Engine/Content/EngineMaterials/Substrate/Glints2/dict_0007_0138.uasset" 5453
"../../../Engine/Content/EngineMaterials/Substrate/Glints2/dict_0007_0139.uasset" 5454
"../../../Engine/Content/EngineMaterials/Substrate/Glints2/dict_0007_0140.uasset" 5455
"../../../Engine/Content/EngineMaterials/Substrate/Glints2/dict_0007_0141.uasset" 5456
"../../../Engine/Content/EngineMaterials/Substrate/Glints2/dict_0007_0142.uasset" 5457
"../../../Engine/Content/EngineMaterials/Substrate/Glints2/dict_0007_0143.uasset" 5458
"../../../Engine/Content/EngineMaterials/Substrate/Glints2/dict_0007_0144.uasset" 5459
"../../../Engine/Content/EngineMaterials/Substrate/Glints2/dict_0007_0145.uasset" 5460
"../../../Engine/Content/EngineMaterials/Substrate/Glints2/dict_0007_0146.uasset" 5461
"../../../Engine/Content/EngineMaterials/Substrate/Glints2/dict_0007_0147.uasset" 5462
"../../../Engine/Content/EngineMaterials/Substrate/Glints2/dict_0007_0148.uasset" 5463
"../../../Engine/Content/EngineMaterials/Substrate/Glints2/dict_0007_0149.uasset" 5464
"../../../Engine/Content/EngineMaterials/Substrate/Glints2/dict_0007_0150.uasset" 5465
"../../../Engine/Content/EngineMaterials/Substrate/Glints2/dict_0007_0151.uasset" 5466
"../../../Engine/Content/EngineMaterials/Substrate/Glints2/dict_0007_0152.uasset" 5467
"../../../Engine/Content/EngineMaterials/Substrate/Glints2/dict_0007_0153.uasset" 5468
"../../../Engine/Content/EngineMaterials/Substrate/Glints2/dict_0007_0154.uasset" 5469
"../../../Engine/Content/EngineMaterials/Substrate/Glints2/dict_0007_0155.uasset" 5470
"../../../Engine/Content/EngineMaterials/Substrate/Glints2/dict_0007_0156.uasset" 5471
"../../../Engine/Content/EngineMaterials/Substrate/Glints2/dict_0007_0157.uasset" 5472
"../../../Engine/Content/EngineMaterials/Substrate/Glints2/dict_0007_0158.uasset" 5473
"../../../Engine/Content/EngineMaterials/Substrate/Glints2/dict_0007_0159.uasset" 5474
"../../../Engine/Content/EngineMaterials/Substrate/Glints2/dict_0007_0160.uasset" 5475
"../../../Engine/Content/EngineMaterials/Substrate/Glints2/dict_0007_0161.uasset" 5476
"../../../Engine/Content/EngineMaterials/Substrate/Glints2/dict_0007_0162.uasset" 5477
"../../../Engine/Content/EngineMaterials/Substrate/Glints2/dict_0007_0163.uasset" 5478
"../../../Engine/Content/EngineMaterials/Substrate/Glints2/dict_0007_0164.uasset" 5479
"../../../Engine/Content/EngineMaterials/Substrate/Glints2/dict_0007_0165.uasset" 5480
"../../../Engine/Content/EngineMaterials/Substrate/Glints2/dict_0007_0166.uasset" 5481
"../../../Engine/Content/EngineMaterials/Substrate/Glints2/dict_0007_0167.uasset" 5482
"../../../Engine/Content/EngineMaterials/Substrate/Glints2/dict_0007_0168.uasset" 5483
"../../../Engine/Content/EngineMaterials/Substrate/Glints2/dict_0007_0169.uasset" 5484
"../../../Engine/Content/EngineMaterials/Substrate/Glints2/dict_0007_0170.uasset" 5485
"../../../Engine/Content/EngineMaterials/Substrate/Glints2/dict_0007_0171.uasset" 5486
"../../../Engine/Content/EngineMaterials/Substrate/Glints2/dict_0007_0172.uasset" 5487
"../../../Engine/Content/EngineMaterials/Substrate/Glints2/dict_0007_0173.uasset" 5488
"../../../Engine/Content/EngineMaterials/Substrate/Glints2/dict_0007_0174.uasset" 5489
"../../../Engine/Content/EngineMaterials/Substrate/Glints2/dict_0007_0175.uasset" 5490
"../../../Engine/Content/EngineMaterials/Substrate/Glints2/dict_0007_0176.uasset" 5491
"../../../Engine/Content/EngineMaterials/Substrate/Glints2/dict_0007_0177.uasset" 5492
"../../../Engine/Content/EngineMaterials/Substrate/Glints2/dict_0007_0178.uasset" 5493
"../../../Engine/Content/EngineMaterials/Substrate/Glints2/dict_0007_0179.uasset" 5494
"../../../Engine/Content/EngineMaterials/Substrate/Glints2/dict_0007_0180.uasset" 5495
"../../../Engine/Content/EngineMaterials/Substrate/Glints2/dict_0007_0181.uasset" 5496
"../../../Engine/Content/EngineMaterials/Substrate/Glints2/dict_0007_0182.uasset" 5497
"../../../Engine/Content/EngineMaterials/Substrate/Glints2/dict_0007_0183.uasset" 5498
"../../../Engine/Content/EngineMaterials/Substrate/Glints2/dict_0007_0184.uasset" 5499
"../../../Engine/Content/EngineMaterials/Substrate/Glints2/dict_0007_0185.uasset" 5500
"../../../Engine/Content/EngineMaterials/Substrate/Glints2/dict_0007_0186.uasset" 5501
"../../../Engine/Content/EngineMaterials/Substrate/Glints2/dict_0007_0187.uasset" 5502
"../../../Engine/Content/EngineMaterials/Substrate/Glints2/dict_0007_0188.uasset" 5503
"../../../Engine/Content/EngineMaterials/Substrate/Glints2/dict_0007_0189.uasset" 5504
"../../../Engine/Content/EngineMaterials/Substrate/Glints2/dict_0007_0190.uasset" 5505
"../../../Engine/Content/EngineMaterials/Substrate/Glints2/dict_0007_0191.uasset" 5506
"../../../Engine/Content/EngineMaterials/Substrate/Glints2/dict_0007_0192.uasset" 5507
"../../../Engine/Content/EngineMaterials/Substrate/Glints2/dict_0007_0193.uasset" 5508
"../../../Engine/Content/EngineMaterials/Substrate/Glints2/dict_0007_0194.uasset" 5509
"../../../Engine/Content/EngineMaterials/Substrate/Glints2/dict_0007_0195.uasset" 5510
"../../../Engine/Content/EngineMaterials/Substrate/Glints2/dict_0007_0196.uasset" 5511
"../../../Engine/Content/EngineMaterials/Substrate/Glints2/dict_0007_0197.uasset" 5512
"../../../Engine/Content/EngineMaterials/Substrate/Glints2/dict_0007_0198.uasset" 5513
"../../../Engine/Content/EngineMaterials/Substrate/Glints2/dict_0007_0199.uasset" 5514
"../../../Engine/Content/EngineMaterials/Substrate/Glints2/dict_0007_0200.uasset" 5515
"../../../Engine/Content/EngineMaterials/Substrate/Glints2/dict_0007_0201.uasset" 5516
"../../../Engine/Content/EngineMaterials/Substrate/Glints2/dict_0007_0202.uasset" 5517
"../../../Engine/Content/EngineMaterials/Substrate/Glints2/dict_0007_0203.uasset" 5518
"../../../Engine/Content/EngineMaterials/Substrate/Glints2/dict_0007_0204.uasset" 5519
"../../../Engine/Content/EngineMaterials/Substrate/Glints2/dict_0007_0205.uasset" 5520
"../../../Engine/Content/EngineMaterials/Substrate/Glints2/dict_0007_0206.uasset" 5521
"../../../Engine/Content/EngineMaterials/Substrate/Glints2/dict_0007_0207.uasset" 5522
"../../../Engine/Content/EngineMaterials/Substrate/Glints2/dict_0007_0208.uasset" 5523
"../../../Engine/Content/EngineMaterials/Substrate/Glints2/dict_0007_0209.uasset" 5524
"../../../Engine/Content/EngineMaterials/Substrate/Glints2/dict_0007_0210.uasset" 5525
"../../../Engine/Content/EngineMaterials/Substrate/Glints2/dict_0007_0211.uasset" 5526
"../../../Engine/Content/EngineMaterials/Substrate/Glints2/dict_0007_0212.uasset" 5527
"../../../Engine/Content/EngineMaterials/Substrate/Glints2/dict_0007_0213.uasset" 5528
"../../../Engine/Content/EngineMaterials/Substrate/Glints2/dict_0007_0214.uasset" 5529
"../../../Engine/Content/EngineMaterials/Substrate/Glints2/dict_0007_0215.uasset" 5530
"../../../Engine/Content/EngineMaterials/Substrate/Glints2/dict_0007_0216.uasset" 5531
"../../../Engine/Content/EngineMaterials/Substrate/Glints2/dict_0007_0217.uasset" 5532
"../../../Engine/Content/EngineMaterials/Substrate/Glints2/dict_0007_0218.uasset" 5533
"../../../Engine/Content/EngineMaterials/Substrate/Glints2/dict_0007_0219.uasset" 5534
"../../../Engine/Content/EngineMaterials/Substrate/Glints2/dict_0007_0220.uasset" 5535
"../../../Engine/Content/EngineMaterials/Substrate/Glints2/dict_0007_0221.uasset" 5536
"../../../Engine/Content/EngineMaterials/Substrate/Glints2/dict_0007_0222.uasset" 5537
"../../../Engine/Content/EngineMaterials/Substrate/Glints2/dict_0007_0223.uasset" 5538
"../../../Engine/Content/EngineMaterials/Substrate/Glints2/dict_0007_0224.uasset" 5539
"../../../Engine/Content/EngineMaterials/Substrate/Glints2/dict_0007_0225.uasset" 5540
"../../../Engine/Content/EngineMaterials/Substrate/Glints2/dict_0007_0226.uasset" 5541
"../../../Engine/Content/EngineMaterials/Substrate/Glints2/dict_0007_0227.uasset" 5542
"../../../Engine/Content/EngineMaterials/Substrate/Glints2/dict_0007_0228.uasset" 5543
"../../../Engine/Content/EngineMaterials/Substrate/Glints2/dict_0007_0229.uasset" 5544
"../../../Engine/Content/EngineMaterials/Substrate/Glints2/dict_0007_0230.uasset" 5545
"../../../Engine/Content/EngineMaterials/Substrate/Glints2/dict_0007_0231.uasset" 5546
"../../../Engine/Content/EngineMaterials/Substrate/Glints2/dict_0007_0232.uasset" 5547
"../../../Engine/Content/EngineMaterials/Substrate/Glints2/dict_0007_0233.uasset" 5548
"../../../Engine/Content/EngineMaterials/Substrate/Glints2/dict_0007_0234.uasset" 5549
"../../../Engine/Content/EngineMaterials/Substrate/Glints2/dict_0007_0235.uasset" 5550
"../../../Engine/Content/EngineMaterials/Substrate/Glints2/dict_0007_0236.uasset" 5551
"../../../Engine/Content/EngineMaterials/Substrate/Glints2/dict_0007_0237.uasset" 5552
"../../../Engine/Content/EngineMaterials/Substrate/Glints2/dict_0007_0238.uasset" 5553
"../../../Engine/Content/EngineMaterials/Substrate/Glints2/dict_0007_0239.uasset" 5554
"../../../Engine/Content/EngineMaterials/Substrate/Glints2/dict_0007_0240.uasset" 5555
"../../../Engine/Content/EngineMaterials/Substrate/Glints2/dict_0007_0241.uasset" 5556
"../../../Engine/Content/EngineMaterials/Substrate/Glints2/dict_0007_0242.uasset" 5557
"../../../Engine/Content/EngineMaterials/Substrate/Glints2/dict_0007_0243.uasset" 5558
"../../../Engine/Content/EngineMaterials/Substrate/Glints2/dict_0007_0244.uasset" 5559
"../../../Engine/Content/EngineMaterials/Substrate/Glints2/dict_0007_0245.uasset" 5560
"../../../Engine/Content/EngineMaterials/Substrate/Glints2/dict_0007_0246.uasset" 5561
"../../../Engine/Content/EngineMaterials/Substrate/Glints2/dict_0007_0247.uasset" 5562
"../../../Engine/Content/EngineMaterials/Substrate/Glints2/dict_0007_0248.uasset" 5563
"../../../Engine/Content/EngineMaterials/Substrate/Glints2/dict_0007_0249.uasset" 5564
"../../../Engine/Content/EngineMaterials/Substrate/Glints2/dict_0007_0250.uasset" 5565
"../../../Engine/Content/EngineMaterials/Substrate/Glints2/dict_0007_0251.uasset" 5566
"../../../Engine/Content/EngineMaterials/Substrate/Glints2/dict_0007_0252.uasset" 5567
"../../../Engine/Content/EngineMaterials/Substrate/Glints2/dict_0007_0253.uasset" 5568
"../../../Engine/Content/EngineMaterials/Substrate/Glints2/dict_0007_0254.uasset" 5569
"../../../Engine/Content/EngineMaterials/Substrate/Glints2/dict_0007_0255.uasset" 5570
"C:/Users/win11/Documents/GitHub/the-last-check-in/Content/StarterContent/Materials/M_Tech_Hex_Tile.uasset" 5571
"../../../Engine/Content/EngineMaterials/Substrate/GLints/dict_16_192_64_0p5_0p02_0000_0000.uasset" 5572
"../../../Engine/Content/EngineMaterials/Substrate/GLints/dict_16_192_64_0p5_0p02_0000_0001.uasset" 5573
"../../../Engine/Content/EngineMaterials/Substrate/GLints/dict_16_192_64_0p5_0p02_0000_0002.uasset" 5574
"../../../Engine/Content/EngineMaterials/Substrate/GLints/dict_16_192_64_0p5_0p02_0000_0003.uasset" 5575
"../../../Engine/Content/EngineMaterials/Substrate/GLints/dict_16_192_64_0p5_0p02_0000_0004.uasset" 5576
"../../../Engine/Content/EngineMaterials/Substrate/GLints/dict_16_192_64_0p5_0p02_0000_0005.uasset" 5577
"../../../Engine/Content/EngineMaterials/Substrate/GLints/dict_16_192_64_0p5_0p02_0000_0006.uasset" 5578
"../../../Engine/Content/EngineMaterials/Substrate/GLints/dict_16_192_64_0p5_0p02_0000_0007.uasset" 5579
"../../../Engine/Content/EngineMaterials/Substrate/GLints/dict_16_192_64_0p5_0p02_0000_0008.uasset" 5580
"../../../Engine/Content/EngineMaterials/Substrate/GLints/dict_16_192_64_0p5_0p02_0000_0009.uasset" 5581
"../../../Engine/Content/EngineMaterials/Substrate/GLints/dict_16_192_64_0p5_0p02_0000_0010.uasset" 5582
"../../../Engine/Content/EngineMaterials/Substrate/GLints/dict_16_192_64_0p5_0p02_0000_0011.uasset" 5583
"../../../Engine/Content/EngineMaterials/Substrate/GLints/dict_16_192_64_0p5_0p02_0000_0012.uasset" 5584
"../../../Engine/Content/EngineMaterials/Substrate/GLints/dict_16_192_64_0p5_0p02_0000_0013.uasset" 5585
"../../../Engine/Content/EngineMaterials/Substrate/GLints/dict_16_192_64_0p5_0p02_0000_0014.uasset" 5586
"../../../Engine/Content/EngineMaterials/Substrate/GLints/dict_16_192_64_0p5_0p02_0000_0015.uasset" 5587
"../../../Engine/Content/EngineMaterials/Substrate/GLints/dict_16_192_64_0p5_0p02_0001_0000.uasset" 5588
"../../../Engine/Content/EngineMaterials/Substrate/GLints/dict_16_192_64_0p5_0p02_0001_0001.uasset" 5589
"../../../Engine/Content/EngineMaterials/Substrate/GLints/dict_16_192_64_0p5_0p02_0001_0002.uasset" 5590
"../../../Engine/Content/EngineMaterials/Substrate/GLints/dict_16_192_64_0p5_0p02_0001_0003.uasset" 5591
"../../../Engine/Content/EngineMaterials/Substrate/GLints/dict_16_192_64_0p5_0p02_0001_0004.uasset" 5592
"../../../Engine/Content/EngineMaterials/Substrate/GLints/dict_16_192_64_0p5_0p02_0001_0005.uasset" 5593
"../../../Engine/Content/EngineMaterials/Substrate/GLints/dict_16_192_64_0p5_0p02_0001_0006.uasset" 5594
"../../../Engine/Content/EngineMaterials/Substrate/GLints/dict_16_192_64_0p5_0p02_0001_0007.uasset" 5595
"../../../Engine/Content/EngineMaterials/Substrate/GLints/dict_16_192_64_0p5_0p02_0001_0008.uasset" 5596
"../../../Engine/Content/EngineMaterials/Substrate/GLints/dict_16_192_64_0p5_0p02_0001_0009.uasset" 5597
"../../../Engine/Content/EngineMaterials/Substrate/GLints/dict_16_192_64_0p5_0p02_0001_0010.uasset" 5598
"../../../Engine/Content/EngineMaterials/Substrate/GLints/dict_16_192_64_0p5_0p02_0001_0011.uasset" 5599
"../../../Engine/Content/EngineMaterials/Substrate/GLints/dict_16_192_64_0p5_0p02_0001_0012.uasset" 5600
"../../../Engine/Content/EngineMaterials/Substrate/GLints/dict_16_192_64_0p5_0p02_0001_0013.uasset" 5601
"../../../Engine/Content/EngineMaterials/Substrate/GLints/dict_16_192_64_0p5_0p02_0001_0014.uasset" 5602
"../../../Engine/Content/EngineMaterials/Substrate/GLints/dict_16_192_64_0p5_0p02_0001_0015.uasset" 5603
"../../../Engine/Content/EngineMaterials/Substrate/GLints/dict_16_192_64_0p5_0p02_0002_0000.uasset" 5604
"../../../Engine/Content/EngineMaterials/Substrate/GLints/dict_16_192_64_0p5_0p02_0002_0001.uasset" 5605
"../../../Engine/Content/EngineMaterials/Substrate/GLints/dict_16_192_64_0p5_0p02_0002_0002.uasset" 5606
"../../../Engine/Content/EngineMaterials/Substrate/GLints/dict_16_192_64_0p5_0p02_0002_0003.uasset" 5607
"../../../Engine/Content/EngineMaterials/Substrate/GLints/dict_16_192_64_0p5_0p02_0002_0004.uasset" 5608
"../../../Engine/Content/EngineMaterials/Substrate/GLints/dict_16_192_64_0p5_0p02_0002_0005.uasset" 5609
"../../../Engine/Content/EngineMaterials/Substrate/GLints/dict_16_192_64_0p5_0p02_0002_0006.uasset" 5610
"../../../Engine/Content/EngineMaterials/Substrate/GLints/dict_16_192_64_0p5_0p02_0002_0007.uasset" 5611
"../../../Engine/Content/EngineMaterials/Substrate/GLints/dict_16_192_64_0p5_0p02_0002_0008.uasset" 5612
"../../../Engine/Content/EngineMaterials/Substrate/GLints/dict_16_192_64_0p5_0p02_0002_0009.uasset" 5613
"../../../Engine/Content/EngineMaterials/Substrate/GLints/dict_16_192_64_0p5_0p02_0002_0010.uasset" 5614
"../../../Engine/Content/EngineMaterials/Substrate/GLints/dict_16_192_64_0p5_0p02_0002_0011.uasset" 5615
"../../../Engine/Content/EngineMaterials/Substrate/GLints/dict_16_192_64_0p5_0p02_0002_0012.uasset" 5616
"../../../Engine/Content/EngineMaterials/Substrate/GLints/dict_16_192_64_0p5_0p02_0002_0013.uasset" 5617
"../../../Engine/Content/EngineMaterials/Substrate/GLints/dict_16_192_64_0p5_0p02_0002_0014.uasset" 5618
"../../../Engine/Content/EngineMaterials/Substrate/GLints/dict_16_192_64_0p5_0p02_0002_0015.uasset" 5619
"../../../Engine/Content/EngineMaterials/Substrate/GLints/dict_16_192_64_0p5_0p02_0003_0000.uasset" 5620
"../../../Engine/Content/EngineMaterials/Substrate/GLints/dict_16_192_64_0p5_0p02_0003_0001.uasset" 5621
"../../../Engine/Content/EngineMaterials/Substrate/GLints/dict_16_192_64_0p5_0p02_0003_0002.uasset" 5622
"../../../Engine/Content/EngineMaterials/Substrate/GLints/dict_16_192_64_0p5_0p02_0003_0003.uasset" 5623
"../../../Engine/Content/EngineMaterials/Substrate/GLints/dict_16_192_64_0p5_0p02_0003_0004.uasset" 5624
"../../../Engine/Content/EngineMaterials/Substrate/GLints/dict_16_192_64_0p5_0p02_0003_0005.uasset" 5625
"../../../Engine/Content/EngineMaterials/Substrate/GLints/dict_16_192_64_0p5_0p02_0003_0006.uasset" 5626
"../../../Engine/Content/EngineMaterials/Substrate/GLints/dict_16_192_64_0p5_0p02_0003_0007.uasset" 5627
"../../../Engine/Content/EngineMaterials/Substrate/GLints/dict_16_192_64_0p5_0p02_0003_0008.uasset" 5628
"../../../Engine/Content/EngineMaterials/Substrate/GLints/dict_16_192_64_0p5_0p02_0003_0009.uasset" 5629
"../../../Engine/Content/EngineMaterials/Substrate/GLints/dict_16_192_64_0p5_0p02_0003_0010.uasset" 5630
"../../../Engine/Content/EngineMaterials/Substrate/GLints/dict_16_192_64_0p5_0p02_0003_0011.uasset" 5631
"../../../Engine/Content/EngineMaterials/Substrate/GLints/dict_16_192_64_0p5_0p02_0003_0012.uasset" 5632
"../../../Engine/Content/EngineMaterials/Substrate/GLints/dict_16_192_64_0p5_0p02_0003_0013.uasset" 5633
"../../../Engine/Content/EngineMaterials/Substrate/GLints/dict_16_192_64_0p5_0p02_0003_0014.uasset" 5634
"../../../Engine/Content/EngineMaterials/Substrate/GLints/dict_16_192_64_0p5_0p02_0003_0015.uasset" 5635
"../../../Engine/Content/EngineMaterials/Substrate/GLints/dict_16_192_64_0p5_0p02_0004_0000.uasset" 5636
"../../../Engine/Content/EngineMaterials/Substrate/GLints/dict_16_192_64_0p5_0p02_0004_0001.uasset" 5637
"../../../Engine/Content/EngineMaterials/Substrate/GLints/dict_16_192_64_0p5_0p02_0004_0002.uasset" 5638
"../../../Engine/Content/EngineMaterials/Substrate/GLints/dict_16_192_64_0p5_0p02_0004_0003.uasset" 5639
"../../../Engine/Content/EngineMaterials/Substrate/GLints/dict_16_192_64_0p5_0p02_0004_0004.uasset" 5640
"../../../Engine/Content/EngineMaterials/Substrate/GLints/dict_16_192_64_0p5_0p02_0004_0005.uasset" 5641
"../../../Engine/Content/EngineMaterials/Substrate/GLints/dict_16_192_64_0p5_0p02_0004_0006.uasset" 5642
"../../../Engine/Content/EngineMaterials/Substrate/GLints/dict_16_192_64_0p5_0p02_0004_0007.uasset" 5643
"../../../Engine/Content/EngineMaterials/Substrate/GLints/dict_16_192_64_0p5_0p02_0004_0008.uasset" 5644
"../../../Engine/Content/EngineMaterials/Substrate/GLints/dict_16_192_64_0p5_0p02_0004_0009.uasset" 5645
"../../../Engine/Content/EngineMaterials/Substrate/GLints/dict_16_192_64_0p5_0p02_0004_0010.uasset" 5646
"../../../Engine/Content/EngineMaterials/Substrate/GLints/dict_16_192_64_0p5_0p02_0004_0011.uasset" 5647
"../../../Engine/Content/EngineMaterials/Substrate/GLints/dict_16_192_64_0p5_0p02_0004_0012.uasset" 5648
"../../../Engine/Content/EngineMaterials/Substrate/GLints/dict_16_192_64_0p5_0p02_0004_0013.uasset" 5649
"../../../Engine/Content/EngineMaterials/Substrate/GLints/dict_16_192_64_0p5_0p02_0004_0014.uasset" 5650
"../../../Engine/Content/EngineMaterials/Substrate/GLints/dict_16_192_64_0p5_0p02_0004_0015.uasset" 5651
"../../../Engine/Content/EngineMaterials/Substrate/GLints/dict_16_192_64_0p5_0p02_0005_0000.uasset" 5652
"../../../Engine/Content/EngineMaterials/Substrate/GLints/dict_16_192_64_0p5_0p02_0005_0001.uasset" 5653
"../../../Engine/Content/EngineMaterials/Substrate/GLints/dict_16_192_64_0p5_0p02_0005_0002.uasset" 5654
"../../../Engine/Content/EngineMaterials/Substrate/GLints/dict_16_192_64_0p5_0p02_0005_0003.uasset" 5655
"../../../Engine/Content/EngineMaterials/Substrate/GLints/dict_16_192_64_0p5_0p02_0005_0004.uasset" 5656
"../../../Engine/Content/EngineMaterials/Substrate/GLints/dict_16_192_64_0p5_0p02_0005_0005.uasset" 5657
"../../../Engine/Content/EngineMaterials/Substrate/GLints/dict_16_192_64_0p5_0p02_0005_0006.uasset" 5658
"../../../Engine/Content/EngineMaterials/Substrate/GLints/dict_16_192_64_0p5_0p02_0005_0007.uasset" 5659
"../../../Engine/Content/EngineMaterials/Substrate/GLints/dict_16_192_64_0p5_0p02_0005_0008.uasset" 5660
"../../../Engine/Content/EngineMaterials/Substrate/GLints/dict_16_192_64_0p5_0p02_0005_0009.uasset" 5661
"../../../Engine/Content/EngineMaterials/Substrate/GLints/dict_16_192_64_0p5_0p02_0005_0010.uasset" 5662
"../../../Engine/Content/EngineMaterials/Substrate/GLints/dict_16_192_64_0p5_0p02_0005_0011.uasset" 5663
"../../../Engine/Content/EngineMaterials/Substrate/GLints/dict_16_192_64_0p5_0p02_0005_0012.uasset" 5664
"../../../Engine/Content/EngineMaterials/Substrate/GLints/dict_16_192_64_0p5_0p02_0005_0013.uasset" 5665
"../../../Engine/Content/EngineMaterials/Substrate/GLints/dict_16_192_64_0p5_0p02_0005_0014.uasset" 5666
"../../../Engine/Content/EngineMaterials/Substrate/GLints/dict_16_192_64_0p5_0p02_0005_0015.uasset" 5667
"../../../Engine/Content/EngineMaterials/Substrate/GLints/dict_16_192_64_0p5_0p02_0006_0000.uasset" 5668
"../../../Engine/Content/EngineMaterials/Substrate/GLints/dict_16_192_64_0p5_0p02_0006_0001.uasset" 5669
"../../../Engine/Content/EngineMaterials/Substrate/GLints/dict_16_192_64_0p5_0p02_0006_0002.uasset" 5670
"../../../Engine/Content/EngineMaterials/Substrate/GLints/dict_16_192_64_0p5_0p02_0006_0003.uasset" 5671
"../../../Engine/Content/EngineMaterials/Substrate/GLints/dict_16_192_64_0p5_0p02_0006_0004.uasset" 5672
"../../../Engine/Content/EngineMaterials/Substrate/GLints/dict_16_192_64_0p5_0p02_0006_0005.uasset" 5673
"../../../Engine/Content/EngineMaterials/Substrate/GLints/dict_16_192_64_0p5_0p02_0006_0006.uasset" 5674
"../../../Engine/Content/EngineMaterials/Substrate/GLints/dict_16_192_64_0p5_0p02_0006_0007.uasset" 5675
"../../../Engine/Content/EngineMaterials/Substrate/GLints/dict_16_192_64_0p5_0p02_0006_0008.uasset" 5676
"../../../Engine/Content/EngineMaterials/Substrate/GLints/dict_16_192_64_0p5_0p02_0006_0009.uasset" 5677
"../../../Engine/Content/EngineMaterials/Substrate/GLints/dict_16_192_64_0p5_0p02_0006_0010.uasset" 5678
"../../../Engine/Content/EngineMaterials/Substrate/GLints/dict_16_192_64_0p5_0p02_0006_0011.uasset" 5679
"../../../Engine/Content/EngineMaterials/Substrate/GLints/dict_16_192_64_0p5_0p02_0006_0012.uasset" 5680
"../../../Engine/Content/EngineMaterials/Substrate/GLints/dict_16_192_64_0p5_0p02_0006_0013.uasset" 5681
"../../../Engine/Content/EngineMaterials/Substrate/GLints/dict_16_192_64_0p5_0p02_0006_0014.uasset" 5682
"../../../Engine/Content/EngineMaterials/Substrate/GLints/dict_16_192_64_0p5_0p02_0006_0015.uasset" 5683
"../../../Engine/Content/EngineMaterials/Substrate/GLints/dict_16_192_64_0p5_0p02_0007_0000.uasset" 5684
"../../../Engine/Content/EngineMaterials/Substrate/GLints/dict_16_192_64_0p5_0p02_0007_0001.uasset" 5685
"../../../Engine/Content/EngineMaterials/Substrate/GLints/dict_16_192_64_0p5_0p02_0007_0002.uasset" 5686
"../../../Engine/Content/EngineMaterials/Substrate/GLints/dict_16_192_64_0p5_0p02_0007_0003.uasset" 5687
"../../../Engine/Content/EngineMaterials/Substrate/GLints/dict_16_192_64_0p5_0p02_0007_0004.uasset" 5688
"../../../Engine/Content/EngineMaterials/Substrate/GLints/dict_16_192_64_0p5_0p02_0007_0005.uasset" 5689
"../../../Engine/Content/EngineMaterials/Substrate/GLints/dict_16_192_64_0p5_0p02_0007_0006.uasset" 5690
"../../../Engine/Content/EngineMaterials/Substrate/GLints/dict_16_192_64_0p5_0p02_0007_0007.uasset" 5691
"../../../Engine/Content/EngineMaterials/Substrate/GLints/dict_16_192_64_0p5_0p02_0007_0008.uasset" 5692
"../../../Engine/Content/EngineMaterials/Substrate/GLints/dict_16_192_64_0p5_0p02_0007_0009.uasset" 5693
"../../../Engine/Content/EngineMaterials/Substrate/GLints/dict_16_192_64_0p5_0p02_0007_0010.uasset" 5694
"../../../Engine/Content/EngineMaterials/Substrate/GLints/dict_16_192_64_0p5_0p02_0007_0011.uasset" 5695
"../../../Engine/Content/EngineMaterials/Substrate/GLints/dict_16_192_64_0p5_0p02_0007_0012.uasset" 5696
"../../../Engine/Content/EngineMaterials/Substrate/GLints/dict_16_192_64_0p5_0p02_0007_0013.uasset" 5697
"../../../Engine/Content/EngineMaterials/Substrate/GLints/dict_16_192_64_0p5_0p02_0007_0014.uasset" 5698
"../../../Engine/Content/EngineMaterials/Substrate/GLints/dict_16_192_64_0p5_0p02_0007_0015.uasset" 5699
"../../../Engine/Content/EngineMaterials/Substrate/GLints/dict_16_192_64_0p5_0p02_0008_0000.uasset" 5700
"../../../Engine/Content/EngineMaterials/Substrate/GLints/dict_16_192_64_0p5_0p02_0008_0001.uasset" 5701
"../../../Engine/Content/EngineMaterials/Substrate/GLints/dict_16_192_64_0p5_0p02_0008_0002.uasset" 5702
"../../../Engine/Content/EngineMaterials/Substrate/GLints/dict_16_192_64_0p5_0p02_0008_0003.uasset" 5703
"../../../Engine/Content/EngineMaterials/Substrate/GLints/dict_16_192_64_0p5_0p02_0008_0004.uasset" 5704
"../../../Engine/Content/EngineMaterials/Substrate/GLints/dict_16_192_64_0p5_0p02_0008_0005.uasset" 5705
"../../../Engine/Content/EngineMaterials/Substrate/GLints/dict_16_192_64_0p5_0p02_0008_0006.uasset" 5706
"../../../Engine/Content/EngineMaterials/Substrate/GLints/dict_16_192_64_0p5_0p02_0008_0007.uasset" 5707
"../../../Engine/Content/EngineMaterials/Substrate/GLints/dict_16_192_64_0p5_0p02_0008_0008.uasset" 5708
"../../../Engine/Content/EngineMaterials/Substrate/GLints/dict_16_192_64_0p5_0p02_0008_0009.uasset" 5709
"../../../Engine/Content/EngineMaterials/Substrate/GLints/dict_16_192_64_0p5_0p02_0008_0010.uasset" 5710
"../../../Engine/Content/EngineMaterials/Substrate/GLints/dict_16_192_64_0p5_0p02_0008_0011.uasset" 5711
"../../../Engine/Content/EngineMaterials/Substrate/GLints/dict_16_192_64_0p5_0p02_0008_0012.uasset" 5712
"../../../Engine/Content/EngineMaterials/Substrate/GLints/dict_16_192_64_0p5_0p02_0008_0013.uasset" 5713
"../../../Engine/Content/EngineMaterials/Substrate/GLints/dict_16_192_64_0p5_0p02_0008_0014.uasset" 5714
"../../../Engine/Content/EngineMaterials/Substrate/GLints/dict_16_192_64_0p5_0p02_0008_0015.uasset" 5715
"../../../Engine/Content/EngineMaterials/Substrate/GLints/dict_16_192_64_0p5_0p02_0009_0000.uasset" 5716
"../../../Engine/Content/EngineMaterials/Substrate/GLints/dict_16_192_64_0p5_0p02_0009_0001.uasset" 5717
"../../../Engine/Content/EngineMaterials/Substrate/GLints/dict_16_192_64_0p5_0p02_0009_0002.uasset" 5718
"../../../Engine/Content/EngineMaterials/Substrate/GLints/dict_16_192_64_0p5_0p02_0009_0003.uasset" 5719
"../../../Engine/Content/EngineMaterials/Substrate/GLints/dict_16_192_64_0p5_0p02_0009_0004.uasset" 5720
"../../../Engine/Content/EngineMaterials/Substrate/GLints/dict_16_192_64_0p5_0p02_0009_0005.uasset" 5721
"../../../Engine/Content/EngineMaterials/Substrate/GLints/dict_16_192_64_0p5_0p02_0009_0006.uasset" 5722
"../../../Engine/Content/EngineMaterials/Substrate/GLints/dict_16_192_64_0p5_0p02_0009_0007.uasset" 5723
"../../../Engine/Content/EngineMaterials/Substrate/GLints/dict_16_192_64_0p5_0p02_0009_0008.uasset" 5724
"../../../Engine/Content/EngineMaterials/Substrate/GLints/dict_16_192_64_0p5_0p02_0009_0009.uasset" 5725
"../../../Engine/Content/EngineMaterials/Substrate/GLints/dict_16_192_64_0p5_0p02_0009_0010.uasset" 5726
"../../../Engine/Content/EngineMaterials/Substrate/GLints/dict_16_192_64_0p5_0p02_0009_0011.uasset" 5727
"../../../Engine/Content/EngineMaterials/Substrate/GLints/dict_16_192_64_0p5_0p02_0009_0012.uasset" 5728
"../../../Engine/Content/EngineMaterials/Substrate/GLints/dict_16_192_64_0p5_0p02_0009_0013.uasset" 5729
"../../../Engine/Content/EngineMaterials/Substrate/GLints/dict_16_192_64_0p5_0p02_0009_0014.uasset" 5730
"../../../Engine/Content/EngineMaterials/Substrate/GLints/dict_16_192_64_0p5_0p02_0009_0015.uasset" 5731
"../../../Engine/Content/EngineMaterials/Substrate/GLints/dict_16_192_64_0p5_0p02_0010_0000.uasset" 5732
"../../../Engine/Content/EngineMaterials/Substrate/GLints/dict_16_192_64_0p5_0p02_0010_0001.uasset" 5733
"../../../Engine/Content/EngineMaterials/Substrate/GLints/dict_16_192_64_0p5_0p02_0010_0002.uasset" 5734
"../../../Engine/Content/EngineMaterials/Substrate/GLints/dict_16_192_64_0p5_0p02_0010_0003.uasset" 5735
"../../../Engine/Content/EngineMaterials/Substrate/GLints/dict_16_192_64_0p5_0p02_0010_0004.uasset" 5736
"../../../Engine/Content/EngineMaterials/Substrate/GLints/dict_16_192_64_0p5_0p02_0010_0005.uasset" 5737
"../../../Engine/Content/EngineMaterials/Substrate/GLints/dict_16_192_64_0p5_0p02_0010_0006.uasset" 5738
"../../../Engine/Content/EngineMaterials/Substrate/GLints/dict_16_192_64_0p5_0p02_0010_0007.uasset" 5739
"../../../Engine/Content/EngineMaterials/Substrate/GLints/dict_16_192_64_0p5_0p02_0010_0008.uasset" 5740
"../../../Engine/Content/EngineMaterials/Substrate/GLints/dict_16_192_64_0p5_0p02_0010_0009.uasset" 5741
"../../../Engine/Content/EngineMaterials/Substrate/GLints/dict_16_192_64_0p5_0p02_0010_0010.uasset" 5742
"../../../Engine/Content/EngineMaterials/Substrate/GLints/dict_16_192_64_0p5_0p02_0010_0011.uasset" 5743
"../../../Engine/Content/EngineMaterials/Substrate/GLints/dict_16_192_64_0p5_0p02_0010_0012.uasset" 5744
"../../../Engine/Content/EngineMaterials/Substrate/GLints/dict_16_192_64_0p5_0p02_0010_0013.uasset" 5745
"../../../Engine/Content/EngineMaterials/Substrate/GLints/dict_16_192_64_0p5_0p02_0010_0014.uasset" 5746
"../../../Engine/Content/EngineMaterials/Substrate/GLints/dict_16_192_64_0p5_0p02_0010_0015.uasset" 5747
"../../../Engine/Content/EngineMaterials/Substrate/GLints/dict_16_192_64_0p5_0p02_0011_0000.uasset" 5748
"../../../Engine/Content/EngineMaterials/Substrate/GLints/dict_16_192_64_0p5_0p02_0011_0001.uasset" 5749
"../../../Engine/Content/EngineMaterials/Substrate/GLints/dict_16_192_64_0p5_0p02_0011_0002.uasset" 5750
"../../../Engine/Content/EngineMaterials/Substrate/GLints/dict_16_192_64_0p5_0p02_0011_0003.uasset" 5751
"../../../Engine/Content/EngineMaterials/Substrate/GLints/dict_16_192_64_0p5_0p02_0011_0004.uasset" 5752
"../../../Engine/Content/EngineMaterials/Substrate/GLints/dict_16_192_64_0p5_0p02_0011_0005.uasset" 5753
"../../../Engine/Content/EngineMaterials/Substrate/GLints/dict_16_192_64_0p5_0p02_0011_0006.uasset" 5754
"../../../Engine/Content/EngineMaterials/Substrate/GLints/dict_16_192_64_0p5_0p02_0011_0007.uasset" 5755
"../../../Engine/Content/EngineMaterials/Substrate/GLints/dict_16_192_64_0p5_0p02_0011_0008.uasset" 5756
"../../../Engine/Content/EngineMaterials/Substrate/GLints/dict_16_192_64_0p5_0p02_0011_0009.uasset" 5757
"../../../Engine/Content/EngineMaterials/Substrate/GLints/dict_16_192_64_0p5_0p02_0011_0010.uasset" 5758
"../../../Engine/Content/EngineMaterials/Substrate/GLints/dict_16_192_64_0p5_0p02_0011_0011.uasset" 5759
"../../../Engine/Content/EngineMaterials/Substrate/GLints/dict_16_192_64_0p5_0p02_0011_0012.uasset" 5760
"../../../Engine/Content/EngineMaterials/Substrate/GLints/dict_16_192_64_0p5_0p02_0011_0013.uasset" 5761
"../../../Engine/Content/EngineMaterials/Substrate/GLints/dict_16_192_64_0p5_0p02_0011_0014.uasset" 5762
"../../../Engine/Content/EngineMaterials/Substrate/GLints/dict_16_192_64_0p5_0p02_0011_0015.uasset" 5763
"../../../Engine/Content/EngineMaterials/Substrate/GLints/dict_16_192_64_0p5_0p02_0012_0000.uasset" 5764
"../../../Engine/Content/EngineMaterials/Substrate/GLints/dict_16_192_64_0p5_0p02_0012_0001.uasset" 5765
"../../../Engine/Content/EngineMaterials/Substrate/GLints/dict_16_192_64_0p5_0p02_0012_0002.uasset" 5766
"../../../Engine/Content/EngineMaterials/Substrate/GLints/dict_16_192_64_0p5_0p02_0012_0003.uasset" 5767
"../../../Engine/Content/EngineMaterials/Substrate/GLints/dict_16_192_64_0p5_0p02_0012_0004.uasset" 5768
"../../../Engine/Content/EngineMaterials/Substrate/GLints/dict_16_192_64_0p5_0p02_0012_0005.uasset" 5769
"../../../Engine/Content/EngineMaterials/Substrate/GLints/dict_16_192_64_0p5_0p02_0012_0006.uasset" 5770
"../../../Engine/Content/EngineMaterials/Substrate/GLints/dict_16_192_64_0p5_0p02_0012_0007.uasset" 5771
"../../../Engine/Content/EngineMaterials/Substrate/GLints/dict_16_192_64_0p5_0p02_0012_0008.uasset" 5772
"../../../Engine/Content/EngineMaterials/Substrate/GLints/dict_16_192_64_0p5_0p02_0012_0009.uasset" 5773
"../../../Engine/Content/EngineMaterials/Substrate/GLints/dict_16_192_64_0p5_0p02_0012_0010.uasset" 5774
"../../../Engine/Content/EngineMaterials/Substrate/GLints/dict_16_192_64_0p5_0p02_0012_0011.uasset" 5775
"../../../Engine/Content/EngineMaterials/Substrate/GLints/dict_16_192_64_0p5_0p02_0012_0012.uasset" 5776
"../../../Engine/Content/EngineMaterials/Substrate/GLints/dict_16_192_64_0p5_0p02_0012_0013.uasset" 5777
"../../../Engine/Content/EngineMaterials/Substrate/GLints/dict_16_192_64_0p5_0p02_0012_0014.uasset" 5778
"../../../Engine/Content/EngineMaterials/Substrate/GLints/dict_16_192_64_0p5_0p02_0012_0015.uasset" 5779
"../../../Engine/Content/EngineMaterials/Substrate/GLints/dict_16_192_64_0p5_0p02_0013_0000.uasset" 5780
"../../../Engine/Content/EngineMaterials/Substrate/GLints/dict_16_192_64_0p5_0p02_0013_0001.uasset" 5781
"../../../Engine/Content/EngineMaterials/Substrate/GLints/dict_16_192_64_0p5_0p02_0013_0002.uasset" 5782
"../../../Engine/Content/EngineMaterials/Substrate/GLints/dict_16_192_64_0p5_0p02_0013_0003.uasset" 5783
"../../../Engine/Content/EngineMaterials/Substrate/GLints/dict_16_192_64_0p5_0p02_0013_0004.uasset" 5784
"../../../Engine/Content/EngineMaterials/Substrate/GLints/dict_16_192_64_0p5_0p02_0013_0005.uasset" 5785
"../../../Engine/Content/EngineMaterials/Substrate/GLints/dict_16_192_64_0p5_0p02_0013_0006.uasset" 5786
"../../../Engine/Content/EngineMaterials/Substrate/GLints/dict_16_192_64_0p5_0p02_0013_0007.uasset" 5787
"../../../Engine/Content/EngineMaterials/Substrate/GLints/dict_16_192_64_0p5_0p02_0013_0008.uasset" 5788
"../../../Engine/Content/EngineMaterials/Substrate/GLints/dict_16_192_64_0p5_0p02_0013_0009.uasset" 5789
"../../../Engine/Content/EngineMaterials/Substrate/GLints/dict_16_192_64_0p5_0p02_0013_0010.uasset" 5790
"../../../Engine/Content/EngineMaterials/Substrate/GLints/dict_16_192_64_0p5_0p02_0013_0011.uasset" 5791
"../../../Engine/Content/EngineMaterials/Substrate/GLints/dict_16_192_64_0p5_0p02_0013_0012.uasset" 5792
"../../../Engine/Content/EngineMaterials/Substrate/GLints/dict_16_192_64_0p5_0p02_0013_0013.uasset" 5793
"../../../Engine/Content/EngineMaterials/Substrate/GLints/dict_16_192_64_0p5_0p02_0013_0014.uasset" 5794
"../../../Engine/Content/EngineMaterials/Substrate/GLints/dict_16_192_64_0p5_0p02_0013_0015.uasset" 5795
"../../../Engine/Content/EngineMaterials/Substrate/GLints/dict_16_192_64_0p5_0p02_0014_0000.uasset" 5796
"../../../Engine/Content/EngineMaterials/Substrate/GLints/dict_16_192_64_0p5_0p02_0014_0001.uasset" 5797
"../../../Engine/Content/EngineMaterials/Substrate/GLints/dict_16_192_64_0p5_0p02_0014_0002.uasset" 5798
"../../../Engine/Content/EngineMaterials/Substrate/GLints/dict_16_192_64_0p5_0p02_0014_0003.uasset" 5799
"../../../Engine/Content/EngineMaterials/Substrate/GLints/dict_16_192_64_0p5_0p02_0014_0004.uasset" 5800
"../../../Engine/Content/EngineMaterials/Substrate/GLints/dict_16_192_64_0p5_0p02_0014_0005.uasset" 5801
"../../../Engine/Content/EngineMaterials/Substrate/GLints/dict_16_192_64_0p5_0p02_0014_0006.uasset" 5802
"../../../Engine/Content/EngineMaterials/Substrate/GLints/dict_16_192_64_0p5_0p02_0014_0007.uasset" 5803
"../../../Engine/Content/EngineMaterials/Substrate/GLints/dict_16_192_64_0p5_0p02_0014_0008.uasset" 5804
"../../../Engine/Content/EngineMaterials/Substrate/GLints/dict_16_192_64_0p5_0p02_0014_0009.uasset" 5805
"../../../Engine/Content/EngineMaterials/Substrate/GLints/dict_16_192_64_0p5_0p02_0014_0010.uasset" 5806
"../../../Engine/Content/EngineMaterials/Substrate/GLints/dict_16_192_64_0p5_0p02_0014_0011.uasset" 5807
"../../../Engine/Content/EngineMaterials/Substrate/GLints/dict_16_192_64_0p5_0p02_0014_0012.uasset" 5808
"../../../Engine/Content/EngineMaterials/Substrate/GLints/dict_16_192_64_0p5_0p02_0014_0013.uasset" 5809
"../../../Engine/Content/EngineMaterials/Substrate/GLints/dict_16_192_64_0p5_0p02_0014_0014.uasset" 5810
"../../../Engine/Content/EngineMaterials/Substrate/GLints/dict_16_192_64_0p5_0p02_0014_0015.uasset" 5811
"../../../Engine/Content/EngineMaterials/Substrate/GLints/dict_16_192_64_0p5_0p02_0015_0000.uasset" 5812
"../../../Engine/Content/EngineMaterials/Substrate/GLints/dict_16_192_64_0p5_0p02_0015_0001.uasset" 5813
"../../../Engine/Content/EngineMaterials/Substrate/GLints/dict_16_192_64_0p5_0p02_0015_0002.uasset" 5814
"../../../Engine/Content/EngineMaterials/Substrate/GLints/dict_16_192_64_0p5_0p02_0015_0003.uasset" 5815
"../../../Engine/Content/EngineMaterials/Substrate/GLints/dict_16_192_64_0p5_0p02_0015_0004.uasset" 5816
"../../../Engine/Content/EngineMaterials/Substrate/GLints/dict_16_192_64_0p5_0p02_0015_0005.uasset" 5817
"../../../Engine/Content/EngineMaterials/Substrate/GLints/dict_16_192_64_0p5_0p02_0015_0006.uasset" 5818
"../../../Engine/Content/EngineMaterials/Substrate/GLints/dict_16_192_64_0p5_0p02_0015_0007.uasset" 5819
"../../../Engine/Content/EngineMaterials/Substrate/GLints/dict_16_192_64_0p5_0p02_0015_0008.uasset" 5820
"../../../Engine/Content/EngineMaterials/Substrate/GLints/dict_16_192_64_0p5_0p02_0015_0009.uasset" 5821
"../../../Engine/Content/EngineMaterials/Substrate/GLints/dict_16_192_64_0p5_0p02_0015_0010.uasset" 5822
"../../../Engine/Content/EngineMaterials/Substrate/GLints/dict_16_192_64_0p5_0p02_0015_0011.uasset" 5823
"../../../Engine/Content/EngineMaterials/Substrate/GLints/dict_16_192_64_0p5_0p02_0015_0012.uasset" 5824
"../../../Engine/Content/EngineMaterials/Substrate/GLints/dict_16_192_64_0p5_0p02_0015_0013.uasset" 5825
"../../../Engine/Content/EngineMaterials/Substrate/GLints/dict_16_192_64_0p5_0p02_0015_0014.uasset" 5826
"../../../Engine/Content/EngineMaterials/Substrate/GLints/dict_16_192_64_0p5_0p02_0015_0015.uasset" 5827
"../../../Engine/Content/EngineMaterials/Substrate/GLints/dict_16_192_64_0p5_0p02_0016_0000.uasset" 5828
"../../../Engine/Content/EngineMaterials/Substrate/GLints/dict_16_192_64_0p5_0p02_0016_0001.uasset" 5829
"../../../Engine/Content/EngineMaterials/Substrate/GLints/dict_16_192_64_0p5_0p02_0016_0002.uasset" 5830
"../../../Engine/Content/EngineMaterials/Substrate/GLints/dict_16_192_64_0p5_0p02_0016_0003.uasset" 5831
"../../../Engine/Content/EngineMaterials/Substrate/GLints/dict_16_192_64_0p5_0p02_0016_0004.uasset" 5832
"../../../Engine/Content/EngineMaterials/Substrate/GLints/dict_16_192_64_0p5_0p02_0016_0005.uasset" 5833
"../../../Engine/Content/EngineMaterials/Substrate/GLints/dict_16_192_64_0p5_0p02_0016_0006.uasset" 5834
"../../../Engine/Content/EngineMaterials/Substrate/GLints/dict_16_192_64_0p5_0p02_0016_0007.uasset" 5835
"../../../Engine/Content/EngineMaterials/Substrate/GLints/dict_16_192_64_0p5_0p02_0016_0008.uasset" 5836
"../../../Engine/Content/EngineMaterials/Substrate/GLints/dict_16_192_64_0p5_0p02_0016_0009.uasset" 5837
"../../../Engine/Content/EngineMaterials/Substrate/GLints/dict_16_192_64_0p5_0p02_0016_0010.uasset" 5838
"../../../Engine/Content/EngineMaterials/Substrate/GLints/dict_16_192_64_0p5_0p02_0016_0011.uasset" 5839
"../../../Engine/Content/EngineMaterials/Substrate/GLints/dict_16_192_64_0p5_0p02_0016_0012.uasset" 5840
"../../../Engine/Content/EngineMaterials/Substrate/GLints/dict_16_192_64_0p5_0p02_0016_0013.uasset" 5841
"../../../Engine/Content/EngineMaterials/Substrate/GLints/dict_16_192_64_0p5_0p02_0016_0014.uasset" 5842
"../../../Engine/Content/EngineMaterials/Substrate/GLints/dict_16_192_64_0p5_0p02_0016_0015.uasset" 5843
"../../../Engine/Content/EngineMaterials/Substrate/GLints/dict_16_192_64_0p5_0p02_0017_0000.uasset" 5844
"../../../Engine/Content/EngineMaterials/Substrate/GLints/dict_16_192_64_0p5_0p02_0017_0001.uasset" 5845
"../../../Engine/Content/EngineMaterials/Substrate/GLints/dict_16_192_64_0p5_0p02_0017_0002.uasset" 5846
"../../../Engine/Content/EngineMaterials/Substrate/GLints/dict_16_192_64_0p5_0p02_0017_0003.uasset" 5847
"../../../Engine/Content/EngineMaterials/Substrate/GLints/dict_16_192_64_0p5_0p02_0017_0004.uasset" 5848
"../../../Engine/Content/EngineMaterials/Substrate/GLints/dict_16_192_64_0p5_0p02_0017_0005.uasset" 5849
"../../../Engine/Content/EngineMaterials/Substrate/GLints/dict_16_192_64_0p5_0p02_0017_0006.uasset" 5850
"../../../Engine/Content/EngineMaterials/Substrate/GLints/dict_16_192_64_0p5_0p02_0017_0007.uasset" 5851
"../../../Engine/Content/EngineMaterials/Substrate/GLints/dict_16_192_64_0p5_0p02_0017_0008.uasset" 5852
"../../../Engine/Content/EngineMaterials/Substrate/GLints/dict_16_192_64_0p5_0p02_0017_0009.uasset" 5853
"../../../Engine/Content/EngineMaterials/Substrate/GLints/dict_16_192_64_0p5_0p02_0017_0010.uasset" 5854
"../../../Engine/Content/EngineMaterials/Substrate/GLints/dict_16_192_64_0p5_0p02_0017_0011.uasset" 5855
"../../../Engine/Content/EngineMaterials/Substrate/GLints/dict_16_192_64_0p5_0p02_0017_0012.uasset" 5856
"../../../Engine/Content/EngineMaterials/Substrate/GLints/dict_16_192_64_0p5_0p02_0017_0013.uasset" 5857
"../../../Engine/Content/EngineMaterials/Substrate/GLints/dict_16_192_64_0p5_0p02_0017_0014.uasset" 5858
"../../../Engine/Content/EngineMaterials/Substrate/GLints/dict_16_192_64_0p5_0p02_0017_0015.uasset" 5859
"../../../Engine/Content/EngineMaterials/Substrate/GLints/dict_16_192_64_0p5_0p02_0018_0000.uasset" 5860
"../../../Engine/Content/EngineMaterials/Substrate/GLints/dict_16_192_64_0p5_0p02_0018_0001.uasset" 5861
"../../../Engine/Content/EngineMaterials/Substrate/GLints/dict_16_192_64_0p5_0p02_0018_0002.uasset" 5862
"../../../Engine/Content/EngineMaterials/Substrate/GLints/dict_16_192_64_0p5_0p02_0018_0003.uasset" 5863
"../../../Engine/Content/EngineMaterials/Substrate/GLints/dict_16_192_64_0p5_0p02_0018_0004.uasset" 5864
"../../../Engine/Content/EngineMaterials/Substrate/GLints/dict_16_192_64_0p5_0p02_0018_0005.uasset" 5865
"../../../Engine/Content/EngineMaterials/Substrate/GLints/dict_16_192_64_0p5_0p02_0018_0006.uasset" 5866
"../../../Engine/Content/EngineMaterials/Substrate/GLints/dict_16_192_64_0p5_0p02_0018_0007.uasset" 5867
"../../../Engine/Content/EngineMaterials/Substrate/GLints/dict_16_192_64_0p5_0p02_0018_0008.uasset" 5868
"../../../Engine/Content/EngineMaterials/Substrate/GLints/dict_16_192_64_0p5_0p02_0018_0009.uasset" 5869
"../../../Engine/Content/EngineMaterials/Substrate/GLints/dict_16_192_64_0p5_0p02_0018_0010.uasset" 5870
"../../../Engine/Content/EngineMaterials/Substrate/GLints/dict_16_192_64_0p5_0p02_0018_0011.uasset" 5871
"../../../Engine/Content/EngineMaterials/Substrate/GLints/dict_16_192_64_0p5_0p02_0018_0012.uasset" 5872
"../../../Engine/Content/EngineMaterials/Substrate/GLints/dict_16_192_64_0p5_0p02_0018_0013.uasset" 5873
"../../../Engine/Content/EngineMaterials/Substrate/GLints/dict_16_192_64_0p5_0p02_0018_0014.uasset" 5874
"../../../Engine/Content/EngineMaterials/Substrate/GLints/dict_16_192_64_0p5_0p02_0018_0015.uasset" 5875
"../../../Engine/Content/EngineMaterials/Substrate/GLints/dict_16_192_64_0p5_0p02_0019_0000.uasset" 5876
"../../../Engine/Content/EngineMaterials/Substrate/GLints/dict_16_192_64_0p5_0p02_0019_0001.uasset" 5877
"../../../Engine/Content/EngineMaterials/Substrate/GLints/dict_16_192_64_0p5_0p02_0019_0002.uasset" 5878
"../../../Engine/Content/EngineMaterials/Substrate/GLints/dict_16_192_64_0p5_0p02_0019_0003.uasset" 5879
"../../../Engine/Content/EngineMaterials/Substrate/GLints/dict_16_192_64_0p5_0p02_0019_0004.uasset" 5880
"../../../Engine/Content/EngineMaterials/Substrate/GLints/dict_16_192_64_0p5_0p02_0019_0005.uasset" 5881
"../../../Engine/Content/EngineMaterials/Substrate/GLints/dict_16_192_64_0p5_0p02_0019_0006.uasset" 5882
"../../../Engine/Content/EngineMaterials/Substrate/GLints/dict_16_192_64_0p5_0p02_0019_0007.uasset" 5883
"../../../Engine/Content/EngineMaterials/Substrate/GLints/dict_16_192_64_0p5_0p02_0019_0008.uasset" 5884
"../../../Engine/Content/EngineMaterials/Substrate/GLints/dict_16_192_64_0p5_0p02_0019_0009.uasset" 5885
"../../../Engine/Content/EngineMaterials/Substrate/GLints/dict_16_192_64_0p5_0p02_0019_0010.uasset" 5886
"../../../Engine/Content/EngineMaterials/Substrate/GLints/dict_16_192_64_0p5_0p02_0019_0011.uasset" 5887
"../../../Engine/Content/EngineMaterials/Substrate/GLints/dict_16_192_64_0p5_0p02_0019_0012.uasset" 5888
"../../../Engine/Content/EngineMaterials/Substrate/GLints/dict_16_192_64_0p5_0p02_0019_0013.uasset" 5889
"../../../Engine/Content/EngineMaterials/Substrate/GLints/dict_16_192_64_0p5_0p02_0019_0014.uasset" 5890
"../../../Engine/Content/EngineMaterials/Substrate/GLints/dict_16_192_64_0p5_0p02_0019_0015.uasset" 5891
"../../../Engine/Content/EngineMaterials/Substrate/GLints/dict_16_192_64_0p5_0p02_0020_0000.uasset" 5892
"../../../Engine/Content/EngineMaterials/Substrate/GLints/dict_16_192_64_0p5_0p02_0020_0001.uasset" 5893
"../../../Engine/Content/EngineMaterials/Substrate/GLints/dict_16_192_64_0p5_0p02_0020_0002.uasset" 5894
"../../../Engine/Content/EngineMaterials/Substrate/GLints/dict_16_192_64_0p5_0p02_0020_0003.uasset" 5895
"../../../Engine/Content/EngineMaterials/Substrate/GLints/dict_16_192_64_0p5_0p02_0020_0004.uasset" 5896
"../../../Engine/Content/EngineMaterials/Substrate/GLints/dict_16_192_64_0p5_0p02_0020_0005.uasset" 5897
"../../../Engine/Content/EngineMaterials/Substrate/GLints/dict_16_192_64_0p5_0p02_0020_0006.uasset" 5898
"../../../Engine/Content/EngineMaterials/Substrate/GLints/dict_16_192_64_0p5_0p02_0020_0007.uasset" 5899
"../../../Engine/Content/EngineMaterials/Substrate/GLints/dict_16_192_64_0p5_0p02_0020_0008.uasset" 5900
"../../../Engine/Content/EngineMaterials/Substrate/GLints/dict_16_192_64_0p5_0p02_0020_0009.uasset" 5901
"../../../Engine/Content/EngineMaterials/Substrate/GLints/dict_16_192_64_0p5_0p02_0020_0010.uasset" 5902
"../../../Engine/Content/EngineMaterials/Substrate/GLints/dict_16_192_64_0p5_0p02_0020_0011.uasset" 5903
"../../../Engine/Content/EngineMaterials/Substrate/GLints/dict_16_192_64_0p5_0p02_0020_0012.uasset" 5904
"../../../Engine/Content/EngineMaterials/Substrate/GLints/dict_16_192_64_0p5_0p02_0020_0013.uasset" 5905
"../../../Engine/Content/EngineMaterials/Substrate/GLints/dict_16_192_64_0p5_0p02_0020_0014.uasset" 5906
"../../../Engine/Content/EngineMaterials/Substrate/GLints/dict_16_192_64_0p5_0p02_0020_0015.uasset" 5907
"../../../Engine/Content/EngineMaterials/Substrate/GLints/dict_16_192_64_0p5_0p02_0021_0000.uasset" 5908
"../../../Engine/Content/EngineMaterials/Substrate/GLints/dict_16_192_64_0p5_0p02_0021_0001.uasset" 5909
"../../../Engine/Content/EngineMaterials/Substrate/GLints/dict_16_192_64_0p5_0p02_0021_0002.uasset" 5910
"../../../Engine/Content/EngineMaterials/Substrate/GLints/dict_16_192_64_0p5_0p02_0021_0003.uasset" 5911
"../../../Engine/Content/EngineMaterials/Substrate/GLints/dict_16_192_64_0p5_0p02_0021_0004.uasset" 5912
"../../../Engine/Content/EngineMaterials/Substrate/GLints/dict_16_192_64_0p5_0p02_0021_0005.uasset" 5913
"../../../Engine/Content/EngineMaterials/Substrate/GLints/dict_16_192_64_0p5_0p02_0021_0006.uasset" 5914
"../../../Engine/Content/EngineMaterials/Substrate/GLints/dict_16_192_64_0p5_0p02_0021_0007.uasset" 5915
"../../../Engine/Content/EngineMaterials/Substrate/GLints/dict_16_192_64_0p5_0p02_0021_0008.uasset" 5916
"../../../Engine/Content/EngineMaterials/Substrate/GLints/dict_16_192_64_0p5_0p02_0021_0009.uasset" 5917
"../../../Engine/Content/EngineMaterials/Substrate/GLints/dict_16_192_64_0p5_0p02_0021_0010.uasset" 5918
"../../../Engine/Content/EngineMaterials/Substrate/GLints/dict_16_192_64_0p5_0p02_0021_0011.uasset" 5919
"../../../Engine/Content/EngineMaterials/Substrate/GLints/dict_16_192_64_0p5_0p02_0021_0012.uasset" 5920
"../../../Engine/Content/EngineMaterials/Substrate/GLints/dict_16_192_64_0p5_0p02_0021_0013.uasset" 5921
"../../../Engine/Content/EngineMaterials/Substrate/GLints/dict_16_192_64_0p5_0p02_0021_0014.uasset" 5922
"../../../Engine/Content/EngineMaterials/Substrate/GLints/dict_16_192_64_0p5_0p02_0021_0015.uasset" 5923
"../../../Engine/Content/EngineMaterials/Substrate/GLints/dict_16_192_64_0p5_0p02_0022_0000.uasset" 5924
"../../../Engine/Content/EngineMaterials/Substrate/GLints/dict_16_192_64_0p5_0p02_0022_0001.uasset" 5925
"../../../Engine/Content/EngineMaterials/Substrate/GLints/dict_16_192_64_0p5_0p02_0022_0002.uasset" 5926
"../../../Engine/Content/EngineMaterials/Substrate/GLints/dict_16_192_64_0p5_0p02_0022_0003.uasset" 5927
"../../../Engine/Content/EngineMaterials/Substrate/GLints/dict_16_192_64_0p5_0p02_0022_0004.uasset" 5928
"../../../Engine/Content/EngineMaterials/Substrate/GLints/dict_16_192_64_0p5_0p02_0022_0005.uasset" 5929
"../../../Engine/Content/EngineMaterials/Substrate/GLints/dict_16_192_64_0p5_0p02_0022_0006.uasset" 5930
"../../../Engine/Content/EngineMaterials/Substrate/GLints/dict_16_192_64_0p5_0p02_0022_0007.uasset" 5931
"../../../Engine/Content/EngineMaterials/Substrate/GLints/dict_16_192_64_0p5_0p02_0022_0008.uasset" 5932
"../../../Engine/Content/EngineMaterials/Substrate/GLints/dict_16_192_64_0p5_0p02_0022_0009.uasset" 5933
"../../../Engine/Content/EngineMaterials/Substrate/GLints/dict_16_192_64_0p5_0p02_0022_0010.uasset" 5934
"../../../Engine/Content/EngineMaterials/Substrate/GLints/dict_16_192_64_0p5_0p02_0022_0011.uasset" 5935
"../../../Engine/Content/EngineMaterials/Substrate/GLints/dict_16_192_64_0p5_0p02_0022_0012.uasset" 5936
"../../../Engine/Content/EngineMaterials/Substrate/GLints/dict_16_192_64_0p5_0p02_0022_0013.uasset" 5937
"../../../Engine/Content/EngineMaterials/Substrate/GLints/dict_16_192_64_0p5_0p02_0022_0014.uasset" 5938
"../../../Engine/Content/EngineMaterials/Substrate/GLints/dict_16_192_64_0p5_0p02_0022_0015.uasset" 5939
"../../../Engine/Content/EngineMaterials/Substrate/GLints/dict_16_192_64_0p5_0p02_0023_0000.uasset" 5940
"../../../Engine/Content/EngineMaterials/Substrate/GLints/dict_16_192_64_0p5_0p02_0023_0001.uasset" 5941
"../../../Engine/Content/EngineMaterials/Substrate/GLints/dict_16_192_64_0p5_0p02_0023_0002.uasset" 5942
"../../../Engine/Content/EngineMaterials/Substrate/GLints/dict_16_192_64_0p5_0p02_0023_0003.uasset" 5943
"../../../Engine/Content/EngineMaterials/Substrate/GLints/dict_16_192_64_0p5_0p02_0023_0004.uasset" 5944
"../../../Engine/Content/EngineMaterials/Substrate/GLints/dict_16_192_64_0p5_0p02_0023_0005.uasset" 5945
"../../../Engine/Content/EngineMaterials/Substrate/GLints/dict_16_192_64_0p5_0p02_0023_0006.uasset" 5946
"../../../Engine/Content/EngineMaterials/Substrate/GLints/dict_16_192_64_0p5_0p02_0023_0007.uasset" 5947
"../../../Engine/Content/EngineMaterials/Substrate/GLints/dict_16_192_64_0p5_0p02_0023_0008.uasset" 5948
"../../../Engine/Content/EngineMaterials/Substrate/GLints/dict_16_192_64_0p5_0p02_0023_0009.uasset" 5949
"../../../Engine/Content/EngineMaterials/Substrate/GLints/dict_16_192_64_0p5_0p02_0023_0010.uasset" 5950
"../../../Engine/Content/EngineMaterials/Substrate/GLints/dict_16_192_64_0p5_0p02_0023_0011.uasset" 5951
"../../../Engine/Content/EngineMaterials/Substrate/GLints/dict_16_192_64_0p5_0p02_0023_0012.uasset" 5952
"../../../Engine/Content/EngineMaterials/Substrate/GLints/dict_16_192_64_0p5_0p02_0023_0013.uasset" 5953
"../../../Engine/Content/EngineMaterials/Substrate/GLints/dict_16_192_64_0p5_0p02_0023_0014.uasset" 5954
"../../../Engine/Content/EngineMaterials/Substrate/GLints/dict_16_192_64_0p5_0p02_0023_0015.uasset" 5955
"../../../Engine/Content/EngineMaterials/Substrate/GLints/dict_16_192_64_0p5_0p02_0024_0000.uasset" 5956
"../../../Engine/Content/EngineMaterials/Substrate/GLints/dict_16_192_64_0p5_0p02_0024_0001.uasset" 5957
"../../../Engine/Content/EngineMaterials/Substrate/GLints/dict_16_192_64_0p5_0p02_0024_0002.uasset" 5958
"../../../Engine/Content/EngineMaterials/Substrate/GLints/dict_16_192_64_0p5_0p02_0024_0003.uasset" 5959
"../../../Engine/Content/EngineMaterials/Substrate/GLints/dict_16_192_64_0p5_0p02_0024_0004.uasset" 5960
"../../../Engine/Content/EngineMaterials/Substrate/GLints/dict_16_192_64_0p5_0p02_0024_0005.uasset" 5961
"../../../Engine/Content/EngineMaterials/Substrate/GLints/dict_16_192_64_0p5_0p02_0024_0006.uasset" 5962
"../../../Engine/Content/EngineMaterials/Substrate/GLints/dict_16_192_64_0p5_0p02_0024_0007.uasset" 5963
"../../../Engine/Content/EngineMaterials/Substrate/GLints/dict_16_192_64_0p5_0p02_0024_0008.uasset" 5964
"../../../Engine/Content/EngineMaterials/Substrate/GLints/dict_16_192_64_0p5_0p02_0024_0009.uasset" 5965
"../../../Engine/Content/EngineMaterials/Substrate/GLints/dict_16_192_64_0p5_0p02_0024_0010.uasset" 5966
"../../../Engine/Content/EngineMaterials/Substrate/GLints/dict_16_192_64_0p5_0p02_0024_0011.uasset" 5967
"../../../Engine/Content/EngineMaterials/Substrate/GLints/dict_16_192_64_0p5_0p02_0024_0012.uasset" 5968
"../../../Engine/Content/EngineMaterials/Substrate/GLints/dict_16_192_64_0p5_0p02_0024_0013.uasset" 5969
"../../../Engine/Content/EngineMaterials/Substrate/GLints/dict_16_192_64_0p5_0p02_0024_0014.uasset" 5970
"../../../Engine/Content/EngineMaterials/Substrate/GLints/dict_16_192_64_0p5_0p02_0024_0015.uasset" 5971
"../../../Engine/Content/EngineMaterials/Substrate/GLints/dict_16_192_64_0p5_0p02_0025_0000.uasset" 5972
"../../../Engine/Content/EngineMaterials/Substrate/GLints/dict_16_192_64_0p5_0p02_0025_0001.uasset" 5973
"../../../Engine/Content/EngineMaterials/Substrate/GLints/dict_16_192_64_0p5_0p02_0025_0002.uasset" 5974
"../../../Engine/Content/EngineMaterials/Substrate/GLints/dict_16_192_64_0p5_0p02_0025_0003.uasset" 5975
"../../../Engine/Content/EngineMaterials/Substrate/GLints/dict_16_192_64_0p5_0p02_0025_0004.uasset" 5976
"../../../Engine/Content/EngineMaterials/Substrate/GLints/dict_16_192_64_0p5_0p02_0025_0005.uasset" 5977
"../../../Engine/Content/EngineMaterials/Substrate/GLints/dict_16_192_64_0p5_0p02_0025_0006.uasset" 5978
"../../../Engine/Content/EngineMaterials/Substrate/GLints/dict_16_192_64_0p5_0p02_0025_0007.uasset" 5979
"../../../Engine/Content/EngineMaterials/Substrate/GLints/dict_16_192_64_0p5_0p02_0025_0008.uasset" 5980
"../../../Engine/Content/EngineMaterials/Substrate/GLints/dict_16_192_64_0p5_0p02_0025_0009.uasset" 5981
"../../../Engine/Content/EngineMaterials/Substrate/GLints/dict_16_192_64_0p5_0p02_0025_0010.uasset" 5982
"../../../Engine/Content/EngineMaterials/Substrate/GLints/dict_16_192_64_0p5_0p02_0025_0011.uasset" 5983
"../../../Engine/Content/EngineMaterials/Substrate/GLints/dict_16_192_64_0p5_0p02_0025_0012.uasset" 5984
"../../../Engine/Content/EngineMaterials/Substrate/GLints/dict_16_192_64_0p5_0p02_0025_0013.uasset" 5985
"../../../Engine/Content/EngineMaterials/Substrate/GLints/dict_16_192_64_0p5_0p02_0025_0014.uasset" 5986
"../../../Engine/Content/EngineMaterials/Substrate/GLints/dict_16_192_64_0p5_0p02_0025_0015.uasset" 5987
"../../../Engine/Content/EngineMaterials/Substrate/GLints/dict_16_192_64_0p5_0p02_0026_0000.uasset" 5988
"../../../Engine/Content/EngineMaterials/Substrate/GLints/dict_16_192_64_0p5_0p02_0026_0001.uasset" 5989
"../../../Engine/Content/EngineMaterials/Substrate/GLints/dict_16_192_64_0p5_0p02_0026_0002.uasset" 5990
"../../../Engine/Content/EngineMaterials/Substrate/GLints/dict_16_192_64_0p5_0p02_0026_0003.uasset" 5991
"../../../Engine/Content/EngineMaterials/Substrate/GLints/dict_16_192_64_0p5_0p02_0026_0004.uasset" 5992
"../../../Engine/Content/EngineMaterials/Substrate/GLints/dict_16_192_64_0p5_0p02_0026_0005.uasset" 5993
"../../../Engine/Content/EngineMaterials/Substrate/GLints/dict_16_192_64_0p5_0p02_0026_0006.uasset" 5994
"../../../Engine/Content/EngineMaterials/Substrate/GLints/dict_16_192_64_0p5_0p02_0026_0007.uasset" 5995
"../../../Engine/Content/EngineMaterials/Substrate/GLints/dict_16_192_64_0p5_0p02_0026_0008.uasset" 5996
"../../../Engine/Content/EngineMaterials/Substrate/GLints/dict_16_192_64_0p5_0p02_0026_0009.uasset" 5997
"../../../Engine/Content/EngineMaterials/Substrate/GLints/dict_16_192_64_0p5_0p02_0026_0010.uasset" 5998
"../../../Engine/Content/EngineMaterials/Substrate/GLints/dict_16_192_64_0p5_0p02_0026_0011.uasset" 5999
"../../../Engine/Content/EngineMaterials/Substrate/GLints/dict_16_192_64_0p5_0p02_0026_0012.uasset" 6000
"../../../Engine/Content/EngineMaterials/Substrate/GLints/dict_16_192_64_0p5_0p02_0026_0013.uasset" 6001
"../../../Engine/Content/EngineMaterials/Substrate/GLints/dict_16_192_64_0p5_0p02_0026_0014.uasset" 6002
"../../../Engine/Content/EngineMaterials/Substrate/GLints/dict_16_192_64_0p5_0p02_0026_0015.uasset" 6003
"../../../Engine/Content/EngineMaterials/Substrate/GLints/dict_16_192_64_0p5_0p02_0027_0000.uasset" 6004
"../../../Engine/Content/EngineMaterials/Substrate/GLints/dict_16_192_64_0p5_0p02_0027_0001.uasset" 6005
"../../../Engine/Content/EngineMaterials/Substrate/GLints/dict_16_192_64_0p5_0p02_0027_0002.uasset" 6006
"../../../Engine/Content/EngineMaterials/Substrate/GLints/dict_16_192_64_0p5_0p02_0027_0003.uasset" 6007
"../../../Engine/Content/EngineMaterials/Substrate/GLints/dict_16_192_64_0p5_0p02_0027_0004.uasset" 6008
"../../../Engine/Content/EngineMaterials/Substrate/GLints/dict_16_192_64_0p5_0p02_0027_0005.uasset" 6009
"../../../Engine/Content/EngineMaterials/Substrate/GLints/dict_16_192_64_0p5_0p02_0027_0006.uasset" 6010
"../../../Engine/Content/EngineMaterials/Substrate/GLints/dict_16_192_64_0p5_0p02_0027_0007.uasset" 6011
"../../../Engine/Content/EngineMaterials/Substrate/GLints/dict_16_192_64_0p5_0p02_0027_0008.uasset" 6012
"../../../Engine/Content/EngineMaterials/Substrate/GLints/dict_16_192_64_0p5_0p02_0027_0009.uasset" 6013
"../../../Engine/Content/EngineMaterials/Substrate/GLints/dict_16_192_64_0p5_0p02_0027_0010.uasset" 6014
"../../../Engine/Content/EngineMaterials/Substrate/GLints/dict_16_192_64_0p5_0p02_0027_0011.uasset" 6015
"../../../Engine/Content/EngineMaterials/Substrate/GLints/dict_16_192_64_0p5_0p02_0027_0012.uasset" 6016
"../../../Engine/Content/EngineMaterials/Substrate/GLints/dict_16_192_64_0p5_0p02_0027_0013.uasset" 6017
"../../../Engine/Content/EngineMaterials/Substrate/GLints/dict_16_192_64_0p5_0p02_0027_0014.uasset" 6018
"../../../Engine/Content/EngineMaterials/Substrate/GLints/dict_16_192_64_0p5_0p02_0027_0015.uasset" 6019
"../../../Engine/Content/EngineMaterials/Substrate/GLints/dict_16_192_64_0p5_0p02_0028_0000.uasset" 6020
"../../../Engine/Content/EngineMaterials/Substrate/GLints/dict_16_192_64_0p5_0p02_0028_0001.uasset" 6021
"../../../Engine/Content/EngineMaterials/Substrate/GLints/dict_16_192_64_0p5_0p02_0028_0002.uasset" 6022
"../../../Engine/Content/EngineMaterials/Substrate/GLints/dict_16_192_64_0p5_0p02_0028_0003.uasset" 6023
"../../../Engine/Content/EngineMaterials/Substrate/GLints/dict_16_192_64_0p5_0p02_0028_0004.uasset" 6024
"../../../Engine/Content/EngineMaterials/Substrate/GLints/dict_16_192_64_0p5_0p02_0028_0005.uasset" 6025
"../../../Engine/Content/EngineMaterials/Substrate/GLints/dict_16_192_64_0p5_0p02_0028_0006.uasset" 6026
"../../../Engine/Content/EngineMaterials/Substrate/GLints/dict_16_192_64_0p5_0p02_0028_0007.uasset" 6027
"../../../Engine/Content/EngineMaterials/Substrate/GLints/dict_16_192_64_0p5_0p02_0028_0008.uasset" 6028
"../../../Engine/Content/EngineMaterials/Substrate/GLints/dict_16_192_64_0p5_0p02_0028_0009.uasset" 6029
"../../../Engine/Content/EngineMaterials/Substrate/GLints/dict_16_192_64_0p5_0p02_0028_0010.uasset" 6030
"../../../Engine/Content/EngineMaterials/Substrate/GLints/dict_16_192_64_0p5_0p02_0028_0011.uasset" 6031
"../../../Engine/Content/EngineMaterials/Substrate/GLints/dict_16_192_64_0p5_0p02_0028_0012.uasset" 6032
"../../../Engine/Content/EngineMaterials/Substrate/GLints/dict_16_192_64_0p5_0p02_0028_0013.uasset" 6033
"../../../Engine/Content/EngineMaterials/Substrate/GLints/dict_16_192_64_0p5_0p02_0028_0014.uasset" 6034
"../../../Engine/Content/EngineMaterials/Substrate/GLints/dict_16_192_64_0p5_0p02_0028_0015.uasset" 6035
"../../../Engine/Content/EngineMaterials/Substrate/GLints/dict_16_192_64_0p5_0p02_0029_0000.uasset" 6036
"../../../Engine/Content/EngineMaterials/Substrate/GLints/dict_16_192_64_0p5_0p02_0029_0001.uasset" 6037
"../../../Engine/Content/EngineMaterials/Substrate/GLints/dict_16_192_64_0p5_0p02_0029_0002.uasset" 6038
"../../../Engine/Content/EngineMaterials/Substrate/GLints/dict_16_192_64_0p5_0p02_0029_0003.uasset" 6039
"../../../Engine/Content/EngineMaterials/Substrate/GLints/dict_16_192_64_0p5_0p02_0029_0004.uasset" 6040
"../../../Engine/Content/EngineMaterials/Substrate/GLints/dict_16_192_64_0p5_0p02_0029_0005.uasset" 6041
"../../../Engine/Content/EngineMaterials/Substrate/GLints/dict_16_192_64_0p5_0p02_0029_0006.uasset" 6042
"../../../Engine/Content/EngineMaterials/Substrate/GLints/dict_16_192_64_0p5_0p02_0029_0007.uasset" 6043
"../../../Engine/Content/EngineMaterials/Substrate/GLints/dict_16_192_64_0p5_0p02_0029_0008.uasset" 6044
"../../../Engine/Content/EngineMaterials/Substrate/GLints/dict_16_192_64_0p5_0p02_0029_0009.uasset" 6045
"../../../Engine/Content/EngineMaterials/Substrate/GLints/dict_16_192_64_0p5_0p02_0029_0010.uasset" 6046
"../../../Engine/Content/EngineMaterials/Substrate/GLints/dict_16_192_64_0p5_0p02_0029_0011.uasset" 6047
"../../../Engine/Content/EngineMaterials/Substrate/GLints/dict_16_192_64_0p5_0p02_0029_0012.uasset" 6048
"../../../Engine/Content/EngineMaterials/Substrate/GLints/dict_16_192_64_0p5_0p02_0029_0013.uasset" 6049
"../../../Engine/Content/EngineMaterials/Substrate/GLints/dict_16_192_64_0p5_0p02_0029_0014.uasset" 6050
"../../../Engine/Content/EngineMaterials/Substrate/GLints/dict_16_192_64_0p5_0p02_0029_0015.uasset" 6051
"../../../Engine/Content/EngineMaterials/Substrate/GLints/dict_16_192_64_0p5_0p02_0030_0000.uasset" 6052
"../../../Engine/Content/EngineMaterials/Substrate/GLints/dict_16_192_64_0p5_0p02_0030_0001.uasset" 6053
"../../../Engine/Content/EngineMaterials/Substrate/GLints/dict_16_192_64_0p5_0p02_0030_0002.uasset" 6054
"../../../Engine/Content/EngineMaterials/Substrate/GLints/dict_16_192_64_0p5_0p02_0030_0003.uasset" 6055
"../../../Engine/Content/EngineMaterials/Substrate/GLints/dict_16_192_64_0p5_0p02_0030_0004.uasset" 6056
"../../../Engine/Content/EngineMaterials/Substrate/GLints/dict_16_192_64_0p5_0p02_0030_0005.uasset" 6057
"../../../Engine/Content/EngineMaterials/Substrate/GLints/dict_16_192_64_0p5_0p02_0030_0006.uasset" 6058
"../../../Engine/Content/EngineMaterials/Substrate/GLints/dict_16_192_64_0p5_0p02_0030_0007.uasset" 6059
"../../../Engine/Content/EngineMaterials/Substrate/GLints/dict_16_192_64_0p5_0p02_0030_0008.uasset" 6060
"../../../Engine/Content/EngineMaterials/Substrate/GLints/dict_16_192_64_0p5_0p02_0030_0009.uasset" 6061
"../../../Engine/Content/EngineMaterials/Substrate/GLints/dict_16_192_64_0p5_0p02_0030_0010.uasset" 6062
"../../../Engine/Content/EngineMaterials/Substrate/GLints/dict_16_192_64_0p5_0p02_0030_0011.uasset" 6063
"../../../Engine/Content/EngineMaterials/Substrate/GLints/dict_16_192_64_0p5_0p02_0030_0012.uasset" 6064
"../../../Engine/Content/EngineMaterials/Substrate/GLints/dict_16_192_64_0p5_0p02_0030_0013.uasset" 6065
"../../../Engine/Content/EngineMaterials/Substrate/GLints/dict_16_192_64_0p5_0p02_0030_0014.uasset" 6066
"../../../Engine/Content/EngineMaterials/Substrate/GLints/dict_16_192_64_0p5_0p02_0030_0015.uasset" 6067
"../../../Engine/Content/EngineMaterials/Substrate/GLints/dict_16_192_64_0p5_0p02_0031_0000.uasset" 6068
"../../../Engine/Content/EngineMaterials/Substrate/GLints/dict_16_192_64_0p5_0p02_0031_0001.uasset" 6069
"../../../Engine/Content/EngineMaterials/Substrate/GLints/dict_16_192_64_0p5_0p02_0031_0002.uasset" 6070
"../../../Engine/Content/EngineMaterials/Substrate/GLints/dict_16_192_64_0p5_0p02_0031_0003.uasset" 6071
"../../../Engine/Content/EngineMaterials/Substrate/GLints/dict_16_192_64_0p5_0p02_0031_0004.uasset" 6072
"../../../Engine/Content/EngineMaterials/Substrate/GLints/dict_16_192_64_0p5_0p02_0031_0005.uasset" 6073
"../../../Engine/Content/EngineMaterials/Substrate/GLints/dict_16_192_64_0p5_0p02_0031_0006.uasset" 6074
"../../../Engine/Content/EngineMaterials/Substrate/GLints/dict_16_192_64_0p5_0p02_0031_0007.uasset" 6075
"../../../Engine/Content/EngineMaterials/Substrate/GLints/dict_16_192_64_0p5_0p02_0031_0008.uasset" 6076
"../../../Engine/Content/EngineMaterials/Substrate/GLints/dict_16_192_64_0p5_0p02_0031_0009.uasset" 6077
"../../../Engine/Content/EngineMaterials/Substrate/GLints/dict_16_192_64_0p5_0p02_0031_0010.uasset" 6078
"../../../Engine/Content/EngineMaterials/Substrate/GLints/dict_16_192_64_0p5_0p02_0031_0011.uasset" 6079
"../../../Engine/Content/EngineMaterials/Substrate/GLints/dict_16_192_64_0p5_0p02_0031_0012.uasset" 6080
"../../../Engine/Content/EngineMaterials/Substrate/GLints/dict_16_192_64_0p5_0p02_0031_0013.uasset" 6081
"../../../Engine/Content/EngineMaterials/Substrate/GLints/dict_16_192_64_0p5_0p02_0031_0014.uasset" 6082
"../../../Engine/Content/EngineMaterials/Substrate/GLints/dict_16_192_64_0p5_0p02_0031_0015.uasset" 6083
"../../../Engine/Content/EngineMaterials/Substrate/GLints/dict_16_192_64_0p5_0p02_0032_0000.uasset" 6084
"../../../Engine/Content/EngineMaterials/Substrate/GLints/dict_16_192_64_0p5_0p02_0032_0001.uasset" 6085
"../../../Engine/Content/EngineMaterials/Substrate/GLints/dict_16_192_64_0p5_0p02_0032_0002.uasset" 6086
"../../../Engine/Content/EngineMaterials/Substrate/GLints/dict_16_192_64_0p5_0p02_0032_0003.uasset" 6087
"../../../Engine/Content/EngineMaterials/Substrate/GLints/dict_16_192_64_0p5_0p02_0032_0004.uasset" 6088
"../../../Engine/Content/EngineMaterials/Substrate/GLints/dict_16_192_64_0p5_0p02_0032_0005.uasset" 6089
"../../../Engine/Content/EngineMaterials/Substrate/GLints/dict_16_192_64_0p5_0p02_0032_0006.uasset" 6090
"../../../Engine/Content/EngineMaterials/Substrate/GLints/dict_16_192_64_0p5_0p02_0032_0007.uasset" 6091
"../../../Engine/Content/EngineMaterials/Substrate/GLints/dict_16_192_64_0p5_0p02_0032_0008.uasset" 6092
"../../../Engine/Content/EngineMaterials/Substrate/GLints/dict_16_192_64_0p5_0p02_0032_0009.uasset" 6093
"../../../Engine/Content/EngineMaterials/Substrate/GLints/dict_16_192_64_0p5_0p02_0032_0010.uasset" 6094
"../../../Engine/Content/EngineMaterials/Substrate/GLints/dict_16_192_64_0p5_0p02_0032_0011.uasset" 6095
"../../../Engine/Content/EngineMaterials/Substrate/GLints/dict_16_192_64_0p5_0p02_0032_0012.uasset" 6096
"../../../Engine/Content/EngineMaterials/Substrate/GLints/dict_16_192_64_0p5_0p02_0032_0013.uasset" 6097
"../../../Engine/Content/EngineMaterials/Substrate/GLints/dict_16_192_64_0p5_0p02_0032_0014.uasset" 6098
"../../../Engine/Content/EngineMaterials/Substrate/GLints/dict_16_192_64_0p5_0p02_0032_0015.uasset" 6099
"../../../Engine/Content/EngineMaterials/Substrate/GLints/dict_16_192_64_0p5_0p02_0033_0000.uasset" 6100
"../../../Engine/Content/EngineMaterials/Substrate/GLints/dict_16_192_64_0p5_0p02_0033_0001.uasset" 6101
"../../../Engine/Content/EngineMaterials/Substrate/GLints/dict_16_192_64_0p5_0p02_0033_0002.uasset" 6102
"../../../Engine/Content/EngineMaterials/Substrate/GLints/dict_16_192_64_0p5_0p02_0033_0003.uasset" 6103
"../../../Engine/Content/EngineMaterials/Substrate/GLints/dict_16_192_64_0p5_0p02_0033_0004.uasset" 6104
"../../../Engine/Content/EngineMaterials/Substrate/GLints/dict_16_192_64_0p5_0p02_0033_0005.uasset" 6105
"../../../Engine/Content/EngineMaterials/Substrate/GLints/dict_16_192_64_0p5_0p02_0033_0006.uasset" 6106
"../../../Engine/Content/EngineMaterials/Substrate/GLints/dict_16_192_64_0p5_0p02_0033_0007.uasset" 6107
"../../../Engine/Content/EngineMaterials/Substrate/GLints/dict_16_192_64_0p5_0p02_0033_0008.uasset" 6108
"../../../Engine/Content/EngineMaterials/Substrate/GLints/dict_16_192_64_0p5_0p02_0033_0009.uasset" 6109
"../../../Engine/Content/EngineMaterials/Substrate/GLints/dict_16_192_64_0p5_0p02_0033_0010.uasset" 6110
"../../../Engine/Content/EngineMaterials/Substrate/GLints/dict_16_192_64_0p5_0p02_0033_0011.uasset" 6111
"../../../Engine/Content/EngineMaterials/Substrate/GLints/dict_16_192_64_0p5_0p02_0033_0012.uasset" 6112
"../../../Engine/Content/EngineMaterials/Substrate/GLints/dict_16_192_64_0p5_0p02_0033_0013.uasset" 6113
"../../../Engine/Content/EngineMaterials/Substrate/GLints/dict_16_192_64_0p5_0p02_0033_0014.uasset" 6114
"../../../Engine/Content/EngineMaterials/Substrate/GLints/dict_16_192_64_0p5_0p02_0033_0015.uasset" 6115
"../../../Engine/Content/EngineMaterials/Substrate/GLints/dict_16_192_64_0p5_0p02_0034_0000.uasset" 6116
"../../../Engine/Content/EngineMaterials/Substrate/GLints/dict_16_192_64_0p5_0p02_0034_0001.uasset" 6117
"../../../Engine/Content/EngineMaterials/Substrate/GLints/dict_16_192_64_0p5_0p02_0034_0002.uasset" 6118
"../../../Engine/Content/EngineMaterials/Substrate/GLints/dict_16_192_64_0p5_0p02_0034_0003.uasset" 6119
"../../../Engine/Content/EngineMaterials/Substrate/GLints/dict_16_192_64_0p5_0p02_0034_0004.uasset" 6120
"../../../Engine/Content/EngineMaterials/Substrate/GLints/dict_16_192_64_0p5_0p02_0034_0005.uasset" 6121
"../../../Engine/Content/EngineMaterials/Substrate/GLints/dict_16_192_64_0p5_0p02_0034_0006.uasset" 6122
"../../../Engine/Content/EngineMaterials/Substrate/GLints/dict_16_192_64_0p5_0p02_0034_0007.uasset" 6123
"../../../Engine/Content/EngineMaterials/Substrate/GLints/dict_16_192_64_0p5_0p02_0034_0008.uasset" 6124
"../../../Engine/Content/EngineMaterials/Substrate/GLints/dict_16_192_64_0p5_0p02_0034_0009.uasset" 6125
"../../../Engine/Content/EngineMaterials/Substrate/GLints/dict_16_192_64_0p5_0p02_0034_0010.uasset" 6126
"../../../Engine/Content/EngineMaterials/Substrate/GLints/dict_16_192_64_0p5_0p02_0034_0011.uasset" 6127
"../../../Engine/Content/EngineMaterials/Substrate/GLints/dict_16_192_64_0p5_0p02_0034_0012.uasset" 6128
"../../../Engine/Content/EngineMaterials/Substrate/GLints/dict_16_192_64_0p5_0p02_0034_0013.uasset" 6129
"../../../Engine/Content/EngineMaterials/Substrate/GLints/dict_16_192_64_0p5_0p02_0034_0014.uasset" 6130
"../../../Engine/Content/EngineMaterials/Substrate/GLints/dict_16_192_64_0p5_0p02_0034_0015.uasset" 6131
"../../../Engine/Content/EngineMaterials/Substrate/GLints/dict_16_192_64_0p5_0p02_0035_0000.uasset" 6132
"../../../Engine/Content/EngineMaterials/Substrate/GLints/dict_16_192_64_0p5_0p02_0035_0001.uasset" 6133
"../../../Engine/Content/EngineMaterials/Substrate/GLints/dict_16_192_64_0p5_0p02_0035_0002.uasset" 6134
"../../../Engine/Content/EngineMaterials/Substrate/GLints/dict_16_192_64_0p5_0p02_0035_0003.uasset" 6135
"../../../Engine/Content/EngineMaterials/Substrate/GLints/dict_16_192_64_0p5_0p02_0035_0004.uasset" 6136
"../../../Engine/Content/EngineMaterials/Substrate/GLints/dict_16_192_64_0p5_0p02_0035_0005.uasset" 6137
"../../../Engine/Content/EngineMaterials/Substrate/GLints/dict_16_192_64_0p5_0p02_0035_0006.uasset" 6138
"../../../Engine/Content/EngineMaterials/Substrate/GLints/dict_16_192_64_0p5_0p02_0035_0007.uasset" 6139
"../../../Engine/Content/EngineMaterials/Substrate/GLints/dict_16_192_64_0p5_0p02_0035_0008.uasset" 6140
"../../../Engine/Content/EngineMaterials/Substrate/GLints/dict_16_192_64_0p5_0p02_0035_0009.uasset" 6141
"../../../Engine/Content/EngineMaterials/Substrate/GLints/dict_16_192_64_0p5_0p02_0035_0010.uasset" 6142
"../../../Engine/Content/EngineMaterials/Substrate/GLints/dict_16_192_64_0p5_0p02_0035_0011.uasset" 6143
"../../../Engine/Content/EngineMaterials/Substrate/GLints/dict_16_192_64_0p5_0p02_0035_0012.uasset" 6144
"../../../Engine/Content/EngineMaterials/Substrate/GLints/dict_16_192_64_0p5_0p02_0035_0013.uasset" 6145
"../../../Engine/Content/EngineMaterials/Substrate/GLints/dict_16_192_64_0p5_0p02_0035_0014.uasset" 6146
"../../../Engine/Content/EngineMaterials/Substrate/GLints/dict_16_192_64_0p5_0p02_0035_0015.uasset" 6147
"../../../Engine/Content/EngineMaterials/Substrate/GLints/dict_16_192_64_0p5_0p02_0036_0000.uasset" 6148
"../../../Engine/Content/EngineMaterials/Substrate/GLints/dict_16_192_64_0p5_0p02_0036_0001.uasset" 6149
"../../../Engine/Content/EngineMaterials/Substrate/GLints/dict_16_192_64_0p5_0p02_0036_0002.uasset" 6150
"../../../Engine/Content/EngineMaterials/Substrate/GLints/dict_16_192_64_0p5_0p02_0036_0003.uasset" 6151
"../../../Engine/Content/EngineMaterials/Substrate/GLints/dict_16_192_64_0p5_0p02_0036_0004.uasset" 6152
"../../../Engine/Content/EngineMaterials/Substrate/GLints/dict_16_192_64_0p5_0p02_0036_0005.uasset" 6153
"../../../Engine/Content/EngineMaterials/Substrate/GLints/dict_16_192_64_0p5_0p02_0036_0006.uasset" 6154
"../../../Engine/Content/EngineMaterials/Substrate/GLints/dict_16_192_64_0p5_0p02_0036_0007.uasset" 6155
"../../../Engine/Content/EngineMaterials/Substrate/GLints/dict_16_192_64_0p5_0p02_0036_0008.uasset" 6156
"../../../Engine/Content/EngineMaterials/Substrate/GLints/dict_16_192_64_0p5_0p02_0036_0009.uasset" 6157
"../../../Engine/Content/EngineMaterials/Substrate/GLints/dict_16_192_64_0p5_0p02_0036_0010.uasset" 6158
"../../../Engine/Content/EngineMaterials/Substrate/GLints/dict_16_192_64_0p5_0p02_0036_0011.uasset" 6159
"../../../Engine/Content/EngineMaterials/Substrate/GLints/dict_16_192_64_0p5_0p02_0036_0012.uasset" 6160
"../../../Engine/Content/EngineMaterials/Substrate/GLints/dict_16_192_64_0p5_0p02_0036_0013.uasset" 6161
"../../../Engine/Content/EngineMaterials/Substrate/GLints/dict_16_192_64_0p5_0p02_0036_0014.uasset" 6162
"../../../Engine/Content/EngineMaterials/Substrate/GLints/dict_16_192_64_0p5_0p02_0036_0015.uasset" 6163
"../../../Engine/Content/EngineMaterials/Substrate/GLints/dict_16_192_64_0p5_0p02_0037_0000.uasset" 6164
"../../../Engine/Content/EngineMaterials/Substrate/GLints/dict_16_192_64_0p5_0p02_0037_0001.uasset" 6165
"../../../Engine/Content/EngineMaterials/Substrate/GLints/dict_16_192_64_0p5_0p02_0037_0002.uasset" 6166
"../../../Engine/Content/EngineMaterials/Substrate/GLints/dict_16_192_64_0p5_0p02_0037_0003.uasset" 6167
"../../../Engine/Content/EngineMaterials/Substrate/GLints/dict_16_192_64_0p5_0p02_0037_0004.uasset" 6168
"../../../Engine/Content/EngineMaterials/Substrate/GLints/dict_16_192_64_0p5_0p02_0037_0005.uasset" 6169
"../../../Engine/Content/EngineMaterials/Substrate/GLints/dict_16_192_64_0p5_0p02_0037_0006.uasset" 6170
"../../../Engine/Content/EngineMaterials/Substrate/GLints/dict_16_192_64_0p5_0p02_0037_0007.uasset" 6171
"../../../Engine/Content/EngineMaterials/Substrate/GLints/dict_16_192_64_0p5_0p02_0037_0008.uasset" 6172
"../../../Engine/Content/EngineMaterials/Substrate/GLints/dict_16_192_64_0p5_0p02_0037_0009.uasset" 6173
"../../../Engine/Content/EngineMaterials/Substrate/GLints/dict_16_192_64_0p5_0p02_0037_0010.uasset" 6174
"../../../Engine/Content/EngineMaterials/Substrate/GLints/dict_16_192_64_0p5_0p02_0037_0011.uasset" 6175
"../../../Engine/Content/EngineMaterials/Substrate/GLints/dict_16_192_64_0p5_0p02_0037_0012.uasset" 6176
"../../../Engine/Content/EngineMaterials/Substrate/GLints/dict_16_192_64_0p5_0p02_0037_0013.uasset" 6177
"../../../Engine/Content/EngineMaterials/Substrate/GLints/dict_16_192_64_0p5_0p02_0037_0014.uasset" 6178
"../../../Engine/Content/EngineMaterials/Substrate/GLints/dict_16_192_64_0p5_0p02_0037_0015.uasset" 6179
"../../../Engine/Content/EngineMaterials/Substrate/GLints/dict_16_192_64_0p5_0p02_0038_0000.uasset" 6180
"../../../Engine/Content/EngineMaterials/Substrate/GLints/dict_16_192_64_0p5_0p02_0038_0001.uasset" 6181
"../../../Engine/Content/EngineMaterials/Substrate/GLints/dict_16_192_64_0p5_0p02_0038_0002.uasset" 6182
"../../../Engine/Content/EngineMaterials/Substrate/GLints/dict_16_192_64_0p5_0p02_0038_0003.uasset" 6183
"../../../Engine/Content/EngineMaterials/Substrate/GLints/dict_16_192_64_0p5_0p02_0038_0004.uasset" 6184
"../../../Engine/Content/EngineMaterials/Substrate/GLints/dict_16_192_64_0p5_0p02_0038_0005.uasset" 6185
"../../../Engine/Content/EngineMaterials/Substrate/GLints/dict_16_192_64_0p5_0p02_0038_0006.uasset" 6186
"../../../Engine/Content/EngineMaterials/Substrate/GLints/dict_16_192_64_0p5_0p02_0038_0007.uasset" 6187
"../../../Engine/Content/EngineMaterials/Substrate/GLints/dict_16_192_64_0p5_0p02_0038_0008.uasset" 6188
"../../../Engine/Content/EngineMaterials/Substrate/GLints/dict_16_192_64_0p5_0p02_0038_0009.uasset" 6189
"../../../Engine/Content/EngineMaterials/Substrate/GLints/dict_16_192_64_0p5_0p02_0038_0010.uasset" 6190
"../../../Engine/Content/EngineMaterials/Substrate/GLints/dict_16_192_64_0p5_0p02_0038_0011.uasset" 6191
"../../../Engine/Content/EngineMaterials/Substrate/GLints/dict_16_192_64_0p5_0p02_0038_0012.uasset" 6192
"../../../Engine/Content/EngineMaterials/Substrate/GLints/dict_16_192_64_0p5_0p02_0038_0013.uasset" 6193
"../../../Engine/Content/EngineMaterials/Substrate/GLints/dict_16_192_64_0p5_0p02_0038_0014.uasset" 6194
"../../../Engine/Content/EngineMaterials/Substrate/GLints/dict_16_192_64_0p5_0p02_0038_0015.uasset" 6195
"../../../Engine/Content/EngineMaterials/Substrate/GLints/dict_16_192_64_0p5_0p02_0039_0000.uasset" 6196
"../../../Engine/Content/EngineMaterials/Substrate/GLints/dict_16_192_64_0p5_0p02_0039_0001.uasset" 6197
"../../../Engine/Content/EngineMaterials/Substrate/GLints/dict_16_192_64_0p5_0p02_0039_0002.uasset" 6198
"../../../Engine/Content/EngineMaterials/Substrate/GLints/dict_16_192_64_0p5_0p02_0039_0003.uasset" 6199
"../../../Engine/Content/EngineMaterials/Substrate/GLints/dict_16_192_64_0p5_0p02_0039_0004.uasset" 6200
"../../../Engine/Content/EngineMaterials/Substrate/GLints/dict_16_192_64_0p5_0p02_0039_0005.uasset" 6201
"../../../Engine/Content/EngineMaterials/Substrate/GLints/dict_16_192_64_0p5_0p02_0039_0006.uasset" 6202
"../../../Engine/Content/EngineMaterials/Substrate/GLints/dict_16_192_64_0p5_0p02_0039_0007.uasset" 6203
"../../../Engine/Content/EngineMaterials/Substrate/GLints/dict_16_192_64_0p5_0p02_0039_0008.uasset" 6204
"../../../Engine/Content/EngineMaterials/Substrate/GLints/dict_16_192_64_0p5_0p02_0039_0009.uasset" 6205
"../../../Engine/Content/EngineMaterials/Substrate/GLints/dict_16_192_64_0p5_0p02_0039_0010.uasset" 6206
"../../../Engine/Content/EngineMaterials/Substrate/GLints/dict_16_192_64_0p5_0p02_0039_0011.uasset" 6207
"../../../Engine/Content/EngineMaterials/Substrate/GLints/dict_16_192_64_0p5_0p02_0039_0012.uasset" 6208
"../../../Engine/Content/EngineMaterials/Substrate/GLints/dict_16_192_64_0p5_0p02_0039_0013.uasset" 6209
"../../../Engine/Content/EngineMaterials/Substrate/GLints/dict_16_192_64_0p5_0p02_0039_0014.uasset" 6210
"../../../Engine/Content/EngineMaterials/Substrate/GLints/dict_16_192_64_0p5_0p02_0039_0015.uasset" 6211
"../../../Engine/Content/EngineMaterials/Substrate/GLints/dict_16_192_64_0p5_0p02_0040_0000.uasset" 6212
"../../../Engine/Content/EngineMaterials/Substrate/GLints/dict_16_192_64_0p5_0p02_0040_0001.uasset" 6213
"../../../Engine/Content/EngineMaterials/Substrate/GLints/dict_16_192_64_0p5_0p02_0040_0002.uasset" 6214
"../../../Engine/Content/EngineMaterials/Substrate/GLints/dict_16_192_64_0p5_0p02_0040_0003.uasset" 6215
"../../../Engine/Content/EngineMaterials/Substrate/GLints/dict_16_192_64_0p5_0p02_0040_0004.uasset" 6216
"../../../Engine/Content/EngineMaterials/Substrate/GLints/dict_16_192_64_0p5_0p02_0040_0005.uasset" 6217
"../../../Engine/Content/EngineMaterials/Substrate/GLints/dict_16_192_64_0p5_0p02_0040_0006.uasset" 6218
"../../../Engine/Content/EngineMaterials/Substrate/GLints/dict_16_192_64_0p5_0p02_0040_0007.uasset" 6219
"../../../Engine/Content/EngineMaterials/Substrate/GLints/dict_16_192_64_0p5_0p02_0040_0008.uasset" 6220
"../../../Engine/Content/EngineMaterials/Substrate/GLints/dict_16_192_64_0p5_0p02_0040_0009.uasset" 6221
"../../../Engine/Content/EngineMaterials/Substrate/GLints/dict_16_192_64_0p5_0p02_0040_0010.uasset" 6222
"../../../Engine/Content/EngineMaterials/Substrate/GLints/dict_16_192_64_0p5_0p02_0040_0011.uasset" 6223
"../../../Engine/Content/EngineMaterials/Substrate/GLints/dict_16_192_64_0p5_0p02_0040_0012.uasset" 6224
"../../../Engine/Content/EngineMaterials/Substrate/GLints/dict_16_192_64_0p5_0p02_0040_0013.uasset" 6225
"../../../Engine/Content/EngineMaterials/Substrate/GLints/dict_16_192_64_0p5_0p02_0040_0014.uasset" 6226
"../../../Engine/Content/EngineMaterials/Substrate/GLints/dict_16_192_64_0p5_0p02_0040_0015.uasset" 6227
"../../../Engine/Content/EngineMaterials/Substrate/GLints/dict_16_192_64_0p5_0p02_0041_0000.uasset" 6228
"../../../Engine/Content/EngineMaterials/Substrate/GLints/dict_16_192_64_0p5_0p02_0041_0001.uasset" 6229
"../../../Engine/Content/EngineMaterials/Substrate/GLints/dict_16_192_64_0p5_0p02_0041_0002.uasset" 6230
"../../../Engine/Content/EngineMaterials/Substrate/GLints/dict_16_192_64_0p5_0p02_0041_0003.uasset" 6231
"../../../Engine/Content/EngineMaterials/Substrate/GLints/dict_16_192_64_0p5_0p02_0041_0004.uasset" 6232
"../../../Engine/Content/EngineMaterials/Substrate/GLints/dict_16_192_64_0p5_0p02_0041_0005.uasset" 6233
"../../../Engine/Content/EngineMaterials/Substrate/GLints/dict_16_192_64_0p5_0p02_0041_0006.uasset" 6234
"../../../Engine/Content/EngineMaterials/Substrate/GLints/dict_16_192_64_0p5_0p02_0041_0007.uasset" 6235
"../../../Engine/Content/EngineMaterials/Substrate/GLints/dict_16_192_64_0p5_0p02_0041_0008.uasset" 6236
"../../../Engine/Content/EngineMaterials/Substrate/GLints/dict_16_192_64_0p5_0p02_0041_0009.uasset" 6237
"../../../Engine/Content/EngineMaterials/Substrate/GLints/dict_16_192_64_0p5_0p02_0041_0010.uasset" 6238
"../../../Engine/Content/EngineMaterials/Substrate/GLints/dict_16_192_64_0p5_0p02_0041_0011.uasset" 6239
"../../../Engine/Content/EngineMaterials/Substrate/GLints/dict_16_192_64_0p5_0p02_0041_0012.uasset" 6240
"../../../Engine/Content/EngineMaterials/Substrate/GLints/dict_16_192_64_0p5_0p02_0041_0013.uasset" 6241
"../../../Engine/Content/EngineMaterials/Substrate/GLints/dict_16_192_64_0p5_0p02_0041_0014.uasset" 6242
"../../../Engine/Content/EngineMaterials/Substrate/GLints/dict_16_192_64_0p5_0p02_0041_0015.uasset" 6243
"../../../Engine/Content/EngineMaterials/Substrate/GLints/dict_16_192_64_0p5_0p02_0042_0000.uasset" 6244
"../../../Engine/Content/EngineMaterials/Substrate/GLints/dict_16_192_64_0p5_0p02_0042_0001.uasset" 6245
"../../../Engine/Content/EngineMaterials/Substrate/GLints/dict_16_192_64_0p5_0p02_0042_0002.uasset" 6246
"../../../Engine/Content/EngineMaterials/Substrate/GLints/dict_16_192_64_0p5_0p02_0042_0003.uasset" 6247
"../../../Engine/Content/EngineMaterials/Substrate/GLints/dict_16_192_64_0p5_0p02_0042_0004.uasset" 6248
"../../../Engine/Content/EngineMaterials/Substrate/GLints/dict_16_192_64_0p5_0p02_0042_0005.uasset" 6249
"../../../Engine/Content/EngineMaterials/Substrate/GLints/dict_16_192_64_0p5_0p02_0042_0006.uasset" 6250
"../../../Engine/Content/EngineMaterials/Substrate/GLints/dict_16_192_64_0p5_0p02_0042_0007.uasset" 6251
"../../../Engine/Content/EngineMaterials/Substrate/GLints/dict_16_192_64_0p5_0p02_0042_0008.uasset" 6252
"../../../Engine/Content/EngineMaterials/Substrate/GLints/dict_16_192_64_0p5_0p02_0042_0009.uasset" 6253
"../../../Engine/Content/EngineMaterials/Substrate/GLints/dict_16_192_64_0p5_0p02_0042_0010.uasset" 6254
"../../../Engine/Content/EngineMaterials/Substrate/GLints/dict_16_192_64_0p5_0p02_0042_0011.uasset" 6255
"../../../Engine/Content/EngineMaterials/Substrate/GLints/dict_16_192_64_0p5_0p02_0042_0012.uasset" 6256
"../../../Engine/Content/EngineMaterials/Substrate/GLints/dict_16_192_64_0p5_0p02_0042_0013.uasset" 6257
"../../../Engine/Content/EngineMaterials/Substrate/GLints/dict_16_192_64_0p5_0p02_0042_0014.uasset" 6258
"../../../Engine/Content/EngineMaterials/Substrate/GLints/dict_16_192_64_0p5_0p02_0042_0015.uasset" 6259
"../../../Engine/Content/EngineMaterials/Substrate/GLints/dict_16_192_64_0p5_0p02_0043_0000.uasset" 6260
"../../../Engine/Content/EngineMaterials/Substrate/GLints/dict_16_192_64_0p5_0p02_0043_0001.uasset" 6261
"../../../Engine/Content/EngineMaterials/Substrate/GLints/dict_16_192_64_0p5_0p02_0043_0002.uasset" 6262
"../../../Engine/Content/EngineMaterials/Substrate/GLints/dict_16_192_64_0p5_0p02_0043_0003.uasset" 6263
"../../../Engine/Content/EngineMaterials/Substrate/GLints/dict_16_192_64_0p5_0p02_0043_0004.uasset" 6264
"../../../Engine/Content/EngineMaterials/Substrate/GLints/dict_16_192_64_0p5_0p02_0043_0005.uasset" 6265
"../../../Engine/Content/EngineMaterials/Substrate/GLints/dict_16_192_64_0p5_0p02_0043_0006.uasset" 6266
"../../../Engine/Content/EngineMaterials/Substrate/GLints/dict_16_192_64_0p5_0p02_0043_0007.uasset" 6267
"../../../Engine/Content/EngineMaterials/Substrate/GLints/dict_16_192_64_0p5_0p02_0043_0008.uasset" 6268
"../../../Engine/Content/EngineMaterials/Substrate/GLints/dict_16_192_64_0p5_0p02_0043_0009.uasset" 6269
"../../../Engine/Content/EngineMaterials/Substrate/GLints/dict_16_192_64_0p5_0p02_0043_0010.uasset" 6270
"../../../Engine/Content/EngineMaterials/Substrate/GLints/dict_16_192_64_0p5_0p02_0043_0011.uasset" 6271
"../../../Engine/Content/EngineMaterials/Substrate/GLints/dict_16_192_64_0p5_0p02_0043_0012.uasset" 6272
"../../../Engine/Content/EngineMaterials/Substrate/GLints/dict_16_192_64_0p5_0p02_0043_0013.uasset" 6273
"../../../Engine/Content/EngineMaterials/Substrate/GLints/dict_16_192_64_0p5_0p02_0043_0014.uasset" 6274
"../../../Engine/Content/EngineMaterials/Substrate/GLints/dict_16_192_64_0p5_0p02_0043_0015.uasset" 6275
"../../../Engine/Content/EngineMaterials/Substrate/GLints/dict_16_192_64_0p5_0p02_0044_0000.uasset" 6276
"../../../Engine/Content/EngineMaterials/Substrate/GLints/dict_16_192_64_0p5_0p02_0044_0001.uasset" 6277
"../../../Engine/Content/EngineMaterials/Substrate/GLints/dict_16_192_64_0p5_0p02_0044_0002.uasset" 6278
"../../../Engine/Content/EngineMaterials/Substrate/GLints/dict_16_192_64_0p5_0p02_0044_0003.uasset" 6279
"../../../Engine/Content/EngineMaterials/Substrate/GLints/dict_16_192_64_0p5_0p02_0044_0004.uasset" 6280
"../../../Engine/Content/EngineMaterials/Substrate/GLints/dict_16_192_64_0p5_0p02_0044_0005.uasset" 6281
"../../../Engine/Content/EngineMaterials/Substrate/GLints/dict_16_192_64_0p5_0p02_0044_0006.uasset" 6282
"../../../Engine/Content/EngineMaterials/Substrate/GLints/dict_16_192_64_0p5_0p02_0044_0007.uasset" 6283
"../../../Engine/Content/EngineMaterials/Substrate/GLints/dict_16_192_64_0p5_0p02_0044_0008.uasset" 6284
"../../../Engine/Content/EngineMaterials/Substrate/GLints/dict_16_192_64_0p5_0p02_0044_0009.uasset" 6285
"../../../Engine/Content/EngineMaterials/Substrate/GLints/dict_16_192_64_0p5_0p02_0044_0010.uasset" 6286
"../../../Engine/Content/EngineMaterials/Substrate/GLints/dict_16_192_64_0p5_0p02_0044_0011.uasset" 6287
"../../../Engine/Content/EngineMaterials/Substrate/GLints/dict_16_192_64_0p5_0p02_0044_0012.uasset" 6288
"../../../Engine/Content/EngineMaterials/Substrate/GLints/dict_16_192_64_0p5_0p02_0044_0013.uasset" 6289
"../../../Engine/Content/EngineMaterials/Substrate/GLints/dict_16_192_64_0p5_0p02_0044_0014.uasset" 6290
"../../../Engine/Content/EngineMaterials/Substrate/GLints/dict_16_192_64_0p5_0p02_0044_0015.uasset" 6291
"../../../Engine/Content/EngineMaterials/Substrate/GLints/dict_16_192_64_0p5_0p02_0045_0000.uasset" 6292
"../../../Engine/Content/EngineMaterials/Substrate/GLints/dict_16_192_64_0p5_0p02_0045_0001.uasset" 6293
"../../../Engine/Content/EngineMaterials/Substrate/GLints/dict_16_192_64_0p5_0p02_0045_0002.uasset" 6294
"../../../Engine/Content/EngineMaterials/Substrate/GLints/dict_16_192_64_0p5_0p02_0045_0003.uasset" 6295
"../../../Engine/Content/EngineMaterials/Substrate/GLints/dict_16_192_64_0p5_0p02_0045_0004.uasset" 6296
"../../../Engine/Content/EngineMaterials/Substrate/GLints/dict_16_192_64_0p5_0p02_0045_0005.uasset" 6297
"../../../Engine/Content/EngineMaterials/Substrate/GLints/dict_16_192_64_0p5_0p02_0045_0006.uasset" 6298
"../../../Engine/Content/EngineMaterials/Substrate/GLints/dict_16_192_64_0p5_0p02_0045_0007.uasset" 6299
"../../../Engine/Content/EngineMaterials/Substrate/GLints/dict_16_192_64_0p5_0p02_0045_0008.uasset" 6300
"../../../Engine/Content/EngineMaterials/Substrate/GLints/dict_16_192_64_0p5_0p02_0045_0009.uasset" 6301
"../../../Engine/Content/EngineMaterials/Substrate/GLints/dict_16_192_64_0p5_0p02_0045_0010.uasset" 6302
"../../../Engine/Content/EngineMaterials/Substrate/GLints/dict_16_192_64_0p5_0p02_0045_0011.uasset" 6303
"../../../Engine/Content/EngineMaterials/Substrate/GLints/dict_16_192_64_0p5_0p02_0045_0012.uasset" 6304
"../../../Engine/Content/EngineMaterials/Substrate/GLints/dict_16_192_64_0p5_0p02_0045_0013.uasset" 6305
"../../../Engine/Content/EngineMaterials/Substrate/GLints/dict_16_192_64_0p5_0p02_0045_0014.uasset" 6306
"../../../Engine/Content/EngineMaterials/Substrate/GLints/dict_16_192_64_0p5_0p02_0045_0015.uasset" 6307
"../../../Engine/Content/EngineMaterials/Substrate/GLints/dict_16_192_64_0p5_0p02_0046_0000.uasset" 6308
"../../../Engine/Content/EngineMaterials/Substrate/GLints/dict_16_192_64_0p5_0p02_0046_0001.uasset" 6309
"../../../Engine/Content/EngineMaterials/Substrate/GLints/dict_16_192_64_0p5_0p02_0046_0002.uasset" 6310
"../../../Engine/Content/EngineMaterials/Substrate/GLints/dict_16_192_64_0p5_0p02_0046_0003.uasset" 6311
"../../../Engine/Content/EngineMaterials/Substrate/GLints/dict_16_192_64_0p5_0p02_0046_0004.uasset" 6312
"../../../Engine/Content/EngineMaterials/Substrate/GLints/dict_16_192_64_0p5_0p02_0046_0005.uasset" 6313
"../../../Engine/Content/EngineMaterials/Substrate/GLints/dict_16_192_64_0p5_0p02_0046_0006.uasset" 6314
"../../../Engine/Content/EngineMaterials/Substrate/GLints/dict_16_192_64_0p5_0p02_0046_0007.uasset" 6315
"../../../Engine/Content/EngineMaterials/Substrate/GLints/dict_16_192_64_0p5_0p02_0046_0008.uasset" 6316
"../../../Engine/Content/EngineMaterials/Substrate/GLints/dict_16_192_64_0p5_0p02_0046_0009.uasset" 6317
"../../../Engine/Content/EngineMaterials/Substrate/GLints/dict_16_192_64_0p5_0p02_0046_0010.uasset" 6318
"../../../Engine/Content/EngineMaterials/Substrate/GLints/dict_16_192_64_0p5_0p02_0046_0011.uasset" 6319
"../../../Engine/Content/EngineMaterials/Substrate/GLints/dict_16_192_64_0p5_0p02_0046_0012.uasset" 6320
"../../../Engine/Content/EngineMaterials/Substrate/GLints/dict_16_192_64_0p5_0p02_0046_0013.uasset" 6321
"../../../Engine/Content/EngineMaterials/Substrate/GLints/dict_16_192_64_0p5_0p02_0046_0014.uasset" 6322
"../../../Engine/Content/EngineMaterials/Substrate/GLints/dict_16_192_64_0p5_0p02_0046_0015.uasset" 6323
"../../../Engine/Content/EngineMaterials/Substrate/GLints/dict_16_192_64_0p5_0p02_0047_0000.uasset" 6324
"../../../Engine/Content/EngineMaterials/Substrate/GLints/dict_16_192_64_0p5_0p02_0047_0001.uasset" 6325
"../../../Engine/Content/EngineMaterials/Substrate/GLints/dict_16_192_64_0p5_0p02_0047_0002.uasset" 6326
"../../../Engine/Content/EngineMaterials/Substrate/GLints/dict_16_192_64_0p5_0p02_0047_0003.uasset" 6327
"../../../Engine/Content/EngineMaterials/Substrate/GLints/dict_16_192_64_0p5_0p02_0047_0004.uasset" 6328
"../../../Engine/Content/EngineMaterials/Substrate/GLints/dict_16_192_64_0p5_0p02_0047_0005.uasset" 6329
"../../../Engine/Content/EngineMaterials/Substrate/GLints/dict_16_192_64_0p5_0p02_0047_0006.uasset" 6330
"../../../Engine/Content/EngineMaterials/Substrate/GLints/dict_16_192_64_0p5_0p02_0047_0007.uasset" 6331
"../../../Engine/Content/EngineMaterials/Substrate/GLints/dict_16_192_64_0p5_0p02_0047_0008.uasset" 6332
"../../../Engine/Content/EngineMaterials/Substrate/GLints/dict_16_192_64_0p5_0p02_0047_0009.uasset" 6333
"../../../Engine/Content/EngineMaterials/Substrate/GLints/dict_16_192_64_0p5_0p02_0047_0010.uasset" 6334
"../../../Engine/Content/EngineMaterials/Substrate/GLints/dict_16_192_64_0p5_0p02_0047_0011.uasset" 6335
"../../../Engine/Content/EngineMaterials/Substrate/GLints/dict_16_192_64_0p5_0p02_0047_0012.uasset" 6336
"../../../Engine/Content/EngineMaterials/Substrate/GLints/dict_16_192_64_0p5_0p02_0047_0013.uasset" 6337
"../../../Engine/Content/EngineMaterials/Substrate/GLints/dict_16_192_64_0p5_0p02_0047_0014.uasset" 6338
"../../../Engine/Content/EngineMaterials/Substrate/GLints/dict_16_192_64_0p5_0p02_0047_0015.uasset" 6339
"../../../Engine/Content/EngineMaterials/Substrate/GLints/dict_16_192_64_0p5_0p02_0048_0000.uasset" 6340
"../../../Engine/Content/EngineMaterials/Substrate/GLints/dict_16_192_64_0p5_0p02_0048_0001.uasset" 6341
"../../../Engine/Content/EngineMaterials/Substrate/GLints/dict_16_192_64_0p5_0p02_0048_0002.uasset" 6342
"../../../Engine/Content/EngineMaterials/Substrate/GLints/dict_16_192_64_0p5_0p02_0048_0003.uasset" 6343
"../../../Engine/Content/EngineMaterials/Substrate/GLints/dict_16_192_64_0p5_0p02_0048_0004.uasset" 6344
"../../../Engine/Content/EngineMaterials/Substrate/GLints/dict_16_192_64_0p5_0p02_0048_0005.uasset" 6345
"../../../Engine/Content/EngineMaterials/Substrate/GLints/dict_16_192_64_0p5_0p02_0048_0006.uasset" 6346
"../../../Engine/Content/EngineMaterials/Substrate/GLints/dict_16_192_64_0p5_0p02_0048_0007.uasset" 6347
"../../../Engine/Content/EngineMaterials/Substrate/GLints/dict_16_192_64_0p5_0p02_0048_0008.uasset" 6348
"../../../Engine/Content/EngineMaterials/Substrate/GLints/dict_16_192_64_0p5_0p02_0048_0009.uasset" 6349
"../../../Engine/Content/EngineMaterials/Substrate/GLints/dict_16_192_64_0p5_0p02_0048_0010.uasset" 6350
"../../../Engine/Content/EngineMaterials/Substrate/GLints/dict_16_192_64_0p5_0p02_0048_0011.uasset" 6351
"../../../Engine/Content/EngineMaterials/Substrate/GLints/dict_16_192_64_0p5_0p02_0048_0012.uasset" 6352
"../../../Engine/Content/EngineMaterials/Substrate/GLints/dict_16_192_64_0p5_0p02_0048_0013.uasset" 6353
"../../../Engine/Content/EngineMaterials/Substrate/GLints/dict_16_192_64_0p5_0p02_0048_0014.uasset" 6354
"../../../Engine/Content/EngineMaterials/Substrate/GLints/dict_16_192_64_0p5_0p02_0048_0015.uasset" 6355
"../../../Engine/Content/EngineMaterials/Substrate/GLints/dict_16_192_64_0p5_0p02_0049_0000.uasset" 6356
"../../../Engine/Content/EngineMaterials/Substrate/GLints/dict_16_192_64_0p5_0p02_0049_0001.uasset" 6357
"../../../Engine/Content/EngineMaterials/Substrate/GLints/dict_16_192_64_0p5_0p02_0049_0002.uasset" 6358
"../../../Engine/Content/EngineMaterials/Substrate/GLints/dict_16_192_64_0p5_0p02_0049_0003.uasset" 6359
"../../../Engine/Content/EngineMaterials/Substrate/GLints/dict_16_192_64_0p5_0p02_0049_0004.uasset" 6360
"../../../Engine/Content/EngineMaterials/Substrate/GLints/dict_16_192_64_0p5_0p02_0049_0005.uasset" 6361
"../../../Engine/Content/EngineMaterials/Substrate/GLints/dict_16_192_64_0p5_0p02_0049_0006.uasset" 6362
"../../../Engine/Content/EngineMaterials/Substrate/GLints/dict_16_192_64_0p5_0p02_0049_0007.uasset" 6363
"../../../Engine/Content/EngineMaterials/Substrate/GLints/dict_16_192_64_0p5_0p02_0049_0008.uasset" 6364
"../../../Engine/Content/EngineMaterials/Substrate/GLints/dict_16_192_64_0p5_0p02_0049_0009.uasset" 6365
"../../../Engine/Content/EngineMaterials/Substrate/GLints/dict_16_192_64_0p5_0p02_0049_0010.uasset" 6366
"../../../Engine/Content/EngineMaterials/Substrate/GLints/dict_16_192_64_0p5_0p02_0049_0011.uasset" 6367
"../../../Engine/Content/EngineMaterials/Substrate/GLints/dict_16_192_64_0p5_0p02_0049_0012.uasset" 6368
"../../../Engine/Content/EngineMaterials/Substrate/GLints/dict_16_192_64_0p5_0p02_0049_0013.uasset" 6369
"../../../Engine/Content/EngineMaterials/Substrate/GLints/dict_16_192_64_0p5_0p02_0049_0014.uasset" 6370
"../../../Engine/Content/EngineMaterials/Substrate/GLints/dict_16_192_64_0p5_0p02_0049_0015.uasset" 6371
"../../../Engine/Content/EngineMaterials/Substrate/GLints/dict_16_192_64_0p5_0p02_0050_0000.uasset" 6372
"../../../Engine/Content/EngineMaterials/Substrate/GLints/dict_16_192_64_0p5_0p02_0050_0001.uasset" 6373
"../../../Engine/Content/EngineMaterials/Substrate/GLints/dict_16_192_64_0p5_0p02_0050_0002.uasset" 6374
"../../../Engine/Content/EngineMaterials/Substrate/GLints/dict_16_192_64_0p5_0p02_0050_0003.uasset" 6375
"../../../Engine/Content/EngineMaterials/Substrate/GLints/dict_16_192_64_0p5_0p02_0050_0004.uasset" 6376
"../../../Engine/Content/EngineMaterials/Substrate/GLints/dict_16_192_64_0p5_0p02_0050_0005.uasset" 6377
"../../../Engine/Content/EngineMaterials/Substrate/GLints/dict_16_192_64_0p5_0p02_0050_0006.uasset" 6378
"../../../Engine/Content/EngineMaterials/Substrate/GLints/dict_16_192_64_0p5_0p02_0050_0007.uasset" 6379
"../../../Engine/Content/EngineMaterials/Substrate/GLints/dict_16_192_64_0p5_0p02_0050_0008.uasset" 6380
"../../../Engine/Content/EngineMaterials/Substrate/GLints/dict_16_192_64_0p5_0p02_0050_0009.uasset" 6381
"../../../Engine/Content/EngineMaterials/Substrate/GLints/dict_16_192_64_0p5_0p02_0050_0010.uasset" 6382
"../../../Engine/Content/EngineMaterials/Substrate/GLints/dict_16_192_64_0p5_0p02_0050_0011.uasset" 6383
"../../../Engine/Content/EngineMaterials/Substrate/GLints/dict_16_192_64_0p5_0p02_0050_0012.uasset" 6384
"../../../Engine/Content/EngineMaterials/Substrate/GLints/dict_16_192_64_0p5_0p02_0050_0013.uasset" 6385
"../../../Engine/Content/EngineMaterials/Substrate/GLints/dict_16_192_64_0p5_0p02_0050_0014.uasset" 6386
"../../../Engine/Content/EngineMaterials/Substrate/GLints/dict_16_192_64_0p5_0p02_0050_0015.uasset" 6387
"../../../Engine/Content/EngineMaterials/Substrate/GLints/dict_16_192_64_0p5_0p02_0051_0000.uasset" 6388
"../../../Engine/Content/EngineMaterials/Substrate/GLints/dict_16_192_64_0p5_0p02_0051_0001.uasset" 6389
"../../../Engine/Content/EngineMaterials/Substrate/GLints/dict_16_192_64_0p5_0p02_0051_0002.uasset" 6390
"../../../Engine/Content/EngineMaterials/Substrate/GLints/dict_16_192_64_0p5_0p02_0051_0003.uasset" 6391
"../../../Engine/Content/EngineMaterials/Substrate/GLints/dict_16_192_64_0p5_0p02_0051_0004.uasset" 6392
"../../../Engine/Content/EngineMaterials/Substrate/GLints/dict_16_192_64_0p5_0p02_0051_0005.uasset" 6393
"../../../Engine/Content/EngineMaterials/Substrate/GLints/dict_16_192_64_0p5_0p02_0051_0006.uasset" 6394
"../../../Engine/Content/EngineMaterials/Substrate/GLints/dict_16_192_64_0p5_0p02_0051_0007.uasset" 6395
"../../../Engine/Content/EngineMaterials/Substrate/GLints/dict_16_192_64_0p5_0p02_0051_0008.uasset" 6396
"../../../Engine/Content/EngineMaterials/Substrate/GLints/dict_16_192_64_0p5_0p02_0051_0009.uasset" 6397
"../../../Engine/Content/EngineMaterials/Substrate/GLints/dict_16_192_64_0p5_0p02_0051_0010.uasset" 6398
"../../../Engine/Content/EngineMaterials/Substrate/GLints/dict_16_192_64_0p5_0p02_0051_0011.uasset" 6399
"../../../Engine/Content/EngineMaterials/Substrate/GLints/dict_16_192_64_0p5_0p02_0051_0012.uasset" 6400
"../../../Engine/Content/EngineMaterials/Substrate/GLints/dict_16_192_64_0p5_0p02_0051_0013.uasset" 6401
"../../../Engine/Content/EngineMaterials/Substrate/GLints/dict_16_192_64_0p5_0p02_0051_0014.uasset" 6402
"../../../Engine/Content/EngineMaterials/Substrate/GLints/dict_16_192_64_0p5_0p02_0051_0015.uasset" 6403
"../../../Engine/Content/EngineMaterials/Substrate/GLints/dict_16_192_64_0p5_0p02_0052_0000.uasset" 6404
"../../../Engine/Content/EngineMaterials/Substrate/GLints/dict_16_192_64_0p5_0p02_0052_0001.uasset" 6405
"../../../Engine/Content/EngineMaterials/Substrate/GLints/dict_16_192_64_0p5_0p02_0052_0002.uasset" 6406
"../../../Engine/Content/EngineMaterials/Substrate/GLints/dict_16_192_64_0p5_0p02_0052_0003.uasset" 6407
"../../../Engine/Content/EngineMaterials/Substrate/GLints/dict_16_192_64_0p5_0p02_0052_0004.uasset" 6408
"../../../Engine/Content/EngineMaterials/Substrate/GLints/dict_16_192_64_0p5_0p02_0052_0005.uasset" 6409
"../../../Engine/Content/EngineMaterials/Substrate/GLints/dict_16_192_64_0p5_0p02_0052_0006.uasset" 6410
"../../../Engine/Content/EngineMaterials/Substrate/GLints/dict_16_192_64_0p5_0p02_0052_0007.uasset" 6411
"../../../Engine/Content/EngineMaterials/Substrate/GLints/dict_16_192_64_0p5_0p02_0052_0008.uasset" 6412
"../../../Engine/Content/EngineMaterials/Substrate/GLints/dict_16_192_64_0p5_0p02_0052_0009.uasset" 6413
"../../../Engine/Content/EngineMaterials/Substrate/GLints/dict_16_192_64_0p5_0p02_0052_0010.uasset" 6414
"../../../Engine/Content/EngineMaterials/Substrate/GLints/dict_16_192_64_0p5_0p02_0052_0011.uasset" 6415
"../../../Engine/Content/EngineMaterials/Substrate/GLints/dict_16_192_64_0p5_0p02_0052_0012.uasset" 6416
"../../../Engine/Content/EngineMaterials/Substrate/GLints/dict_16_192_64_0p5_0p02_0052_0013.uasset" 6417
"../../../Engine/Content/EngineMaterials/Substrate/GLints/dict_16_192_64_0p5_0p02_0052_0014.uasset" 6418
"../../../Engine/Content/EngineMaterials/Substrate/GLints/dict_16_192_64_0p5_0p02_0052_0015.uasset" 6419
"../../../Engine/Content/EngineMaterials/Substrate/GLints/dict_16_192_64_0p5_0p02_0053_0000.uasset" 6420
"../../../Engine/Content/EngineMaterials/Substrate/GLints/dict_16_192_64_0p5_0p02_0053_0001.uasset" 6421
"../../../Engine/Content/EngineMaterials/Substrate/GLints/dict_16_192_64_0p5_0p02_0053_0002.uasset" 6422
"../../../Engine/Content/EngineMaterials/Substrate/GLints/dict_16_192_64_0p5_0p02_0053_0003.uasset" 6423
"../../../Engine/Content/EngineMaterials/Substrate/GLints/dict_16_192_64_0p5_0p02_0053_0004.uasset" 6424
"../../../Engine/Content/EngineMaterials/Substrate/GLints/dict_16_192_64_0p5_0p02_0053_0005.uasset" 6425
"../../../Engine/Content/EngineMaterials/Substrate/GLints/dict_16_192_64_0p5_0p02_0053_0006.uasset" 6426
"../../../Engine/Content/EngineMaterials/Substrate/GLints/dict_16_192_64_0p5_0p02_0053_0007.uasset" 6427
"../../../Engine/Content/EngineMaterials/Substrate/GLints/dict_16_192_64_0p5_0p02_0053_0008.uasset" 6428
"../../../Engine/Content/EngineMaterials/Substrate/GLints/dict_16_192_64_0p5_0p02_0053_0009.uasset" 6429
"../../../Engine/Content/EngineMaterials/Substrate/GLints/dict_16_192_64_0p5_0p02_0053_0010.uasset" 6430
"../../../Engine/Content/EngineMaterials/Substrate/GLints/dict_16_192_64_0p5_0p02_0053_0011.uasset" 6431
"../../../Engine/Content/EngineMaterials/Substrate/GLints/dict_16_192_64_0p5_0p02_0053_0012.uasset" 6432
"../../../Engine/Content/EngineMaterials/Substrate/GLints/dict_16_192_64_0p5_0p02_0053_0013.uasset" 6433
"../../../Engine/Content/EngineMaterials/Substrate/GLints/dict_16_192_64_0p5_0p02_0053_0014.uasset" 6434
"../../../Engine/Content/EngineMaterials/Substrate/GLints/dict_16_192_64_0p5_0p02_0053_0015.uasset" 6435
"../../../Engine/Content/EngineMaterials/Substrate/GLints/dict_16_192_64_0p5_0p02_0054_0000.uasset" 6436
"../../../Engine/Content/EngineMaterials/Substrate/GLints/dict_16_192_64_0p5_0p02_0054_0001.uasset" 6437
"../../../Engine/Content/EngineMaterials/Substrate/GLints/dict_16_192_64_0p5_0p02_0054_0002.uasset" 6438
"../../../Engine/Content/EngineMaterials/Substrate/GLints/dict_16_192_64_0p5_0p02_0054_0003.uasset" 6439
"../../../Engine/Content/EngineMaterials/Substrate/GLints/dict_16_192_64_0p5_0p02_0054_0004.uasset" 6440
"../../../Engine/Content/EngineMaterials/Substrate/GLints/dict_16_192_64_0p5_0p02_0054_0005.uasset" 6441
"../../../Engine/Content/EngineMaterials/Substrate/GLints/dict_16_192_64_0p5_0p02_0054_0006.uasset" 6442
"../../../Engine/Content/EngineMaterials/Substrate/GLints/dict_16_192_64_0p5_0p02_0054_0007.uasset" 6443
"../../../Engine/Content/EngineMaterials/Substrate/GLints/dict_16_192_64_0p5_0p02_0054_0008.uasset" 6444
"../../../Engine/Content/EngineMaterials/Substrate/GLints/dict_16_192_64_0p5_0p02_0054_0009.uasset" 6445
"../../../Engine/Content/EngineMaterials/Substrate/GLints/dict_16_192_64_0p5_0p02_0054_0010.uasset" 6446
"../../../Engine/Content/EngineMaterials/Substrate/GLints/dict_16_192_64_0p5_0p02_0054_0011.uasset" 6447
"../../../Engine/Content/EngineMaterials/Substrate/GLints/dict_16_192_64_0p5_0p02_0054_0012.uasset" 6448
"../../../Engine/Content/EngineMaterials/Substrate/GLints/dict_16_192_64_0p5_0p02_0054_0013.uasset" 6449
"../../../Engine/Content/EngineMaterials/Substrate/GLints/dict_16_192_64_0p5_0p02_0054_0014.uasset" 6450
"../../../Engine/Content/EngineMaterials/Substrate/GLints/dict_16_192_64_0p5_0p02_0054_0015.uasset" 6451
"../../../Engine/Content/EngineMaterials/Substrate/GLints/dict_16_192_64_0p5_0p02_0055_0000.uasset" 6452
"../../../Engine/Content/EngineMaterials/Substrate/GLints/dict_16_192_64_0p5_0p02_0055_0001.uasset" 6453
"../../../Engine/Content/EngineMaterials/Substrate/GLints/dict_16_192_64_0p5_0p02_0055_0002.uasset" 6454
"../../../Engine/Content/EngineMaterials/Substrate/GLints/dict_16_192_64_0p5_0p02_0055_0003.uasset" 6455
"../../../Engine/Content/EngineMaterials/Substrate/GLints/dict_16_192_64_0p5_0p02_0055_0004.uasset" 6456
"../../../Engine/Content/EngineMaterials/Substrate/GLints/dict_16_192_64_0p5_0p02_0055_0005.uasset" 6457
"../../../Engine/Content/EngineMaterials/Substrate/GLints/dict_16_192_64_0p5_0p02_0055_0006.uasset" 6458
"../../../Engine/Content/EngineMaterials/Substrate/GLints/dict_16_192_64_0p5_0p02_0055_0007.uasset" 6459
"../../../Engine/Content/EngineMaterials/Substrate/GLints/dict_16_192_64_0p5_0p02_0055_0008.uasset" 6460
"../../../Engine/Content/EngineMaterials/Substrate/GLints/dict_16_192_64_0p5_0p02_0055_0009.uasset" 6461
"../../../Engine/Content/EngineMaterials/Substrate/GLints/dict_16_192_64_0p5_0p02_0055_0010.uasset" 6462
"../../../Engine/Content/EngineMaterials/Substrate/GLints/dict_16_192_64_0p5_0p02_0055_0011.uasset" 6463
"../../../Engine/Content/EngineMaterials/Substrate/GLints/dict_16_192_64_0p5_0p02_0055_0012.uasset" 6464
"../../../Engine/Content/EngineMaterials/Substrate/GLints/dict_16_192_64_0p5_0p02_0055_0013.uasset" 6465
"../../../Engine/Content/EngineMaterials/Substrate/GLints/dict_16_192_64_0p5_0p02_0055_0014.uasset" 6466
"../../../Engine/Content/EngineMaterials/Substrate/GLints/dict_16_192_64_0p5_0p02_0055_0015.uasset" 6467
"../../../Engine/Content/EngineMaterials/Substrate/GLints/dict_16_192_64_0p5_0p02_0056_0000.uasset" 6468
"../../../Engine/Content/EngineMaterials/Substrate/GLints/dict_16_192_64_0p5_0p02_0056_0001.uasset" 6469
"../../../Engine/Content/EngineMaterials/Substrate/GLints/dict_16_192_64_0p5_0p02_0056_0002.uasset" 6470
"../../../Engine/Content/EngineMaterials/Substrate/GLints/dict_16_192_64_0p5_0p02_0056_0003.uasset" 6471
"../../../Engine/Content/EngineMaterials/Substrate/GLints/dict_16_192_64_0p5_0p02_0056_0004.uasset" 6472
"../../../Engine/Content/EngineMaterials/Substrate/GLints/dict_16_192_64_0p5_0p02_0056_0005.uasset" 6473
"../../../Engine/Content/EngineMaterials/Substrate/GLints/dict_16_192_64_0p5_0p02_0056_0006.uasset" 6474
"../../../Engine/Content/EngineMaterials/Substrate/GLints/dict_16_192_64_0p5_0p02_0056_0007.uasset" 6475
"../../../Engine/Content/EngineMaterials/Substrate/GLints/dict_16_192_64_0p5_0p02_0056_0008.uasset" 6476
"../../../Engine/Content/EngineMaterials/Substrate/GLints/dict_16_192_64_0p5_0p02_0056_0009.uasset" 6477
"../../../Engine/Content/EngineMaterials/Substrate/GLints/dict_16_192_64_0p5_0p02_0056_0010.uasset" 6478
"../../../Engine/Content/EngineMaterials/Substrate/GLints/dict_16_192_64_0p5_0p02_0056_0011.uasset" 6479
"../../../Engine/Content/EngineMaterials/Substrate/GLints/dict_16_192_64_0p5_0p02_0056_0012.uasset" 6480
"../../../Engine/Content/EngineMaterials/Substrate/GLints/dict_16_192_64_0p5_0p02_0056_0013.uasset" 6481
"../../../Engine/Content/EngineMaterials/Substrate/GLints/dict_16_192_64_0p5_0p02_0056_0014.uasset" 6482
"../../../Engine/Content/EngineMaterials/Substrate/GLints/dict_16_192_64_0p5_0p02_0056_0015.uasset" 6483
"../../../Engine/Content/EngineMaterials/Substrate/GLints/dict_16_192_64_0p5_0p02_0057_0000.uasset" 6484
"../../../Engine/Content/EngineMaterials/Substrate/GLints/dict_16_192_64_0p5_0p02_0057_0001.uasset" 6485
"../../../Engine/Content/EngineMaterials/Substrate/GLints/dict_16_192_64_0p5_0p02_0057_0002.uasset" 6486
"../../../Engine/Content/EngineMaterials/Substrate/GLints/dict_16_192_64_0p5_0p02_0057_0003.uasset" 6487
"../../../Engine/Content/EngineMaterials/Substrate/GLints/dict_16_192_64_0p5_0p02_0057_0004.uasset" 6488
"../../../Engine/Content/EngineMaterials/Substrate/GLints/dict_16_192_64_0p5_0p02_0057_0005.uasset" 6489
"../../../Engine/Content/EngineMaterials/Substrate/GLints/dict_16_192_64_0p5_0p02_0057_0006.uasset" 6490
"../../../Engine/Content/EngineMaterials/Substrate/GLints/dict_16_192_64_0p5_0p02_0057_0007.uasset" 6491
"../../../Engine/Content/EngineMaterials/Substrate/GLints/dict_16_192_64_0p5_0p02_0057_0008.uasset" 6492
"../../../Engine/Content/EngineMaterials/Substrate/GLints/dict_16_192_64_0p5_0p02_0057_0009.uasset" 6493
"../../../Engine/Content/EngineMaterials/Substrate/GLints/dict_16_192_64_0p5_0p02_0057_0010.uasset" 6494
"../../../Engine/Content/EngineMaterials/Substrate/GLints/dict_16_192_64_0p5_0p02_0057_0011.uasset" 6495
"../../../Engine/Content/EngineMaterials/Substrate/GLints/dict_16_192_64_0p5_0p02_0057_0012.uasset" 6496
"../../../Engine/Content/EngineMaterials/Substrate/GLints/dict_16_192_64_0p5_0p02_0057_0013.uasset" 6497
"../../../Engine/Content/EngineMaterials/Substrate/GLints/dict_16_192_64_0p5_0p02_0057_0014.uasset" 6498
"../../../Engine/Content/EngineMaterials/Substrate/GLints/dict_16_192_64_0p5_0p02_0057_0015.uasset" 6499
"../../../Engine/Content/EngineMaterials/Substrate/GLints/dict_16_192_64_0p5_0p02_0058_0000.uasset" 6500
"../../../Engine/Content/EngineMaterials/Substrate/GLints/dict_16_192_64_0p5_0p02_0058_0001.uasset" 6501
"../../../Engine/Content/EngineMaterials/Substrate/GLints/dict_16_192_64_0p5_0p02_0058_0002.uasset" 6502
"../../../Engine/Content/EngineMaterials/Substrate/GLints/dict_16_192_64_0p5_0p02_0058_0003.uasset" 6503
"../../../Engine/Content/EngineMaterials/Substrate/GLints/dict_16_192_64_0p5_0p02_0058_0004.uasset" 6504
"../../../Engine/Content/EngineMaterials/Substrate/GLints/dict_16_192_64_0p5_0p02_0058_0005.uasset" 6505
"../../../Engine/Content/EngineMaterials/Substrate/GLints/dict_16_192_64_0p5_0p02_0058_0006.uasset" 6506
"../../../Engine/Content/EngineMaterials/Substrate/GLints/dict_16_192_64_0p5_0p02_0058_0007.uasset" 6507
"../../../Engine/Content/EngineMaterials/Substrate/GLints/dict_16_192_64_0p5_0p02_0058_0008.uasset" 6508
"../../../Engine/Content/EngineMaterials/Substrate/GLints/dict_16_192_64_0p5_0p02_0058_0009.uasset" 6509
"../../../Engine/Content/EngineMaterials/Substrate/GLints/dict_16_192_64_0p5_0p02_0058_0010.uasset" 6510
"../../../Engine/Content/EngineMaterials/Substrate/GLints/dict_16_192_64_0p5_0p02_0058_0011.uasset" 6511
"../../../Engine/Content/EngineMaterials/Substrate/GLints/dict_16_192_64_0p5_0p02_0058_0012.uasset" 6512
"../../../Engine/Content/EngineMaterials/Substrate/GLints/dict_16_192_64_0p5_0p02_0058_0013.uasset" 6513
"../../../Engine/Content/EngineMaterials/Substrate/GLints/dict_16_192_64_0p5_0p02_0058_0014.uasset" 6514
"../../../Engine/Content/EngineMaterials/Substrate/GLints/dict_16_192_64_0p5_0p02_0058_0015.uasset" 6515
"../../../Engine/Content/EngineMaterials/Substrate/GLints/dict_16_192_64_0p5_0p02_0059_0000.uasset" 6516
"../../../Engine/Content/EngineMaterials/Substrate/GLints/dict_16_192_64_0p5_0p02_0059_0001.uasset" 6517
"../../../Engine/Content/EngineMaterials/Substrate/GLints/dict_16_192_64_0p5_0p02_0059_0002.uasset" 6518
"../../../Engine/Content/EngineMaterials/Substrate/GLints/dict_16_192_64_0p5_0p02_0059_0003.uasset" 6519
"../../../Engine/Content/EngineMaterials/Substrate/GLints/dict_16_192_64_0p5_0p02_0059_0004.uasset" 6520
"../../../Engine/Content/EngineMaterials/Substrate/GLints/dict_16_192_64_0p5_0p02_0059_0005.uasset" 6521
"../../../Engine/Content/EngineMaterials/Substrate/GLints/dict_16_192_64_0p5_0p02_0059_0006.uasset" 6522
"../../../Engine/Content/EngineMaterials/Substrate/GLints/dict_16_192_64_0p5_0p02_0059_0007.uasset" 6523
"../../../Engine/Content/EngineMaterials/Substrate/GLints/dict_16_192_64_0p5_0p02_0059_0008.uasset" 6524
"../../../Engine/Content/EngineMaterials/Substrate/GLints/dict_16_192_64_0p5_0p02_0059_0009.uasset" 6525
"../../../Engine/Content/EngineMaterials/Substrate/GLints/dict_16_192_64_0p5_0p02_0059_0010.uasset" 6526
"../../../Engine/Content/EngineMaterials/Substrate/GLints/dict_16_192_64_0p5_0p02_0059_0011.uasset" 6527
"../../../Engine/Content/EngineMaterials/Substrate/GLints/dict_16_192_64_0p5_0p02_0059_0012.uasset" 6528
"../../../Engine/Content/EngineMaterials/Substrate/GLints/dict_16_192_64_0p5_0p02_0059_0013.uasset" 6529
"../../../Engine/Content/EngineMaterials/Substrate/GLints/dict_16_192_64_0p5_0p02_0059_0014.uasset" 6530
"../../../Engine/Content/EngineMaterials/Substrate/GLints/dict_16_192_64_0p5_0p02_0059_0015.uasset" 6531
"../../../Engine/Content/EngineMaterials/Substrate/GLints/dict_16_192_64_0p5_0p02_0060_0000.uasset" 6532
"../../../Engine/Content/EngineMaterials/Substrate/GLints/dict_16_192_64_0p5_0p02_0060_0001.uasset" 6533
"../../../Engine/Content/EngineMaterials/Substrate/GLints/dict_16_192_64_0p5_0p02_0060_0002.uasset" 6534
"../../../Engine/Content/EngineMaterials/Substrate/GLints/dict_16_192_64_0p5_0p02_0060_0003.uasset" 6535
"../../../Engine/Content/EngineMaterials/Substrate/GLints/dict_16_192_64_0p5_0p02_0060_0004.uasset" 6536
"../../../Engine/Content/EngineMaterials/Substrate/GLints/dict_16_192_64_0p5_0p02_0060_0005.uasset" 6537
"../../../Engine/Content/EngineMaterials/Substrate/GLints/dict_16_192_64_0p5_0p02_0060_0006.uasset" 6538
"../../../Engine/Content/EngineMaterials/Substrate/GLints/dict_16_192_64_0p5_0p02_0060_0007.uasset" 6539
"../../../Engine/Content/EngineMaterials/Substrate/GLints/dict_16_192_64_0p5_0p02_0060_0008.uasset" 6540
"../../../Engine/Content/EngineMaterials/Substrate/GLints/dict_16_192_64_0p5_0p02_0060_0009.uasset" 6541
"../../../Engine/Content/EngineMaterials/Substrate/GLints/dict_16_192_64_0p5_0p02_0060_0010.uasset" 6542
"../../../Engine/Content/EngineMaterials/Substrate/GLints/dict_16_192_64_0p5_0p02_0060_0011.uasset" 6543
"../../../Engine/Content/EngineMaterials/Substrate/GLints/dict_16_192_64_0p5_0p02_0060_0012.uasset" 6544
"../../../Engine/Content/EngineMaterials/Substrate/GLints/dict_16_192_64_0p5_0p02_0060_0013.uasset" 6545
"../../../Engine/Content/EngineMaterials/Substrate/GLints/dict_16_192_64_0p5_0p02_0060_0014.uasset" 6546
"../../../Engine/Content/EngineMaterials/Substrate/GLints/dict_16_192_64_0p5_0p02_0060_0015.uasset" 6547
"../../../Engine/Content/EngineMaterials/Substrate/GLints/dict_16_192_64_0p5_0p02_0061_0000.uasset" 6548
"../../../Engine/Content/EngineMaterials/Substrate/GLints/dict_16_192_64_0p5_0p02_0061_0001.uasset" 6549
"../../../Engine/Content/EngineMaterials/Substrate/GLints/dict_16_192_64_0p5_0p02_0061_0002.uasset" 6550
"../../../Engine/Content/EngineMaterials/Substrate/GLints/dict_16_192_64_0p5_0p02_0061_0003.uasset" 6551
"../../../Engine/Content/EngineMaterials/Substrate/GLints/dict_16_192_64_0p5_0p02_0061_0004.uasset" 6552
"../../../Engine/Content/EngineMaterials/Substrate/GLints/dict_16_192_64_0p5_0p02_0061_0005.uasset" 6553
"../../../Engine/Content/EngineMaterials/Substrate/GLints/dict_16_192_64_0p5_0p02_0061_0006.uasset" 6554
"../../../Engine/Content/EngineMaterials/Substrate/GLints/dict_16_192_64_0p5_0p02_0061_0007.uasset" 6555
"../../../Engine/Content/EngineMaterials/Substrate/GLints/dict_16_192_64_0p5_0p02_0061_0008.uasset" 6556
"../../../Engine/Content/EngineMaterials/Substrate/GLints/dict_16_192_64_0p5_0p02_0061_0009.uasset" 6557
"../../../Engine/Content/EngineMaterials/Substrate/GLints/dict_16_192_64_0p5_0p02_0061_0010.uasset" 6558
"../../../Engine/Content/EngineMaterials/Substrate/GLints/dict_16_192_64_0p5_0p02_0061_0011.uasset" 6559
"../../../Engine/Content/EngineMaterials/Substrate/GLints/dict_16_192_64_0p5_0p02_0061_0012.uasset" 6560
"../../../Engine/Content/EngineMaterials/Substrate/GLints/dict_16_192_64_0p5_0p02_0061_0013.uasset" 6561
"../../../Engine/Content/EngineMaterials/Substrate/GLints/dict_16_192_64_0p5_0p02_0061_0014.uasset" 6562
"../../../Engine/Content/EngineMaterials/Substrate/GLints/dict_16_192_64_0p5_0p02_0061_0015.uasset" 6563
"../../../Engine/Content/EngineMaterials/Substrate/GLints/dict_16_192_64_0p5_0p02_0062_0000.uasset" 6564
"../../../Engine/Content/EngineMaterials/Substrate/GLints/dict_16_192_64_0p5_0p02_0062_0001.uasset" 6565
"../../../Engine/Content/EngineMaterials/Substrate/GLints/dict_16_192_64_0p5_0p02_0062_0002.uasset" 6566
"../../../Engine/Content/EngineMaterials/Substrate/GLints/dict_16_192_64_0p5_0p02_0062_0003.uasset" 6567
"../../../Engine/Content/EngineMaterials/Substrate/GLints/dict_16_192_64_0p5_0p02_0062_0004.uasset" 6568
"../../../Engine/Content/EngineMaterials/Substrate/GLints/dict_16_192_64_0p5_0p02_0062_0005.uasset" 6569
"../../../Engine/Content/EngineMaterials/Substrate/GLints/dict_16_192_64_0p5_0p02_0062_0006.uasset" 6570
"../../../Engine/Content/EngineMaterials/Substrate/GLints/dict_16_192_64_0p5_0p02_0062_0007.uasset" 6571
"../../../Engine/Content/EngineMaterials/Substrate/GLints/dict_16_192_64_0p5_0p02_0062_0008.uasset" 6572
"../../../Engine/Content/EngineMaterials/Substrate/GLints/dict_16_192_64_0p5_0p02_0062_0009.uasset" 6573
"../../../Engine/Content/EngineMaterials/Substrate/GLints/dict_16_192_64_0p5_0p02_0062_0010.uasset" 6574
"../../../Engine/Content/EngineMaterials/Substrate/GLints/dict_16_192_64_0p5_0p02_0062_0011.uasset" 6575
"../../../Engine/Content/EngineMaterials/Substrate/GLints/dict_16_192_64_0p5_0p02_0062_0012.uasset" 6576
"../../../Engine/Content/EngineMaterials/Substrate/GLints/dict_16_192_64_0p5_0p02_0062_0013.uasset" 6577
"../../../Engine/Content/EngineMaterials/Substrate/GLints/dict_16_192_64_0p5_0p02_0062_0014.uasset" 6578
"../../../Engine/Content/EngineMaterials/Substrate/GLints/dict_16_192_64_0p5_0p02_0062_0015.uasset" 6579
"../../../Engine/Content/EngineMaterials/Substrate/GLints/dict_16_192_64_0p5_0p02_0063_0000.uasset" 6580
"../../../Engine/Content/EngineMaterials/Substrate/GLints/dict_16_192_64_0p5_0p02_0063_0001.uasset" 6581
"../../../Engine/Content/EngineMaterials/Substrate/GLints/dict_16_192_64_0p5_0p02_0063_0002.uasset" 6582
"../../../Engine/Content/EngineMaterials/Substrate/GLints/dict_16_192_64_0p5_0p02_0063_0003.uasset" 6583
"../../../Engine/Content/EngineMaterials/Substrate/GLints/dict_16_192_64_0p5_0p02_0063_0004.uasset" 6584
"../../../Engine/Content/EngineMaterials/Substrate/GLints/dict_16_192_64_0p5_0p02_0063_0005.uasset" 6585
"../../../Engine/Content/EngineMaterials/Substrate/GLints/dict_16_192_64_0p5_0p02_0063_0006.uasset" 6586
"../../../Engine/Content/EngineMaterials/Substrate/GLints/dict_16_192_64_0p5_0p02_0063_0007.uasset" 6587
"../../../Engine/Content/EngineMaterials/Substrate/GLints/dict_16_192_64_0p5_0p02_0063_0008.uasset" 6588
"../../../Engine/Content/EngineMaterials/Substrate/GLints/dict_16_192_64_0p5_0p02_0063_0009.uasset" 6589
"../../../Engine/Content/EngineMaterials/Substrate/GLints/dict_16_192_64_0p5_0p02_0063_0010.uasset" 6590
"../../../Engine/Content/EngineMaterials/Substrate/GLints/dict_16_192_64_0p5_0p02_0063_0011.uasset" 6591
"../../../Engine/Content/EngineMaterials/Substrate/GLints/dict_16_192_64_0p5_0p02_0063_0012.uasset" 6592
"../../../Engine/Content/EngineMaterials/Substrate/GLints/dict_16_192_64_0p5_0p02_0063_0013.uasset" 6593
"../../../Engine/Content/EngineMaterials/Substrate/GLints/dict_16_192_64_0p5_0p02_0063_0014.uasset" 6594
"../../../Engine/Content/EngineMaterials/Substrate/GLints/dict_16_192_64_0p5_0p02_0063_0015.uasset" 6595
"C:/Users/win11/Documents/GitHub/the-last-check-in/Content/StarterContent/Materials/M_Metal_Rust.uasset" 6596
"C:/Users/win11/Documents/GitHub/the-last-check-in/Content/StarterContent/Particles/Materials/M_radial_ramp.uasset" 6597
"C:/Users/win11/Documents/GitHub/the-last-check-in/Content/StarterContent/Particles/Materials/M_Radial_Gradient.uasset" 6598
"C:/Users/win11/Documents/GitHub/the-last-check-in/Content/StarterContent/Materials/M_Wood_Floor_Walnut_Worn.uasset" 6599
"C:/Users/win11/Documents/GitHub/the-last-check-in/Content/StarterContent/Materials/M_ColorGrid_LowSpec.uasset" 6600
"C:/Users/win11/Documents/GitHub/the-last-check-in/Content/StarterContent/Blueprints/Assets/M_LightStage_Skybox_Master.uasset" 6601
"../../../Engine/Content/EngineMaterials/AntiAliasedTextMaterialTranslucent.uasset" 6602
"../../../Engine/Content/EngineSky/M_Sky_Panning_Clouds2.uasset" 6603
"../../../Engine/Content/EditorMeshes/ColorCalibrator/M_ColorGrid.uasset" 6604
"../../../Engine/Plugins/Interchange/Runtime/Content/Functions/MX_StandardSurface.uasset" 6605
"../../../Engine/Plugins/Interchange/Runtime/Content/Functions/MX_Transmission.uasset" 6606
"../../../Engine/Content/Maps/Entry.umap" 6607
"../../../Engine/Content/Functions/Engine_MaterialFunctions02/Texturing/ScreenAlignedUVs.uasset" 6608
"C:/Users/win11/Documents/GitHub/the-last-check-in/Content/tomWork/TemplateContent/FirstPersonArms/Character/Materials/Functions/MF_logo3layers.uasset" 6609
"../../../Engine/Plugins/Animation/ControlRig/Content/Controls/ControlRig_Wedge_1mm.uasset" 6610
"../../../Engine/Plugins/Animation/ControlRig/Content/Controls/ControlRig_Wedge_solid.uasset" 6611
"../../../Engine/Plugins/Animation/ControlRig/Content/Controls/ControlRig_Triangle_solid.uasset" 6612
"C:/Users/win11/Documents/GitHub/the-last-check-in/Content/TemplateContent/FirstPersonArms/Character/Materials/Functions/MF_logo3layers.uasset" 6613
"../../../Engine/Plugins/Animation/ControlRig/Content/Controls/ControlRig_Star4_3mm.uasset" 6614
"../../../Engine/Plugins/Animation/ControlRig/Content/Controls/ControlRig_Star4_1mm.uasset" 6615
"../../../Engine/Plugins/Animation/ControlRig/Content/Controls/ControlRig_Wedge_3mm.uasset" 6616
"../../../Engine/Plugins/Animation/ControlRig/Content/Controls/ControlRig_Square_solid.uasset" 6617
"../../../Engine/Plugins/Animation/ControlRig/Content/Controls/ControlRig_Triangle_1mm.uasset" 6618
"../../../Engine/Plugins/Animation/ControlRig/Content/Controls/ControlRig_Star4_solid.uasset" 6619
"../../../Engine/Plugins/Animation/ControlRig/Content/Controls/ControlRig_Square_1mm.uasset" 6620
"../../../Engine/Plugins/Animation/ControlRig/Content/Controls/ControlRig_Square_3mm.uasset" 6621
"../../../Engine/Plugins/Animation/ControlRig/Content/Controls/ControlRig_Sphere_3mm.uasset" 6622
"../../../Engine/Plugins/Animation/ControlRig/Content/Controls/ControlRig_Triangle_3mm.uasset" 6623
"../../../Engine/Plugins/Animation/ControlRig/Content/Controls/ControlRig_Sphere_1mm.uasset" 6624
"../../../Engine/Plugins/Animation/ControlRig/Content/Controls/ControlRig_RoundedTriangle_3mm.uasset" 6625
"../../../Engine/Plugins/Animation/ControlRig/Content/Controls/ControlRig_RoundedTriangle_solid.uasset" 6626
"../../../Engine/Plugins/Animation/ControlRig/Content/Controls/ControlRig_RoundedSquare_solid.uasset" 6627
"../../../Engine/Plugins/Animation/ControlRig/Content/Controls/ControlRig_QuarterCircle_3mm.uasset" 6628
"../../../Engine/Plugins/Animation/ControlRig/Content/Controls/ControlRig_RoundedSquare_3mm.uasset" 6629
"../../../Engine/Plugins/Animation/ControlRig/Content/Controls/ControlRig_RoundedSquare_1mm.uasset" 6630
"../../../Engine/Plugins/Animation/ControlRig/Content/Controls/ControlRig_QuarterCircle_solid.uasset" 6631
"../../../Engine/Plugins/Animation/ControlRig/Content/Controls/ControlRig_Pyramid_solid.uasset" 6632
"../../../Engine/Plugins/Animation/ControlRig/Content/Controls/ControlRig_Pyramid_1mm.uasset" 6633
"../../../Engine/Plugins/Animation/ControlRig/Content/Controls/ControlRig_RoundedTriangle_1mm.uasset" 6634
"../../../Engine/Plugins/Animation/ControlRig/Content/Controls/ControlRig_Octagon_solid.uasset" 6635
"../../../Engine/Plugins/Animation/ControlRig/Content/Controls/ControlRig_Pyramid_3mm.uasset" 6636
"../../../Engine/Plugins/Animation/ControlRig/Content/Controls/ControlRig_QuarterCircle_1mm.uasset" 6637
"../../../Engine/Plugins/Animation/ControlRig/Content/Controls/ControlRig_Hexagon_3mm.uasset" 6638
"../../../Engine/Plugins/Animation/ControlRig/Content/Controls/ControlRig_Hexagon_solid.uasset" 6639
"../../../Engine/Plugins/Animation/ControlRig/Content/Controls/ControlRig_Hexagon_1mm.uasset" 6640
"../../../Engine/Plugins/Animation/ControlRig/Content/Controls/ControlRig_HalfCircle_3mm.uasset" 6641
"../../../Engine/Plugins/Animation/ControlRig/Content/Controls/ControlRig_Diamond_1mm.uasset" 6642
"../../../Engine/Plugins/Animation/ControlRig/Content/Controls/ControlRig_Diamond_solid.uasset" 6643
"../../../Engine/Plugins/Animation/ControlRig/Content/Controls/ControlRig_Octagon_1mm.uasset" 6644
"../../../Engine/Plugins/Animation/ControlRig/Content/Controls/ControlRig_Circle_solid.uasset" 6645
"../../../Engine/Plugins/Animation/ControlRig/Content/Controls/ControlRig_Diamond_3mm.uasset" 6646
"../../../Engine/Plugins/Animation/ControlRig/Content/Controls/ControlRig_HalfCircle_1mm.uasset" 6647
"../../../Engine/Plugins/Animation/ControlRig/Content/Controls/ControlRig_Octagon_3mm.uasset" 6648
"../../../Engine/Plugins/Animation/ControlRig/Content/Controls/ControlRig_HalfCircle_solid.uasset" 6649
"../../../Engine/Plugins/Animation/ControlRig/Content/Controls/ControlRig_Circle_3mm.uasset" 6650
"../../../Engine/Plugins/Animation/ControlRig/Content/Controls/ControlRig_Circle_1mm.uasset" 6651
"../../../Engine/Plugins/Animation/ControlRig/Content/Controls/ControlRig_Box_solid.uasset" 6652
"../../../Engine/Plugins/Animation/ControlRig/Content/Controls/ControlRig_Box_3mm.uasset" 6653
"../../../Engine/Plugins/Animation/ControlRig/Content/Controls/ControlRig_Box_1mm.uasset" 6654
"../../../Engine/Plugins/Animation/ControlRig/Content/Controls/ControlRig_Arrow_solid.uasset" 6655
"../../../Engine/Plugins/Animation/ControlRig/Content/Controls/ControlRig_Arrow_3mm.uasset" 6656
"../../../Engine/Plugins/Animation/ControlRig/Content/Controls/ControlRig_Arrow_1mm.uasset" 6657
"../../../Engine/Plugins/Animation/ControlRig/Content/Controls/ControlRig_Arrow4_solid.uasset" 6658
"../../../Engine/Plugins/Animation/ControlRig/Content/Controls/ControlRig_Arrow4_3mm.uasset" 6659
"../../../Engine/Plugins/Animation/ControlRig/Content/Controls/ControlRig_Arrow2_1mm.uasset" 6660
"../../../Engine/Plugins/Animation/ControlRig/Content/Controls/ControlRig_Arrow2_solid.uasset" 6661
"../../../Engine/Plugins/Animation/ControlRig/Content/Controls/ControlRig_Sphere_solid.uasset" 6662
"C:/Users/win11/Documents/GitHub/the-last-check-in/Content/tomWork/Meshes/Key.uasset" 6663
"../../../Engine/Plugins/Animation/ControlRig/Content/Controls/ControlRig_Arrow2_3mm.uasset" 6664
"../../../Engine/Plugins/Animation/ControlRig/Content/Controls/ControlRig_Arrow4_1mm.uasset" 6665
"C:/Users/win11/Documents/GitHub/the-last-check-in/Content/StarterContent/Props/MaterialSphere.uasset" 6666
"C:/Users/win11/Documents/GitHub/the-last-check-in/Content/TemplateContent/FirstPerson/Maps/FirstPersonMap.umap" 6667
"C:/Users/win11/Documents/GitHub/the-last-check-in/Content/tomWork/Meshes/doorTest.uasset" 6668
"C:/Users/win11/Documents/GitHub/the-last-check-in/Content/StarterContent/Blueprints/Assets/SM_Arrows.uasset" 6669
"C:/Users/win11/Documents/GitHub/the-last-check-in/Content/ollieWork/WaterDrinking_System/SM_Glass.uasset" 6670
"C:/Users/win11/Documents/GitHub/the-last-check-in/Content/ollieWork/WaterDrinking_System/1920_Glass_Model_Water_Export.uasset" 6671
"C:/Users/win11/Documents/GitHub/the-last-check-in/Content/ollieWork/WaterDrinking_System/1920_Glass_Model_Export.uasset" 6672
"C:/Users/win11/Documents/GitHub/the-last-check-in/Content/lukeWork/FirstPerson/Maps/SM_Wall_1.uasset" 6673
"C:/Users/win11/Documents/GitHub/the-last-check-in/Content/lukeWork/FirstPerson/Maps/SM_Piller_Small.uasset" 6674
"C:/Users/win11/Documents/GitHub/the-last-check-in/Content/lukeWork/FirstPerson/Maps/SM_Piller_middle.uasset" 6675
"C:/Users/win11/Documents/GitHub/the-last-check-in/Content/lukeWork/FirstPerson/Maps/SM_Lift_Door.uasset" 6676
"C:/Users/win11/Documents/GitHub/the-last-check-in/Content/tomWork/Meshes/doorFrame.uasset" 6677
"C:/Users/win11/Documents/GitHub/the-last-check-in/Content/lukeWork/FirstPerson/Maps/Sm_Stairs.uasset" 6678
"C:/Users/win11/Documents/GitHub/the-last-check-in/Content/lukeWork/FirstPerson/Maps/SM_Lift.uasset" 6679
"C:/Users/win11/Documents/GitHub/the-last-check-in/Content/lukeWork/FirstPerson/Maps/SM_DoorWay2.uasset" 6680
"C:/Users/win11/Documents/GitHub/the-last-check-in/Content/lukeWork/FirstPerson/Maps/SM_Door_Frame.uasset" 6681
"C:/Users/win11/Documents/GitHub/the-last-check-in/Content/lukeWork/FirstPerson/Maps/SM_P?iller_Corner.uasset" 6682
"C:/Users/win11/Documents/GitHub/the-last-check-in/Content/tomWork/TemplateContent/LevelPrototyping/Meshes/SM_ChamferCube.uasset" 6683
"C:/Users/win11/Documents/GitHub/the-last-check-in/Content/tomWork/TemplateContent/FirstPersonArms/Character/Materials/Functions/MF_Diffraction.uasset" 6684
"C:/Users/win11/Documents/GitHub/the-last-check-in/Content/TemplateContent/LevelPrototyping/Meshes/SM_ChamferCube.uasset" 6685
"C:/Users/win11/Documents/GitHub/the-last-check-in/Content/TemplateContent/FirstPersonArms/Character/Materials/Functions/MF_Diffraction.uasset" 6686
"../../../Engine/Content/Maps/Templates/HLODs/HLODLayer_Instanced.uasset" 6687
"../../../Engine/Content/Maps/Templates/HLODs/HLODLayer_Merged.uasset" 6688
"../../../../../../Users/win11/Documents/GitHub/the-last-check-in/Content/__ExternalActors__/TemplateContent/FirstPerson/Maps/FirstPersonMap/1/7N/NWPJO95EUPMVS8P3BX1RM1.uasset" 6689
"../../../../../../Users/win11/Documents/GitHub/the-last-check-in/Content/__ExternalActors__/TemplateContent/FirstPerson/Maps/FirstPersonMap/0/5L/KVMNCF3QAQM0HSRJJ899SV.uasset" 6690
"../../../../../../Users/win11/Documents/GitHub/the-last-check-in/Content/__ExternalActors__/TemplateContent/FirstPerson/Maps/FirstPersonMap/0/B6/I16PBPWCWHA0SKKXC7883U.uasset" 6691
"../../../../../../Users/win11/Documents/GitHub/the-last-check-in/Content/__ExternalActors__/TemplateContent/FirstPerson/Maps/FirstPersonMap/0/CH/T257EJBKF4GYGZK5OKGJF9.uasset" 6692
"../../../../../../Users/win11/Documents/GitHub/the-last-check-in/Content/__ExternalActors__/TemplateContent/FirstPerson/Maps/FirstPersonMap/0/PI/L72X6C3SO92RHHF8QGX0E8.uasset" 6693
"../../../../../../Users/win11/Documents/GitHub/the-last-check-in/Content/__ExternalActors__/TemplateContent/FirstPerson/Maps/FirstPersonMap/0/QZ/2TB5IJXX1KAKDORH6OT1TD.uasset" 6694
"../../../../../../Users/win11/Documents/GitHub/the-last-check-in/Content/__ExternalActors__/TemplateContent/FirstPerson/Maps/FirstPersonMap/0/ZK/1LDE2DL2MW6WOPE9IT6DHZ.uasset" 6695
"../../../../../../Users/win11/Documents/GitHub/the-last-check-in/Content/TemplateContent/LevelPrototyping/Meshes/SM_Cube.uasset" 6696
"../../../../../../Users/win11/Documents/GitHub/the-last-check-in/Content/TemplateContent/LevelPrototyping/Materials/MI_PrototypeGrid_Gray.uasset" 6697
"../../../../../../Users/win11/Documents/GitHub/the-last-check-in/Content/TemplateContent/LevelPrototyping/Materials/M_PrototypeGrid.uasset" 6698
"../../../../../../Users/win11/Documents/GitHub/the-last-check-in/Content/TemplateContent/LevelPrototyping/Materials/MF_ProcGrid.uasset" 6699
"../../../../../../Users/win11/Documents/GitHub/the-last-check-in/Content/__ExternalActors__/TemplateContent/FirstPerson/Maps/FirstPersonMap/1/3G/2DE8KTSMU5VP77Y8XW2GIC.uasset" 6700
"../../../../../../Users/win11/Documents/GitHub/the-last-check-in/Content/__ExternalActors__/TemplateContent/FirstPerson/Maps/FirstPersonMap/1/FR/783QU711IM0DS93K1VR12E.uasset" 6701
"../../../../../../Users/win11/Documents/GitHub/the-last-check-in/Content/__ExternalActors__/TemplateContent/FirstPerson/Maps/FirstPersonMap/1/K4/6R8OVZ3IWPS85VPVTPW43G.uasset" 6702
"../../../../../../Users/win11/Documents/GitHub/the-last-check-in/Content/__ExternalActors__/TemplateContent/FirstPerson/Maps/FirstPersonMap/1/T5/QP8GCRSSNG5B66ZBOUCY9M.uasset" 6703
"../../../../../../Users/win11/Documents/GitHub/the-last-check-in/Content/__ExternalActors__/TemplateContent/FirstPerson/Maps/FirstPersonMap/1/TL/YS681KSKRO393CBWEYJ40Z.uasset" 6704
"../../../../../../Users/win11/Documents/GitHub/the-last-check-in/Content/__ExternalActors__/TemplateContent/FirstPerson/Maps/FirstPersonMap/1/U0/S7IIU5XP2NJCRR6QATYHVC.uasset" 6705
"../../../../../../Users/win11/Documents/GitHub/the-last-check-in/Content/__ExternalActors__/TemplateContent/FirstPerson/Maps/FirstPersonMap/2/52/VI8PWBWWSOMG6QSQ7UYGXY.uasset" 6706
"../../../../../../Users/win11/Documents/GitHub/the-last-check-in/Content/__ExternalActors__/TemplateContent/FirstPerson/Maps/FirstPersonMap/2/7J/JLKG4EJC07I7N44TFB06VS.uasset" 6707
"../../../../../../Users/win11/Documents/GitHub/the-last-check-in/Content/__ExternalActors__/TemplateContent/FirstPerson/Maps/FirstPersonMap/2/8F/KNN8V4PLL2R98JOTDZ9XPC.uasset" 6708
"../../../../../../Users/win11/Documents/GitHub/the-last-check-in/Content/__ExternalActors__/TemplateContent/FirstPerson/Maps/FirstPersonMap/2/QD/0LLWMHB2J7GJCVFO0C40H1.uasset" 6709
"../../../../../../Users/win11/Documents/GitHub/the-last-check-in/Content/__ExternalActors__/TemplateContent/FirstPerson/Maps/FirstPersonMap/3/KB/L1LB0SF4TCL0SIXLY8TT15.uasset" 6710
"../../../../../../Users/win11/Documents/GitHub/the-last-check-in/Content/__ExternalActors__/TemplateContent/FirstPerson/Maps/FirstPersonMap/3/RE/JM5ZQTIC65IDXA25WC2FTC.uasset" 6711
"../../../../../../Users/win11/Documents/GitHub/the-last-check-in/Content/__ExternalActors__/TemplateContent/FirstPerson/Maps/FirstPersonMap/3/VN/S54ROQENBLPUHZKPEBMVRM.uasset" 6712
"../../../../../../Users/win11/Documents/GitHub/the-last-check-in/Content/__ExternalActors__/TemplateContent/FirstPerson/Maps/FirstPersonMap/4/P2/S269VWGRTE6V4Q6FB1YWOM.uasset" 6713
"../../../../../../Users/win11/Documents/GitHub/the-last-check-in/Content/__ExternalActors__/TemplateContent/FirstPerson/Maps/FirstPersonMap/4/UU/HN5IOBN1D3CPVPMFPKFXL0.uasset" 6714
"../../../../../../Users/win11/Documents/GitHub/the-last-check-in/Content/__ExternalActors__/TemplateContent/FirstPerson/Maps/FirstPersonMap/5/0W/BQPEFLUNWMPGRB4SIM7LYE.uasset" 6715
"../../../../../../Users/win11/Documents/GitHub/the-last-check-in/Content/__ExternalActors__/TemplateContent/FirstPerson/Maps/FirstPersonMap/5/81/B6MY5MZ66QOLQ1YH1RNO2S.uasset" 6716
"../../../../../../Users/win11/Documents/GitHub/the-last-check-in/Content/__ExternalActors__/TemplateContent/FirstPerson/Maps/FirstPersonMap/5/AT/QR63B39RDMRMX9CF4WZOAT.uasset" 6717
"../../../../../../Users/win11/Documents/GitHub/the-last-check-in/Content/__ExternalActors__/TemplateContent/FirstPerson/Maps/FirstPersonMap/5/L0/BFW0U3MFG3DNCZOC3MM8YH.uasset" 6718
"../../../../../../Users/win11/Documents/GitHub/the-last-check-in/Content/__ExternalActors__/TemplateContent/FirstPerson/Maps/FirstPersonMap/5/LD/DB4AD6L6TARXWU5GRW4R2C.uasset" 6719
"../../../../../../Users/win11/Documents/GitHub/the-last-check-in/Content/__ExternalActors__/TemplateContent/FirstPerson/Maps/FirstPersonMap/5/M4/EHP59ES0ELWRUVQJ4KF0WT.uasset" 6720
"../../../../../../Users/win11/Documents/GitHub/the-last-check-in/Content/__ExternalActors__/TemplateContent/FirstPerson/Maps/FirstPersonMap/5/RX/0U191TCZ78FUJPAQ5UBNHJ.uasset" 6721
"../../../../../../Users/win11/Documents/GitHub/the-last-check-in/Content/__ExternalActors__/TemplateContent/FirstPerson/Maps/FirstPersonMap/5/UN/UFPTL2W52739QAHSIUYE43.uasset" 6722
"../../../../../../Users/win11/Documents/GitHub/the-last-check-in/Content/__ExternalActors__/TemplateContent/FirstPerson/Maps/FirstPersonMap/6/L4/TARD4SBX8PI04G5HSTV6QP.uasset" 6723
"../../../../../../Users/win11/Documents/GitHub/the-last-check-in/Content/__ExternalActors__/TemplateContent/FirstPerson/Maps/FirstPersonMap/6/TR/PGXYIM8R6BSE0HW60IPNYF.uasset" 6724
"../../../../../../Users/win11/Documents/GitHub/the-last-check-in/Content/__ExternalActors__/TemplateContent/FirstPerson/Maps/FirstPersonMap/7/7L/BLR5C9JNIQ39RCY3ROYX50.uasset" 6725
"../../../../../../Users/win11/Documents/GitHub/the-last-check-in/Content/__ExternalActors__/TemplateContent/FirstPerson/Maps/FirstPersonMap/7/8M/ECEVGR8JI0JE0KE5X5N0P9.uasset" 6726
"../../../../../../Users/win11/Documents/GitHub/the-last-check-in/Content/__ExternalActors__/TemplateContent/FirstPerson/Maps/FirstPersonMap/7/SO/PBCGB7U47O50C0XO08STBN.uasset" 6727
"../../../../../../Users/win11/Documents/GitHub/the-last-check-in/Content/__ExternalActors__/TemplateContent/FirstPerson/Maps/FirstPersonMap/7/SV/27V19OPSFQRVEUQGGWT9IU.uasset" 6728
"../../../../../../Users/win11/Documents/GitHub/the-last-check-in/Content/__ExternalActors__/TemplateContent/FirstPerson/Maps/FirstPersonMap/7/UP/LL66AWVQ4FHI0OXVOOSQC8.uasset" 6729
"../../../../../../Users/win11/Documents/GitHub/the-last-check-in/Content/__ExternalActors__/TemplateContent/FirstPerson/Maps/FirstPersonMap/8/JI/XQ7PE809ZCBQBAT4UEQD63.uasset" 6730
"../../../../../../Users/win11/Documents/GitHub/the-last-check-in/Content/__ExternalActors__/TemplateContent/FirstPerson/Maps/FirstPersonMap/8/LZ/6PLOVD9JKFETECT2EU3MKW.uasset" 6731
"../../../../../../Users/win11/Documents/GitHub/the-last-check-in/Content/__ExternalActors__/TemplateContent/FirstPerson/Maps/FirstPersonMap/8/NV/VEOK16X1TM0DEGR6Z4MW4J.uasset" 6732
"../../../../../../Users/win11/Documents/GitHub/the-last-check-in/Content/__ExternalActors__/TemplateContent/FirstPerson/Maps/FirstPersonMap/9/BI/79DCCYBWN1E51DDKMHN586.uasset" 6733
"../../../Engine/Content/EngineSky/SM_SkySphere.uasset" 6734
"../../../../../../Users/win11/Documents/GitHub/the-last-check-in/Content/__ExternalActors__/TemplateContent/FirstPerson/Maps/FirstPersonMap/9/H9/CP1TPLGURY8CDA6WZLAIMH.uasset" 6735
"../../../../../../Users/win11/Documents/GitHub/the-last-check-in/Content/__ExternalActors__/TemplateContent/FirstPerson/Maps/FirstPersonMap/9/U8/IQK72MA104R3DC135ZCW2W.uasset" 6736
"../../../../../../Users/win11/Documents/GitHub/the-last-check-in/Content/Eben_Work/BP_DialogueTest.uasset" 6737
"../../../../../../Users/win11/Documents/GitHub/the-last-check-in/Content/tomWork/TemplateContent/FirstPerson/Blueprints/BP_FirstPersonCharacter.uasset" 6738
"../../../../../../Users/win11/Documents/GitHub/the-last-check-in/Content/tomWork/TemplateContent/FirstPersonArms/Animations/FirstPerson_AnimBP.uasset" 6739
"../../../Engine/Content/EditorBlueprintResources/StandardMacros.uasset" 6740
"../../../../../../Users/win11/Documents/GitHub/the-last-check-in/Content/ollieWork/FirstPerson/Blueprints/BP_FirstPersonCharacterOllie.uasset" 6741
"../../../../../../Users/win11/Documents/GitHub/the-last-check-in/Content/ollieWork/Elevator_System/BP_Elevator.uasset" 6742
"../../../../../../Users/win11/Documents/GitHub/the-last-check-in/Content/ollieWork/Elevator_System/BP_ElevatorButtons.uasset" 6743
"../../../../../../Users/win11/Documents/GitHub/the-last-check-in/Content/ollieWork/Evidence_Proto/BP_EvidenceActor.uasset" 6744
"../../../../../../Users/win11/Documents/GitHub/the-last-check-in/Content/ollieWork/Evidence_Proto/BP_ObservableItem.uasset" 6745
"../../../../../../Users/win11/Documents/GitHub/the-last-check-in/Content/tomWork/TemplateContent/FirstPersonArms/Character/Mesh/SK_Mannequin_Arms.uasset" 6746
"../../../../../../Users/win11/Documents/GitHub/the-last-check-in/Content/tomWork/TemplateContent/FirstPersonArms/Character/Materials/Instances/Manny/MI_Manny_01.uasset" 6747
"../../../../../../Users/win11/Documents/GitHub/the-last-check-in/Content/tomWork/TemplateContent/FirstPersonArms/Character/Materials/M_Mannequin.uasset" 6748
"../../../../../../Users/win11/Documents/GitHub/the-last-check-in/Content/tomWork/TemplateContent/FirstPersonArms/Character/Materials/Instances/Manny/MI_Manny_02.uasset" 6749
"../../../../../../Users/win11/Documents/GitHub/the-last-check-in/Content/tomWork/TemplateContent/LevelPrototyping/Materials/M_PrototypeGrid.uasset" 6750
"../../../../../../Users/win11/Documents/GitHub/the-last-check-in/Content/tomWork/TemplateContent/LevelPrototyping/Materials/MF_ProcGrid.uasset" 6751
"../../../../../../Users/win11/Documents/GitHub/the-last-check-in/Content/tomWork/Widgets/WBP_EvidenceObserveWidget.uasset" 6752
"../../../../../../Users/win11/Documents/GitHub/the-last-check-in/Content/Eben_Work/journal/WBP_journal.uasset" 6753
"../../../../../../Users/win11/Documents/GitHub/the-last-check-in/Content/tomWork/Widgets/WBP_PauseMenu.uasset" 6754
"../../../../../../Users/win11/Documents/GitHub/the-last-check-in/Content/tomWork/Actors/BP_InspectableProp.uasset" 6755
"../../../../../../Users/win11/Documents/GitHub/the-last-check-in/Content/tomWork/Actors/BP_ItemPickup.uasset" 6756
"../../../../../../Users/win11/Documents/GitHub/the-last-check-in/Content/tomWork/Actors/BP_Door.uasset" 6757
"../../../../../../Users/win11/Documents/GitHub/the-last-check-in/Content/tomWork/Widgets/WBP_InspectPropUI.uasset" 6758
"../../../../../../Users/win11/Documents/GitHub/the-last-check-in/Content/Eben_Work/Dialogue/WBP_TwoStageDialogue.uasset" 6759
"../../../../../../Users/win11/Documents/GitHub/the-last-check-in/Content/__ExternalActors__/TemplateContent/FirstPerson/Maps/FirstPersonMap/A/JS/XSCGBIZMZ6APLBDTMPOGQ3.uasset" 6760
"../../../../../../Users/win11/Documents/GitHub/the-last-check-in/Content/__ExternalActors__/TemplateContent/FirstPerson/Maps/FirstPersonMap/A/KW/N1NGDX7JG6OKSU2B0EA10B.uasset" 6761
"../../../../../../Users/win11/Documents/GitHub/the-last-check-in/Content/__ExternalActors__/TemplateContent/FirstPerson/Maps/FirstPersonMap/A/OJ/7SUQ92W4YM5RJR49Y2OVCM.uasset" 6762
"../../../../../../Users/win11/Documents/GitHub/the-last-check-in/Content/__ExternalActors__/TemplateContent/FirstPerson/Maps/FirstPersonMap/B/6E/U6JNA2NTM9GRPWIBWD990X.uasset" 6763
"../../../../../../Users/win11/Documents/GitHub/the-last-check-in/Content/__ExternalActors__/TemplateContent/FirstPerson/Maps/FirstPersonMap/B/FZ/XZJJA7HTFO0V0KZV104EMA.uasset" 6764
"../../../../../../Users/win11/Documents/GitHub/the-last-check-in/Content/__ExternalActors__/TemplateContent/FirstPerson/Maps/FirstPersonMap/B/YA/HT0WNHDDYK1V37KEK1JZ3N.uasset" 6765
"../../../../../../Users/win11/Documents/GitHub/the-last-check-in/Content/__ExternalActors__/TemplateContent/FirstPerson/Maps/FirstPersonMap/C/ID/99QC2OG599J7AV36H66WOP.uasset" 6766
"../../../../../../Users/win11/Documents/GitHub/the-last-check-in/Content/__ExternalActors__/TemplateContent/FirstPerson/Maps/FirstPersonMap/D/8O/HUQ269TE32MZDZ9AXDMKC4.uasset" 6767
"../../../../../../Users/win11/Documents/GitHub/the-last-check-in/Content/__ExternalActors__/TemplateContent/FirstPerson/Maps/FirstPersonMap/D/AN/EFBK7T0CNTHU9H1ZBI80GG.uasset" 6768
"../../../../../../Users/win11/Documents/GitHub/the-last-check-in/Content/__ExternalActors__/TemplateContent/FirstPerson/Maps/FirstPersonMap/D/J6/OOVWRCLE4WJKFKRDXT55F5.uasset" 6769
"../../../../../../Users/win11/Documents/GitHub/the-last-check-in/Content/__ExternalActors__/TemplateContent/FirstPerson/Maps/FirstPersonMap/D/LM/0NZRIKMYKS2G787ZVURHJF.uasset" 6770
"../../../../../../Users/win11/Documents/GitHub/the-last-check-in/Content/__ExternalActors__/TemplateContent/FirstPerson/Maps/FirstPersonMap/D/V3/932HFZ0K4OO42ULFIJSWRN.uasset" 6771
"../../../../../../Users/win11/Documents/GitHub/the-last-check-in/Content/__ExternalActors__/TemplateContent/FirstPerson/Maps/FirstPersonMap/E/62/C0P62KEMV8LEOH39EMVREA.uasset" 6772
"../../../../../../Users/win11/Documents/GitHub/the-last-check-in/Content/__ExternalActors__/TemplateContent/FirstPerson/Maps/FirstPersonMap/E/8G/MF3RN7JR4GEV63IE5BXFT2.uasset" 6773
"../../../../../../Users/win11/Documents/GitHub/the-last-check-in/Content/__ExternalActors__/TemplateContent/FirstPerson/Maps/FirstPersonMap/E/EA/YLF2X5X9JKQH7J5AVETXGT.uasset" 6774
"../../../../../../Users/win11/Documents/GitHub/the-last-check-in/Content/__ExternalActors__/TemplateContent/FirstPerson/Maps/FirstPersonMap/E/IJ/0A0LQT7VZWF89SBB0E767W.uasset" 6775
"../../../../../../Users/win11/Documents/GitHub/the-last-check-in/Content/__ExternalActors__/TemplateContent/FirstPerson/Maps/FirstPersonMap/F/3K/50CO159PJOKM68BA5YGR7Y.uasset" 6776
"../../../../../../Users/win11/Documents/GitHub/the-last-check-in/Content/__ExternalActors__/TemplateContent/FirstPerson/Maps/FirstPersonMap/F/3X/UYZ0YCI9XIIBFEV5I6LMW2.uasset" 6777
"../../../Engine/Content/EditorResources/EmptyActor.uasset" 6778
"C:/Users/win11/Documents/GitHub/the-last-check-in/Content/StarterContent/Props/SM_TableRound.uasset" 6779
"C:/Users/win11/Documents/GitHub/the-last-check-in/Content/StarterContent/Props/SM_Statue.uasset" 6780
"C:/Users/win11/Documents/GitHub/the-last-check-in/Content/StarterContent/Particles/P_Steam_Lit.uasset" 6781
"C:/Users/win11/Documents/GitHub/the-last-check-in/Content/StarterContent/Particles/P_Smoke.uasset" 6782
"C:/Users/win11/Documents/GitHub/the-last-check-in/Content/StarterContent/Props/SM_Shelf.uasset" 6783
"C:/Users/win11/Documents/GitHub/the-last-check-in/Content/StarterContent/Props/SM_Lamp_Wall.uasset" 6784
"C:/Users/win11/Documents/GitHub/the-last-check-in/Content/StarterContent/Props/SM_Lamp_Ceiling.uasset" 6785
"C:/Users/win11/Documents/GitHub/the-last-check-in/Content/StarterContent/Props/SM_PillarFrame300.uasset" 6786
"C:/Users/win11/Documents/GitHub/the-last-check-in/Content/StarterContent/Props/SM_WindowFrame.uasset" 6787
"C:/Users/win11/Documents/GitHub/the-last-check-in/Content/StarterContent/Props/SM_PillarFrame.uasset" 6788
"C:/Users/win11/Documents/GitHub/the-last-check-in/Content/StarterContent/Props/SM_CornerFrame.uasset" 6789
"C:/Users/win11/Documents/GitHub/the-last-check-in/Content/StarterContent/Props/SM_DoorFrame.uasset" 6790
"C:/Users/win11/Documents/GitHub/the-last-check-in/Content/StarterContent/Particles/P_Ambient_Dust.uasset" 6791
"C:/Users/win11/Documents/GitHub/the-last-check-in/Content/StarterContent/Props/SM_Door.uasset" 6792
"C:/Users/win11/Documents/GitHub/the-last-check-in/Content/StarterContent/Props/SM_Couch.uasset" 6793
"C:/Users/win11/Documents/GitHub/the-last-check-in/Content/StarterContent/Props/SM_Chair.uasset" 6794
"C:/Users/win11/Documents/GitHub/the-last-check-in/Content/lukeWork/Sm_Wooden_Door.uasset" 6795
"C:/Users/win11/Documents/GitHub/the-last-check-in/Content/StarterContent/Props/SM_Bush.uasset" 6796
"C:/Users/win11/Documents/GitHub/the-last-check-in/Content/lukeWork/Materialsd/Civilian_3.uasset" 6797
"C:/Users/win11/Documents/GitHub/the-last-check-in/Content/lukeWork/LevelPrototyping/Meshes/SM_ChamferCube.uasset" 6798
"C:/Users/win11/Documents/GitHub/the-last-check-in/Content/lukeWork/FirstPerson/Blueprints/BP_FirstPersonPlayerController.uasset" 6799
"C:/Users/win11/Documents/GitHub/the-last-check-in/Content/Eben_Work/Dialogue/WBP_BasicDialogue.uasset" 6800
"C:/Users/win11/Documents/GitHub/the-last-check-in/Content/lukeWork/LevelPrototyping/Materials/MF_ProcGrid.uasset" 6801
"C:/Users/win11/Documents/GitHub/the-last-check-in/Content/tomWork/TemplateContent/FirstPersonArms/Animations/FP_Rifle_Shoot_Montage.uasset" 6802
"C:/Users/win11/Documents/GitHub/the-last-check-in/Content/TemplateContent/FirstPersonArms/Animations/FP_Rifle_Shoot_Montage.uasset" 6803
"C:/Users/win11/Documents/GitHub/the-last-check-in/Content/TemplateContent/FirstPersonArms/Animations/FirstPerson_AnimBP.uasset" 6804
"C:/Users/win11/Documents/GitHub/the-last-check-in/Content/tomWork/Materials/MI_SUUPERRCoolOutline.uasset" 6805
"C:/Users/win11/Documents/GitHub/the-last-check-in/Content/StarterContent/Props/SM_Rock.uasset" 6806
"C:/Users/win11/Documents/GitHub/the-last-check-in/Content/StarterContent/Particles/P_Explosion.uasset" 6807
"C:/Users/win11/Documents/GitHub/the-last-check-in/Content/StarterContent/Particles/P_Sparks.uasset" 6808
"C:/Users/win11/Documents/GitHub/the-last-check-in/Content/StarterContent/Particles/P_Fire.uasset" 6809
"C:/Users/win11/Documents/GitHub/the-last-check-in/Content/StarterContent/Blueprints/Assets/M_LightStage_Skybox_HDRI.uasset" 6810
"C:/Users/win11/Documents/GitHub/the-last-check-in/Content/StarterContent/Blueprints/Assets/M_LightStage_Skybox_Black.uasset" 6811
"../../../Engine/Content/EditorMeshes/ColorCalibrator/SM_ColorCalibrator.uasset" 6812
"../../../Engine/Plugins/Interchange/Runtime/Content/Functions/MX_OpenPBR_Opaque.uasset" 6813
"../../../Engine/Plugins/Interchange/Runtime/Content/gltf/M_Unlit.uasset" 6814
"../../../Engine/Plugins/Interchange/Runtime/Content/Functions/MX_TransmissionSurface.uasset" 6815
"../../../Engine/Content/EditorMaterials/Thumbnails/SkySphereMaterial.uasset" 6816
"C:/Users/win11/Documents/GitHub/the-last-check-in/Content/ollieWork/Slot_Machine/BP_Tets.uasset" 6817
"C:/Users/win11/Documents/GitHub/the-last-check-in/Content/Eben_Work/BP_IAmAKey.uasset" 6818
"C:/Users/win11/Documents/GitHub/the-last-check-in/Content/__ExternalObjects__/TemplateContent/FirstPerson/Maps/FirstPersonMap/E/P8/ITXLB57I45FHDSWXPTUVUC.uasset" 6819
"C:/Users/win11/Documents/GitHub/the-last-check-in/Content/__ExternalObjects__/TemplateContent/FirstPerson/Maps/FirstPersonMap/C/FS/GMPD0ZSXK3XKOYTVDPKVT8.uasset" 6820
"C:/Users/win11/Documents/GitHub/the-last-check-in/Content/__ExternalObjects__/TemplateContent/FirstPerson/Maps/FirstPersonMap/A/SD/MXO8L45IEZSE5YXBN1N0J2.uasset" 6821
"C:/Users/win11/Documents/GitHub/the-last-check-in/Content/__ExternalObjects__/TemplateContent/FirstPerson/Maps/FirstPersonMap/9/LN/YP96FJOFZYKGPBYG6I4P85.uasset" 6822
"C:/Users/win11/Documents/GitHub/the-last-check-in/Content/__ExternalObjects__/TemplateContent/FirstPerson/Maps/FirstPersonMap/4/YI/TRDGIH3S9538Q3UYSIG9ZU.uasset" 6823
"C:/Users/win11/Documents/GitHub/the-last-check-in/Content/__ExternalObjects__/TemplateContent/FirstPerson/Maps/FirstPersonMap/4/WG/RIA73JSMOOD04PF4MZPBSV.uasset" 6824
"C:/Users/win11/Documents/GitHub/the-last-check-in/Content/__ExternalObjects__/TemplateContent/FirstPerson/Maps/FirstPersonMap/2/W5/RHM6HDNHCR63THWXXPSVJP.uasset" 6825
"C:/Users/win11/Documents/GitHub/the-last-check-in/Content/__ExternalObjects__/TemplateContent/FirstPerson/Maps/FirstPersonMap/1/6N/OA1XDBOFH0YLMBVGWF4Y0H.uasset" 6826
"C:/Users/win11/Documents/GitHub/the-last-check-in/Content/ollieWork/WaterDrinking_System/SM_SM_Glass.uasset" 6827
"C:/Users/win11/Documents/GitHub/the-last-check-in/Content/ollieWork/WaterDrinking_System/BP_DrinkableWater.uasset" 6828
"C:/Users/win11/Documents/GitHub/the-last-check-in/Content/TemplateContent/FirstPersonArms/Character/Materials/M_Mannequin.uasset" 6829
"C:/Users/win11/Documents/GitHub/the-last-check-in/Content/StarterContent/Blueprints/Blueprint_Effect_Steam.uasset" 6830
"C:/Users/win11/Documents/GitHub/the-last-check-in/Content/lukeWork/FirstPerson/Blueprints/BP_FirstPersonGameMode.uasset" 6831
"C:/Users/win11/Documents/GitHub/the-last-check-in/Content/StarterContent/Blueprints/Blueprint_Effect_Fire.uasset" 6832
"C:/Users/win11/Documents/GitHub/the-last-check-in/Content/StarterContent/Blueprints/Blueprint_Effect_Smoke.uasset" 6833
"C:/Users/win11/Documents/GitHub/the-last-check-in/Content/StarterContent/Blueprints/Blueprint_Effect_Sparks.uasset" 6834
"C:/Users/win11/Documents/GitHub/the-last-check-in/Content/StarterContent/Blueprints/Blueprint_CeilingLight.uasset" 6835
"C:/Users/win11/Documents/GitHub/the-last-check-in/Content/StarterContent/Maps/Minimal_Default.umap" 6836
"C:/Users/win11/Documents/GitHub/the-last-check-in/Content/StarterContent/Blueprints/Blueprint_Effect_Explosion.uasset" 6837
"C:/Users/win11/Documents/GitHub/the-last-check-in/Content/lukeWork/LevelPrototyping/Materials/M_PrototypeGrid.uasset" 6838
"../../../Engine/Plugins/Interchange/Runtime/Content/gltf/MaterialInstances/MI_Unlit_Mask_DS.uasset" 6839
"C:/Users/win11/Documents/GitHub/the-last-check-in/Content/StarterContent/Blueprints/Blueprint_WallSconce.uasset" 6840
"../../../Engine/Plugins/Interchange/Runtime/Content/gltf/MaterialInstances/MI_Unlit_Blend.uasset" 6841
"../../../Engine/Plugins/Interchange/Runtime/Content/gltf/MaterialInstances/MI_Unlit_Opaque_DS.uasset" 6842
"../../../Engine/Plugins/Interchange/Runtime/Content/gltf/MaterialInstances/MI_Unlit_Mask.uasset" 6843
"../../../Engine/Plugins/Interchange/Runtime/Content/gltf/MaterialInstances/MI_Unlit_Blend_DS.uasset" 6844
"C:/Users/win11/Documents/GitHub/the-last-check-in/Content/StarterContent/Blueprints/Assets/Skybox.uasset" 6845
"../../../Engine/Plugins/Interchange/Runtime/Content/Functions/MX_OpenPBR_Translucent.uasset" 6846
"C:/Users/win11/Documents/GitHub/the-last-check-in/Content/lukeWork/Levels/FirstIterationMap.umap" 6847
"../../../Engine/Plugins/Interchange/Runtime/Content/gltf/MaterialInstances/MI_Unlit_Opaque.uasset" 6848
"C:/Users/win11/Documents/GitHub/the-last-check-in/Content/TemplateContent/FirstPersonArms/Character/Materials/Instances/Manny/MI_Manny_01.uasset" 6849
"../../../../../../Users/win11/Documents/GitHub/the-last-check-in/Content/StarterContent/Maps/Minimal_Default.umap" 6850
"../../../Engine/Content/EditorResources/AudioIcons/S_AudioComponent_AutoActivate.uasset" 6851
"C:/Users/win11/Documents/GitHub/the-last-check-in/Content/lukeWork/FirstPerson/Maps/FirstPersonMap.umap" 6852
"C:/Users/win11/Documents/GitHub/the-last-check-in/Content/tomWork/TemplateContent/LevelPrototyping/Materials/MI_PrototypeGrid_TopDark.uasset" 6853
"C:/Users/win11/Documents/GitHub/the-last-check-in/Content/tomWork/TemplateContent/LevelPrototyping/Materials/MI_PrototypeGrid_Gray.uasset" 6854
"C:/Users/win11/Documents/GitHub/the-last-check-in/Content/lukeWork/LevelPrototyping/Materials/MI_PrototypeGrid_TopDark.uasset" 6855
"C:/Users/win11/Documents/GitHub/the-last-check-in/Content/TemplateContent/LevelPrototyping/Materials/MI_PrototypeGrid_TopDark.uasset" 6856
"C:/Users/win11/Documents/GitHub/the-last-check-in/Content/TemplateContent/LevelPrototyping/Materials/MI_PrototypeGrid_Gray_02.uasset" 6857
"C:/Users/win11/Documents/GitHub/the-last-check-in/Content/lukeWork/LevelPrototyping/Materials/MI_PrototypeGrid_Gray_02.uasset" 6858
"C:/Users/win11/Documents/GitHub/the-last-check-in/Content/lukeWork/LevelPrototyping/Materials/MI_PrototypeGrid_Gray.uasset" 6859
"C:/Users/win11/Documents/GitHub/the-last-check-in/Content/tomWork/TemplateContent/LevelPrototyping/Materials/MI_PrototypeGrid_Gray_02.uasset" 6860
"C:/Users/win11/Documents/GitHub/the-last-check-in/Content/StarterContent/Maps/StarterMap.umap" 6861
"../../../Engine/Plugins/Interchange/Runtime/Content/gltf/M_Transmission.uasset" 6862
"../../../Engine/Plugins/Interchange/Runtime/Content/gltf/M_Sheen.uasset" 6863
"../../../Engine/Plugins/Interchange/Runtime/Content/gltf/M_SpecularGlossiness.uasset" 6864
"../../../Engine/Plugins/Interchange/Runtime/Content/gltf/M_Default.uasset" 6865
"C:/Users/win11/Documents/GitHub/the-last-check-in/Content/StarterContent/Blueprints/BP_LightStudio.uasset" 6866
"C:/Users/win11/Documents/GitHub/the-last-check-in/Content/TemplateContent/FirstPersonArms/Character/Materials/Instances/Manny/MI_Manny_02.uasset" 6867
"C:/Users/win11/Documents/GitHub/the-last-check-in/Content/lukeWork/FirstPerson/Maps/1stFloorDone.umap" 6868
"C:/Users/win11/Documents/GitHub/the-last-check-in/Content/__ExternalObjects__/lukeWork/Levels/FirstIterationMap/E/W3/FQF4MBY8384BBBNT0JEBK6.uasset" 6869
"C:/Users/win11/Documents/GitHub/the-last-check-in/Content/lukeWork/FirstPerson/Maps/FirstIterationMap.umap" 6870
"C:/Users/win11/Documents/GitHub/the-last-check-in/Content/__ExternalObjects__/lukeWork/Levels/FirstIterationMap/9/UK/D6SMCZ3C1V9FP0TFMF0QYH.uasset" 6871
"C:/Users/win11/Documents/GitHub/the-last-check-in/Content/__ExternalObjects__/lukeWork/Levels/FirstIterationMap/9/YC/RQI19DEOC0MGWUG3D21ODU.uasset" 6872
"C:/Users/win11/Documents/GitHub/the-last-check-in/Content/__ExternalObjects__/lukeWork/Levels/FirstIterationMap/7/EY/916PXHE7405SCS5MK6WAUB.uasset" 6873
"../../../Engine/Plugins/Interchange/Runtime/Content/gltf/M_ClearCoat.uasset" 6874
"C:/Users/win11/Documents/GitHub/the-last-check-in/Content/__ExternalObjects__/lukeWork/FirstPerson/Maps/1stFloorDone/E/GH/3QDOSI505K11FGRFRENYY0.uasset" 6875
"C:/Users/win11/Documents/GitHub/the-last-check-in/Content/__ExternalObjects__/lukeWork/Levels/FirstIterationMap/7/TV/ILXVKKXPWH43TX5MGH9FEQ.uasset" 6876
"C:/Users/win11/Documents/GitHub/the-last-check-in/Content/__ExternalObjects__/lukeWork/FirstPerson/Maps/1stFloorDone/E/M0/WDC3UVPAU5CPCV4P9ZOZ0W.uasset" 6877
"C:/Users/win11/Documents/GitHub/the-last-check-in/Content/__ExternalObjects__/lukeWork/Levels/FirstIterationMap/4/JM/RH18KWLX16XYIQZW8HCZ9F.uasset" 6878
"C:/Users/win11/Documents/GitHub/the-last-check-in/Content/__ExternalObjects__/lukeWork/Levels/FirstIterationMap/C/O5/16LLA8447XRP1YX1YZZGVI.uasset" 6879
"C:/Users/win11/Documents/GitHub/the-last-check-in/Content/__ExternalObjects__/lukeWork/Levels/FirstIterationMap/8/2B/EAVY1JFNWBMVP2EOORST3P.uasset" 6880
"../../../../../../Users/win11/Documents/GitHub/the-last-check-in/Content/__ExternalActors__/lukeWork/Levels/FirstIterationMap/C/F8/A5ROBJ2MVXB4YFXLZMZYK2.uasset" 6881
"../../../../../../Users/win11/Documents/GitHub/the-last-check-in/Content/__ExternalActors__/lukeWork/FirstPerson/Maps/1stFloorDone/2/0L/3AN586JAAW4DD166OGD23V.uasset" 6882
"../../../../../../Users/win11/Documents/GitHub/the-last-check-in/Content/__ExternalActors__/lukeWork/Levels/FirstIterationMap/0/1W/CBGTS0G8YL4KJ54IAA49KB.uasset" 6883
"../../../../../../Users/win11/Documents/GitHub/the-last-check-in/Content/lukeWork/LevelPrototyping/Meshes/SM_Cube.uasset" 6884
"../../../../../../Users/win11/Documents/GitHub/the-last-check-in/Content/__ExternalActors__/lukeWork/Levels/FirstIterationMap/0/3P/CBPPVEOP9BM26PFXULYUNY.uasset" 6885
"../../../../../../Users/win11/Documents/GitHub/the-last-check-in/Content/__ExternalActors__/lukeWork/Levels/FirstIterationMap/0/4L/L3N8J6JW17Y4QWQEVD8BCR.uasset" 6886
"../../../../../../Users/win11/Documents/GitHub/the-last-check-in/Content/__ExternalActors__/lukeWork/Levels/FirstIterationMap/0/4P/PHHRCGRI5VYNWI5ATD65JP.uasset" 6887
"../../../../../../Users/win11/Documents/GitHub/the-last-check-in/Content/__ExternalActors__/lukeWork/Levels/FirstIterationMap/0/5X/759QOQBUMNNSH5CDSB782O.uasset" 6888
"../../../../../../Users/win11/Documents/GitHub/the-last-check-in/Content/__ExternalActors__/lukeWork/Levels/FirstIterationMap/0/6L/O8P0QLA3UQ6RGHXJP257UR.uasset" 6889
"../../../../../../Users/win11/Documents/GitHub/the-last-check-in/Content/__ExternalActors__/lukeWork/Levels/FirstIterationMap/0/7I/N2WT7JDUMFYF7IJMEVJJ2S.uasset" 6890
"../../../../../../Users/win11/Documents/GitHub/the-last-check-in/Content/__ExternalActors__/lukeWork/Levels/FirstIterationMap/0/84/I00PFU0HYTM2YFEIX1FFQ4.uasset" 6891
"../../../../../../Users/win11/Documents/GitHub/the-last-check-in/Content/__ExternalActors__/lukeWork/Levels/FirstIterationMap/0/8T/YRBFZ5WDKQ49UT1ZVM4LLR.uasset" 6892
"../../../../../../Users/win11/Documents/GitHub/the-last-check-in/Content/__ExternalActors__/lukeWork/Levels/FirstIterationMap/0/9O/U6140FQMLAQBVQR81PIHU5.uasset" 6893
"../../../../../../Users/win11/Documents/GitHub/the-last-check-in/Content/__ExternalActors__/lukeWork/Levels/FirstIterationMap/0/AR/PDA1ZIBGI5Z8SN1HBAWEM4.uasset" 6894
"../../../../../../Users/win11/Documents/GitHub/the-last-check-in/Content/__ExternalActors__/lukeWork/Levels/FirstIterationMap/0/CH/P2ZXY4JHSLO97NL3JMDVMW.uasset" 6895
"../../../../../../Users/win11/Documents/GitHub/the-last-check-in/Content/__ExternalActors__/lukeWork/Levels/FirstIterationMap/0/F0/HBST7YXY7I5RGXK04EPNWH.uasset" 6896
"../../../../../../Users/win11/Documents/GitHub/the-last-check-in/Content/__ExternalActors__/lukeWork/Levels/FirstIterationMap/0/GW/J6WQ8MDCBYA5JNJTBC0F77.uasset" 6897
"../../../../../../Users/win11/Documents/GitHub/the-last-check-in/Content/__ExternalActors__/lukeWork/Levels/FirstIterationMap/0/HD/0HICEY01EE94KE53KLXK87.uasset" 6898
"../../../../../../Users/win11/Documents/GitHub/the-last-check-in/Content/__ExternalActors__/lukeWork/Levels/FirstIterationMap/0/I8/BU9XORFOW9I3HUZJB34PVL.uasset" 6899
"../../../../../../Users/win11/Documents/GitHub/the-last-check-in/Content/__ExternalActors__/lukeWork/Levels/FirstIterationMap/0/IV/HCZ0KYJA7F6TFWYTDP3BH3.uasset" 6900
"../../../../../../Users/win11/Documents/GitHub/the-last-check-in/Content/__ExternalActors__/lukeWork/Levels/FirstIterationMap/0/KO/1PGQDQJ9SR92A66XKXGOQZ.uasset" 6901
"../../../../../../Users/win11/Documents/GitHub/the-last-check-in/Content/__ExternalActors__/lukeWork/Levels/FirstIterationMap/0/N1/EMCAL976X81NH413AEIC4D.uasset" 6902
"../../../../../../Users/win11/Documents/GitHub/the-last-check-in/Content/__ExternalActors__/lukeWork/Levels/FirstIterationMap/0/NA/JBNB7XHXIJVC90QV20NSMW.uasset" 6903
"../../../../../../Users/win11/Documents/GitHub/the-last-check-in/Content/__ExternalActors__/lukeWork/Levels/FirstIterationMap/0/O4/FQQ678AMPAOR9FYLQ91BBC.uasset" 6904
"../../../../../../Users/win11/Documents/GitHub/the-last-check-in/Content/__ExternalActors__/lukeWork/Levels/FirstIterationMap/0/OP/09CMSDO48HUYU73WA686AA.uasset" 6905
"../../../../../../Users/win11/Documents/GitHub/the-last-check-in/Content/__ExternalActors__/lukeWork/Levels/FirstIterationMap/0/OV/PB8OWKDTOP8K36A67DGJB0.uasset" 6906
"../../../../../../Users/win11/Documents/GitHub/the-last-check-in/Content/__ExternalActors__/lukeWork/Levels/FirstIterationMap/0/SJ/NDT490SI9ZOO8YGMG2Q4L8.uasset" 6907
"../../../../../../Users/win11/Documents/GitHub/the-last-check-in/Content/__ExternalActors__/lukeWork/Levels/FirstIterationMap/0/VR/PQRV1IASJ8YFRMAQH49LG5.uasset" 6908
"../../../../../../Users/win11/Documents/GitHub/the-last-check-in/Content/__ExternalActors__/lukeWork/Levels/FirstIterationMap/1/6Z/XP05NEL3ZQBG1OCX8AEF8D.uasset" 6909
"../../../../../../Users/win11/Documents/GitHub/the-last-check-in/Content/__ExternalActors__/lukeWork/Levels/FirstIterationMap/1/9P/BMZETJBYJHA22UN4JHYGCJ.uasset" 6910
"../../../../../../Users/win11/Documents/GitHub/the-last-check-in/Content/__ExternalActors__/lukeWork/Levels/FirstIterationMap/1/D0/0WPMV5M2NHIFVQQLAS5BE8.uasset" 6911
"../../../../../../Users/win11/Documents/GitHub/the-last-check-in/Content/__ExternalActors__/lukeWork/Levels/FirstIterationMap/1/DG/CH6Z3TQQYN24URUF07VJQX.uasset" 6912
"../../../../../../Users/win11/Documents/GitHub/the-last-check-in/Content/__ExternalActors__/lukeWork/Levels/FirstIterationMap/1/F6/R5MCXQWUYRYU3PVAO486K2.uasset" 6913
"../../../../../../Users/win11/Documents/GitHub/the-last-check-in/Content/__ExternalActors__/lukeWork/Levels/FirstIterationMap/1/H1/2H04JDUNXDX1SO90GC7Q8W.uasset" 6914
"../../../../../../Users/win11/Documents/GitHub/the-last-check-in/Content/__ExternalActors__/lukeWork/Levels/FirstIterationMap/1/JP/ICJOU06N1ZITHPV9R4YXYU.uasset" 6915
"../../../../../../Users/win11/Documents/GitHub/the-last-check-in/Content/__ExternalActors__/lukeWork/Levels/FirstIterationMap/1/KO/L80FCBODOEKQT8081AB6Y2.uasset" 6916
"../../../../../../Users/win11/Documents/GitHub/the-last-check-in/Content/__ExternalActors__/lukeWork/Levels/FirstIterationMap/1/LZ/C9MRV29TTFWD4LLSMY0AH5.uasset" 6917
"../../../../../../Users/win11/Documents/GitHub/the-last-check-in/Content/__ExternalActors__/lukeWork/Levels/FirstIterationMap/1/MH/5O1SGWITYGOVJM6II9KJ12.uasset" 6918
"../../../../../../Users/win11/Documents/GitHub/the-last-check-in/Content/__ExternalActors__/lukeWork/Levels/FirstIterationMap/1/Q9/E5ON35NW029I9VJ9AU4HCC.uasset" 6919
"../../../../../../Users/win11/Documents/GitHub/the-last-check-in/Content/__ExternalActors__/lukeWork/Levels/FirstIterationMap/1/SW/EAYJW37TPBGIDC979RY86I.uasset" 6920
"../../../../../../Users/win11/Documents/GitHub/the-last-check-in/Content/__ExternalActors__/lukeWork/Levels/FirstIterationMap/1/SZ/449E61H704MJP2PASCYCGL.uasset" 6921
"../../../../../../Users/win11/Documents/GitHub/the-last-check-in/Content/__ExternalActors__/lukeWork/Levels/FirstIterationMap/1/V5/YE5UT0EEHYWMUIRQUTI23W.uasset" 6922
"../../../../../../Users/win11/Documents/GitHub/the-last-check-in/Content/__ExternalActors__/lukeWork/Levels/FirstIterationMap/1/V8/I2WAU8QC9OZINO9YQIIDKH.uasset" 6923
"../../../../../../Users/win11/Documents/GitHub/the-last-check-in/Content/__ExternalActors__/lukeWork/Levels/FirstIterationMap/2/0K/YVXO809RDJSIQW6Z5F0EEP.uasset" 6924
"../../../../../../Users/win11/Documents/GitHub/the-last-check-in/Content/__ExternalActors__/lukeWork/Levels/FirstIterationMap/2/2Q/KDSWFEN8XOU2DVSYWIPRQO.uasset" 6925
"../../../../../../Users/win11/Documents/GitHub/the-last-check-in/Content/__ExternalActors__/lukeWork/Levels/FirstIterationMap/2/3N/ZQN5CHY7GE7MN97C956ZC4.uasset" 6926
"../../../../../../Users/win11/Documents/GitHub/the-last-check-in/Content/__ExternalActors__/lukeWork/Levels/FirstIterationMap/2/45/9ZJP1C5HO5GGKUM4ZIGCKW.uasset" 6927
"../../../../../../Users/win11/Documents/GitHub/the-last-check-in/Content/__ExternalActors__/lukeWork/Levels/FirstIterationMap/2/6I/2L9Z4RMMTKJOC7609L98RD.uasset" 6928
"../../../../../../Users/win11/Documents/GitHub/the-last-check-in/Content/__ExternalActors__/lukeWork/Levels/FirstIterationMap/2/8C/9D5Q4XDJLO9PYMOL223RFA.uasset" 6929
"../../../../../../Users/win11/Documents/GitHub/the-last-check-in/Content/__ExternalActors__/lukeWork/Levels/FirstIterationMap/2/9Y/D1RIBTWJL7X5T4E4RG2OCH.uasset" 6930
"../../../../../../Users/win11/Documents/GitHub/the-last-check-in/Content/__ExternalActors__/lukeWork/Levels/FirstIterationMap/2/EA/TZPUTAE0ITFL5G5XIZLF3E.uasset" 6931
"../../../../../../Users/win11/Documents/GitHub/the-last-check-in/Content/__ExternalActors__/lukeWork/Levels/FirstIterationMap/2/EF/74WNH1EULTA8IM1O94BIM1.uasset" 6932
"../../../../../../Users/win11/Documents/GitHub/the-last-check-in/Content/__ExternalActors__/lukeWork/Levels/FirstIterationMap/2/GW/12CTW4LMZ47M2VGFQGOH6M.uasset" 6933
"../../../../../../Users/win11/Documents/GitHub/the-last-check-in/Content/__ExternalActors__/lukeWork/Levels/FirstIterationMap/2/HQ/CANZQ3ZSCDOCZ0ZVJY5BKT.uasset" 6934
"../../../../../../Users/win11/Documents/GitHub/the-last-check-in/Content/__ExternalActors__/lukeWork/Levels/FirstIterationMap/2/HS/RI8Z2LPF49DX2UO7B0VTDL.uasset" 6935
"../../../../../../Users/win11/Documents/GitHub/the-last-check-in/Content/__ExternalActors__/lukeWork/Levels/FirstIterationMap/2/HY/ZLZMKB2CIADY33Q89QQ5N2.uasset" 6936
"../../../../../../Users/win11/Documents/GitHub/the-last-check-in/Content/__ExternalActors__/lukeWork/Levels/FirstIterationMap/2/IJ/11UEIIKJSW1LJVVMI7QWE1.uasset" 6937
"../../../../../../Users/win11/Documents/GitHub/the-last-check-in/Content/__ExternalActors__/lukeWork/Levels/FirstIterationMap/2/JO/ZPDAIEIFE2PD4DS7E3RPI7.uasset" 6938
"../../../../../../Users/win11/Documents/GitHub/the-last-check-in/Content/__ExternalActors__/lukeWork/Levels/FirstIterationMap/2/KC/NMRF4BWXONBG5JFCRYM4ZY.uasset" 6939
"../../../../../../Users/win11/Documents/GitHub/the-last-check-in/Content/__ExternalActors__/lukeWork/Levels/FirstIterationMap/2/M9/I7FQP3ZF4677KJLGHZPEFH.uasset" 6940
"../../../../../../Users/win11/Documents/GitHub/the-last-check-in/Content/__ExternalActors__/lukeWork/Levels/FirstIterationMap/2/NQ/WQM93Y2VSUVGQQ1F5O0Z48.uasset" 6941
"../../../../../../Users/win11/Documents/GitHub/the-last-check-in/Content/__ExternalActors__/lukeWork/Levels/FirstIterationMap/2/OG/20WAB5WP55GJGH42Q9TXDT.uasset" 6942
"../../../../../../Users/win11/Documents/GitHub/the-last-check-in/Content/__ExternalActors__/lukeWork/Levels/FirstIterationMap/2/YD/AM2AK3YG1LWQ1ET5WV3LK1.uasset" 6943
"../../../../../../Users/win11/Documents/GitHub/the-last-check-in/Content/__ExternalActors__/lukeWork/Levels/FirstIterationMap/3/25/PUAO7CC181VSHGRNRBP03A.uasset" 6944
"../../../../../../Users/win11/Documents/GitHub/the-last-check-in/Content/__ExternalActors__/lukeWork/Levels/FirstIterationMap/3/52/1TJJMK5BLXZ4RTIX14Q5EH.uasset" 6945
"../../../../../../Users/win11/Documents/GitHub/the-last-check-in/Content/__ExternalActors__/lukeWork/Levels/FirstIterationMap/3/8M/B2HH59VSQ11CM7K6NKNMIV.uasset" 6946
"../../../../../../Users/win11/Documents/GitHub/the-last-check-in/Content/__ExternalActors__/lukeWork/Levels/FirstIterationMap/3/BG/J69AM5OTZKXU12AMSMDG1I.uasset" 6947
"../../../../../../Users/win11/Documents/GitHub/the-last-check-in/Content/__ExternalActors__/lukeWork/Levels/FirstIterationMap/3/CF/OB1DL1MOZRBDWU8AMPN190.uasset" 6948
"../../../../../../Users/win11/Documents/GitHub/the-last-check-in/Content/__ExternalActors__/lukeWork/Levels/FirstIterationMap/3/DX/OMMD5ZOW227JJ63Z3IXYHG.uasset" 6949
"../../../../../../Users/win11/Documents/GitHub/the-last-check-in/Content/__ExternalActors__/lukeWork/Levels/FirstIterationMap/3/FK/B4RUDR7C5V5KCLUZBZYSMM.uasset" 6950
"../../../../../../Users/win11/Documents/GitHub/the-last-check-in/Content/__ExternalActors__/lukeWork/Levels/FirstIterationMap/3/JZ/5UJURAL9AULEIQFMY2FTQP.uasset" 6951
"../../../../../../Users/win11/Documents/GitHub/the-last-check-in/Content/__ExternalActors__/lukeWork/Levels/FirstIterationMap/3/M1/AWJPJMJV9NWAINN18QTYE3.uasset" 6952
"../../../../../../Users/win11/Documents/GitHub/the-last-check-in/Content/__ExternalActors__/lukeWork/Levels/FirstIterationMap/3/P8/MMEP3A1Q0N9XGDHEBO6AZI.uasset" 6953
"../../../../../../Users/win11/Documents/GitHub/the-last-check-in/Content/__ExternalActors__/lukeWork/Levels/FirstIterationMap/3/PW/E1DPFLRDXBV8DJZPQ41MZJ.uasset" 6954
"../../../../../../Users/win11/Documents/GitHub/the-last-check-in/Content/__ExternalActors__/lukeWork/Levels/FirstIterationMap/3/QO/VKGQJ4OY0Z7G5YUPN4XDED.uasset" 6955
"../../../../../../Users/win11/Documents/GitHub/the-last-check-in/Content/__ExternalActors__/lukeWork/Levels/FirstIterationMap/3/SU/QWNZNUX28UUIMCMMNJPO3G.uasset" 6956
"../../../../../../Users/win11/Documents/GitHub/the-last-check-in/Content/__ExternalActors__/lukeWork/Levels/FirstIterationMap/3/UD/VE7DR7HLBDS6LK73I8Q0F7.uasset" 6957
"../../../../../../Users/win11/Documents/GitHub/the-last-check-in/Content/__ExternalActors__/lukeWork/Levels/FirstIterationMap/3/UP/QCKC2BYVDIEF6G9RKTA82L.uasset" 6958
"../../../../../../Users/win11/Documents/GitHub/the-last-check-in/Content/__ExternalActors__/lukeWork/Levels/FirstIterationMap/3/VY/5GVUYC1TMWJY6IWFVXXWWF.uasset" 6959
"../../../../../../Users/win11/Documents/GitHub/the-last-check-in/Content/__ExternalActors__/lukeWork/Levels/FirstIterationMap/3/WB/AJOIOT6T7D89MG7L0ZA81H.uasset" 6960
"../../../../../../Users/win11/Documents/GitHub/the-last-check-in/Content/__ExternalActors__/lukeWork/Levels/FirstIterationMap/3/WS/JE9757H2V9B16G6WELZOAK.uasset" 6961
"../../../../../../Users/win11/Documents/GitHub/the-last-check-in/Content/__ExternalActors__/lukeWork/Levels/FirstIterationMap/3/XA/YW6PVRMG108D66WN54SSEU.uasset" 6962
"../../../../../../Users/win11/Documents/GitHub/the-last-check-in/Content/__ExternalActors__/lukeWork/Levels/FirstIterationMap/3/XY/VARRRRHECGCSC1O8WKJIEP.uasset" 6963
"../../../../../../Users/win11/Documents/GitHub/the-last-check-in/Content/__ExternalActors__/lukeWork/Levels/FirstIterationMap/3/ZH/RMKMYZO8JDHSEWAZY2UK1F.uasset" 6964
"../../../../../../Users/win11/Documents/GitHub/the-last-check-in/Content/__ExternalActors__/lukeWork/Levels/FirstIterationMap/4/0H/I9253J39ZYXCIBIOJM7P80.uasset" 6965
"../../../../../../Users/win11/Documents/GitHub/the-last-check-in/Content/__ExternalActors__/lukeWork/Levels/FirstIterationMap/4/10/AGN6J8VQIJCLM3JUB2Q9R2.uasset" 6966
"../../../../../../Users/win11/Documents/GitHub/the-last-check-in/Content/__ExternalActors__/lukeWork/Levels/FirstIterationMap/4/1H/TNOHU478VG61KK4XR5FJ81.uasset" 6967
"../../../../../../Users/win11/Documents/GitHub/the-last-check-in/Content/__ExternalActors__/lukeWork/Levels/FirstIterationMap/4/1R/QCU7U4Y40WYBDS9Z0J5LE1.uasset" 6968
"../../../../../../Users/win11/Documents/GitHub/the-last-check-in/Content/__ExternalActors__/lukeWork/Levels/FirstIterationMap/4/38/DWTDF8PYNJ4VGDLDEODR4O.uasset" 6969
"../../../../../../Users/win11/Documents/GitHub/the-last-check-in/Content/__ExternalActors__/lukeWork/Levels/FirstIterationMap/4/46/W16ISMHKE97DHKKTPEQ1TA.uasset" 6970
"../../../../../../Users/win11/Documents/GitHub/the-last-check-in/Content/__ExternalActors__/lukeWork/Levels/FirstIterationMap/4/4J/ZISGUACHL43LOJB3KT3WVK.uasset" 6971
"../../../../../../Users/win11/Documents/GitHub/the-last-check-in/Content/__ExternalActors__/lukeWork/Levels/FirstIterationMap/4/59/ZX3MFA5TO9Z3GC9JCZKXLZ.uasset" 6972
"../../../../../../Users/win11/Documents/GitHub/the-last-check-in/Content/__ExternalActors__/lukeWork/Levels/FirstIterationMap/4/7S/0Y5Q594QXG5ZTNZEW8LOQO.uasset" 6973
"../../../../../../Users/win11/Documents/GitHub/the-last-check-in/Content/__ExternalActors__/lukeWork/Levels/FirstIterationMap/4/DW/CECJQ8UTD04V93100KQXA5.uasset" 6974
"../../../../../../Users/win11/Documents/GitHub/the-last-check-in/Content/__ExternalActors__/lukeWork/Levels/FirstIterationMap/4/E6/FSU4SHIJ4PG1Y3KV1MBG6R.uasset" 6975
"../../../../../../Users/win11/Documents/GitHub/the-last-check-in/Content/__ExternalActors__/lukeWork/Levels/FirstIterationMap/4/H1/0ESRIOK9IYTV7TIMFKW5DD.uasset" 6976
"../../../../../../Users/win11/Documents/GitHub/the-last-check-in/Content/__ExternalActors__/lukeWork/Levels/FirstIterationMap/4/J4/UBVRUXV02MUCJVHFNJN44D.uasset" 6977
"../../../../../../Users/win11/Documents/GitHub/the-last-check-in/Content/__ExternalActors__/lukeWork/Levels/FirstIterationMap/4/KC/H8XJAQEKQ7FXZZZJPPCAO2.uasset" 6978
"../../../../../../Users/win11/Documents/GitHub/the-last-check-in/Content/__ExternalActors__/lukeWork/Levels/FirstIterationMap/4/KF/UBNHSJN8DHUCMUF1EBP39V.uasset" 6979
"../../../../../../Users/win11/Documents/GitHub/the-last-check-in/Content/__ExternalActors__/lukeWork/Levels/FirstIterationMap/4/KO/LJF327XSG6C4ZXCK9A93UC.uasset" 6980
"../../../../../../Users/win11/Documents/GitHub/the-last-check-in/Content/__ExternalActors__/lukeWork/Levels/FirstIterationMap/4/LG/ZZTIP07UZI2YY85N91PS8G.uasset" 6981
"../../../../../../Users/win11/Documents/GitHub/the-last-check-in/Content/__ExternalActors__/lukeWork/Levels/FirstIterationMap/4/O5/E1LZIA289Y4QRFELJR1EOU.uasset" 6982
"../../../../../../Users/win11/Documents/GitHub/the-last-check-in/Content/__ExternalActors__/lukeWork/Levels/FirstIterationMap/4/OI/0TAXMV5JOWPGY1L3FYTV80.uasset" 6983
"../../../../../../Users/win11/Documents/GitHub/the-last-check-in/Content/__ExternalActors__/lukeWork/Levels/FirstIterationMap/4/OJ/0YZE2HDABVXTQD6K1KMHGB.uasset" 6984
"../../../../../../Users/win11/Documents/GitHub/the-last-check-in/Content/__ExternalActors__/lukeWork/Levels/FirstIterationMap/4/QA/3U8CLG8Q6GJWANVTSJH25Q.uasset" 6985
"../../../../../../Users/win11/Documents/GitHub/the-last-check-in/Content/__ExternalActors__/lukeWork/Levels/FirstIterationMap/4/QX/FFB5B7WP4FQZEWO5PEYA0L.uasset" 6986
"../../../../../../Users/win11/Documents/GitHub/the-last-check-in/Content/__ExternalActors__/lukeWork/Levels/FirstIterationMap/4/SK/D8VGCXFMYTZYVVZ6DMCW1E.uasset" 6987
"../../../../../../Users/win11/Documents/GitHub/the-last-check-in/Content/__ExternalActors__/lukeWork/Levels/FirstIterationMap/4/VG/4SM1Y2MXBQ3WCN9FQO8PEQ.uasset" 6988
"../../../../../../Users/win11/Documents/GitHub/the-last-check-in/Content/__ExternalActors__/lukeWork/Levels/FirstIterationMap/4/XZ/HTCEOB4SK3A8MU3YTD2PX6.uasset" 6989
"../../../../../../Users/win11/Documents/GitHub/the-last-check-in/Content/__ExternalActors__/lukeWork/Levels/FirstIterationMap/4/ZD/FAT3FLZLAKFTBVLF7I3TTT.uasset" 6990
"../../../../../../Users/win11/Documents/GitHub/the-last-check-in/Content/__ExternalActors__/lukeWork/Levels/FirstIterationMap/5/3H/BT359TINDZ283MGTKRT9FS.uasset" 6991
"../../../../../../Users/win11/Documents/GitHub/the-last-check-in/Content/__ExternalActors__/lukeWork/Levels/FirstIterationMap/5/3X/HMKCIQ0GHZFP7R8Y55VA7J.uasset" 6992
"../../../../../../Users/win11/Documents/GitHub/the-last-check-in/Content/__ExternalActors__/lukeWork/Levels/FirstIterationMap/5/4A/YZYO1IRWPITFMJDWEGPRPN.uasset" 6993
"../../../../../../Users/win11/Documents/GitHub/the-last-check-in/Content/__ExternalActors__/lukeWork/Levels/FirstIterationMap/5/6V/DRU5OU033US93ZJMFHSZUG.uasset" 6994
"../../../../../../Users/win11/Documents/GitHub/the-last-check-in/Content/__ExternalActors__/lukeWork/Levels/FirstIterationMap/5/78/V17TMT41JNY4S8NIO0GR8D.uasset" 6995
"../../../../../../Users/win11/Documents/GitHub/the-last-check-in/Content/__ExternalActors__/lukeWork/Levels/FirstIterationMap/5/ED/UQ68YDUEGN4297TQA94YV8.uasset" 6996
"../../../../../../Users/win11/Documents/GitHub/the-last-check-in/Content/__ExternalActors__/lukeWork/Levels/FirstIterationMap/5/FC/EGU4XO4SCV92RRZ3N4L90B.uasset" 6997
"../../../../../../Users/win11/Documents/GitHub/the-last-check-in/Content/__ExternalActors__/lukeWork/Levels/FirstIterationMap/5/J4/8ZDIW198OYL4KPK0H0YU43.uasset" 6998
"../../../../../../Users/win11/Documents/GitHub/the-last-check-in/Content/__ExternalActors__/lukeWork/Levels/FirstIterationMap/5/MW/8CF3XQ5RPNERB0H3LRXIBS.uasset" 6999
"../../../../../../Users/win11/Documents/GitHub/the-last-check-in/Content/__ExternalActors__/lukeWork/Levels/FirstIterationMap/5/N1/KYVC0MNVL7401Y4IEYOQPS.uasset" 7000
"../../../../../../Users/win11/Documents/GitHub/the-last-check-in/Content/__ExternalActors__/lukeWork/Levels/FirstIterationMap/5/O3/ZIDJEGG0XHC5C5C2YUJ8VQ.uasset" 7001
"../../../../../../Users/win11/Documents/GitHub/the-last-check-in/Content/__ExternalActors__/lukeWork/Levels/FirstIterationMap/5/O8/Q5YVZDSS4P69YQ9MNL4PW5.uasset" 7002
"../../../../../../Users/win11/Documents/GitHub/the-last-check-in/Content/__ExternalActors__/lukeWork/Levels/FirstIterationMap/5/Q2/9VPJ5VPJURONZ9ER9ZZCN4.uasset" 7003
"../../../../../../Users/win11/Documents/GitHub/the-last-check-in/Content/__ExternalActors__/lukeWork/Levels/FirstIterationMap/5/Q2/F6MY53DMJN9PQYX9OHGIPJ.uasset" 7004
"../../../../../../Users/win11/Documents/GitHub/the-last-check-in/Content/__ExternalActors__/lukeWork/Levels/FirstIterationMap/5/RA/U90OOK5DFBJ9FYTB5FVZW1.uasset" 7005
"../../../../../../Users/win11/Documents/GitHub/the-last-check-in/Content/__ExternalActors__/lukeWork/Levels/FirstIterationMap/5/VC/92945YM9F91G3FON132QLM.uasset" 7006
"../../../../../../Users/win11/Documents/GitHub/the-last-check-in/Content/__ExternalActors__/lukeWork/Levels/FirstIterationMap/5/VQ/RAV75WICE9CXMWAGDDXE1M.uasset" 7007
"../../../../../../Users/win11/Documents/GitHub/the-last-check-in/Content/__ExternalActors__/lukeWork/Levels/FirstIterationMap/5/XI/U396AVB2OLUYX8KIICWEOR.uasset" 7008
"../../../../../../Users/win11/Documents/GitHub/the-last-check-in/Content/__ExternalActors__/lukeWork/Levels/FirstIterationMap/5/XQ/OSUX1SI0VVEJGWK1ZSZPC8.uasset" 7009
"../../../../../../Users/win11/Documents/GitHub/the-last-check-in/Content/__ExternalActors__/lukeWork/Levels/FirstIterationMap/5/ZD/XBDX9SZC4RN982WWR5XE0L.uasset" 7010
"../../../../../../Users/win11/Documents/GitHub/the-last-check-in/Content/__ExternalActors__/lukeWork/Levels/FirstIterationMap/6/1E/9DA8VLPDHVS3QUGIK8V51M.uasset" 7011
"../../../../../../Users/win11/Documents/GitHub/the-last-check-in/Content/__ExternalActors__/lukeWork/Levels/FirstIterationMap/6/7H/8VM4A0OUUWVTCI4ZEAIGAC.uasset" 7012
"../../../../../../Users/win11/Documents/GitHub/the-last-check-in/Content/__ExternalActors__/lukeWork/Levels/FirstIterationMap/6/96/PCJNL23C0C6SE7WJ1G18GM.uasset" 7013
"../../../../../../Users/win11/Documents/GitHub/the-last-check-in/Content/__ExternalActors__/lukeWork/Levels/FirstIterationMap/6/9H/PO655Z3RS0TWOOQRMVMF5H.uasset" 7014
"../../../../../../Users/win11/Documents/GitHub/the-last-check-in/Content/__ExternalActors__/lukeWork/Levels/FirstIterationMap/6/AX/7JEZ6FC03ZRWL5ZPX3YKNB.uasset" 7015
"../../../../../../Users/win11/Documents/GitHub/the-last-check-in/Content/__ExternalActors__/lukeWork/Levels/FirstIterationMap/6/BJ/478N4FY71J9PNKEGD6DIQS.uasset" 7016
"../../../../../../Users/win11/Documents/GitHub/the-last-check-in/Content/__ExternalActors__/lukeWork/Levels/FirstIterationMap/6/BK/4MS871JB0KJDWWWN37RLVX.uasset" 7017
"../../../../../../Users/win11/Documents/GitHub/the-last-check-in/Content/__ExternalActors__/lukeWork/Levels/FirstIterationMap/6/BM/0STJ2OK7ECGH4IT1J80CRY.uasset" 7018
"../../../../../../Users/win11/Documents/GitHub/the-last-check-in/Content/__ExternalActors__/lukeWork/Levels/FirstIterationMap/6/CO/13AGV7PCHOC8MYJL7ZS7ME.uasset" 7019
"../../../../../../Users/win11/Documents/GitHub/the-last-check-in/Content/__ExternalActors__/lukeWork/Levels/FirstIterationMap/6/CS/DG06ZTBG00V7KD2OI40KO5.uasset" 7020
"../../../../../../Users/win11/Documents/GitHub/the-last-check-in/Content/__ExternalActors__/lukeWork/Levels/FirstIterationMap/6/DV/CWBWIRMX069N0VFCC3DQFL.uasset" 7021
"../../../../../../Users/win11/Documents/GitHub/the-last-check-in/Content/__ExternalActors__/lukeWork/Levels/FirstIterationMap/6/E2/UG9T70VQ3NCQDKMOFG5EH6.uasset" 7022
"../../../../../../Users/win11/Documents/GitHub/the-last-check-in/Content/__ExternalActors__/lukeWork/Levels/FirstIterationMap/6/G7/QPYOI9D4RGWDQTY8Q5OA33.uasset" 7023
"../../../../../../Users/win11/Documents/GitHub/the-last-check-in/Content/__ExternalActors__/lukeWork/Levels/FirstIterationMap/6/K2/XMQID45MCIX390XFQOGV93.uasset" 7024
"../../../../../../Users/win11/Documents/GitHub/the-last-check-in/Content/__ExternalActors__/lukeWork/Levels/FirstIterationMap/6/MR/DZ6S6C831WHBNG7ZJ87BRN.uasset" 7025
"../../../../../../Users/win11/Documents/GitHub/the-last-check-in/Content/__ExternalActors__/lukeWork/Levels/FirstIterationMap/6/MT/91UEDT0FG8BYZSLMX4WMFA.uasset" 7026
"../../../../../../Users/win11/Documents/GitHub/the-last-check-in/Content/__ExternalActors__/lukeWork/Levels/FirstIterationMap/6/N1/VG9YR2PHI245NCS3CDSMOQ.uasset" 7027
"../../../../../../Users/win11/Documents/GitHub/the-last-check-in/Content/__ExternalActors__/lukeWork/Levels/FirstIterationMap/6/OP/9JQ3GH96XJB5TNYGP9BZ4M.uasset" 7028
"../../../../../../Users/win11/Documents/GitHub/the-last-check-in/Content/__ExternalActors__/lukeWork/Levels/FirstIterationMap/6/QK/OEDDP6AX1UT397OBRK5KC8.uasset" 7029
"../../../../../../Users/win11/Documents/GitHub/the-last-check-in/Content/__ExternalActors__/lukeWork/Levels/FirstIterationMap/6/QQ/NDUKX0KEQMULJL2P10LH68.uasset" 7030
"../../../../../../Users/win11/Documents/GitHub/the-last-check-in/Content/__ExternalActors__/lukeWork/Levels/FirstIterationMap/6/RI/K2TJ61J7722Y09A4S175YZ.uasset" 7031
"../../../../../../Users/win11/Documents/GitHub/the-last-check-in/Content/__ExternalActors__/lukeWork/Levels/FirstIterationMap/6/SB/WTQFYWUQJO18DW6HUFUWAG.uasset" 7032
"../../../../../../Users/win11/Documents/GitHub/the-last-check-in/Content/__ExternalActors__/lukeWork/Levels/FirstIterationMap/6/ST/ATVEA7R0DGE0NAQKJV2E1B.uasset" 7033
"../../../../../../Users/win11/Documents/GitHub/the-last-check-in/Content/__ExternalActors__/lukeWork/Levels/FirstIterationMap/6/T1/YM3COHDFQHYJI4HO6SUMC4.uasset" 7034
"../../../../../../Users/win11/Documents/GitHub/the-last-check-in/Content/__ExternalActors__/lukeWork/Levels/FirstIterationMap/6/T5/MG8M6SJVG6M5104XAAWITU.uasset" 7035
"../../../../../../Users/win11/Documents/GitHub/the-last-check-in/Content/__ExternalActors__/lukeWork/Levels/FirstIterationMap/6/TX/GSSUD0MWLZOYQDQCO1Q1IS.uasset" 7036
"../../../../../../Users/win11/Documents/GitHub/the-last-check-in/Content/__ExternalActors__/lukeWork/Levels/FirstIterationMap/6/UM/08XC0N2C57PSIINO8ZY5FU.uasset" 7037
"../../../../../../Users/win11/Documents/GitHub/the-last-check-in/Content/__ExternalActors__/lukeWork/Levels/FirstIterationMap/6/VJ/PYKE16UF53ZO9QL8GES81S.uasset" 7038
"../../../../../../Users/win11/Documents/GitHub/the-last-check-in/Content/__ExternalActors__/lukeWork/Levels/FirstIterationMap/6/W9/OAL8UXRKOMCBRZJI9668Z0.uasset" 7039
"../../../../../../Users/win11/Documents/GitHub/the-last-check-in/Content/__ExternalActors__/lukeWork/Levels/FirstIterationMap/6/Z5/O95V3OTNUAJY9XTCAJ4HWQ.uasset" 7040
"../../../../../../Users/win11/Documents/GitHub/the-last-check-in/Content/__ExternalActors__/lukeWork/Levels/FirstIterationMap/6/ZZ/NYNBE4KXMVP4F5Q2Q618EN.uasset" 7041
"../../../../../../Users/win11/Documents/GitHub/the-last-check-in/Content/__ExternalActors__/lukeWork/Levels/FirstIterationMap/7/04/AEQQKDEWXZIFC5CIFTPDLJ.uasset" 7042
"../../../../../../Users/win11/Documents/GitHub/the-last-check-in/Content/__ExternalActors__/lukeWork/Levels/FirstIterationMap/7/1S/Y6OYGNVZPUNJBTBZ12A44K.uasset" 7043
"../../../../../../Users/win11/Documents/GitHub/the-last-check-in/Content/__ExternalActors__/lukeWork/Levels/FirstIterationMap/7/2T/CZTSKKO0YPYM62HLK0CBJD.uasset" 7044
"../../../../../../Users/win11/Documents/GitHub/the-last-check-in/Content/__ExternalActors__/lukeWork/Levels/FirstIterationMap/7/3D/XNC80HAPI1UHLPUJIIUCZX.uasset" 7045
"../../../../../../Users/win11/Documents/GitHub/the-last-check-in/Content/__ExternalActors__/lukeWork/Levels/FirstIterationMap/7/6Y/DM0RCCKH9IAMWEFE5XXH4E.uasset" 7046
"../../../../../../Users/win11/Documents/GitHub/the-last-check-in/Content/__ExternalActors__/lukeWork/Levels/FirstIterationMap/7/72/A0P5QV7L9KN67O5TBCOMPF.uasset" 7047
"../../../../../../Users/win11/Documents/GitHub/the-last-check-in/Content/__ExternalActors__/lukeWork/Levels/FirstIterationMap/7/7X/IUVFD5SD1Z5MJSYH7AQWU6.uasset" 7048
"../../../../../../Users/win11/Documents/GitHub/the-last-check-in/Content/__ExternalActors__/lukeWork/Levels/FirstIterationMap/7/8O/5VNION46WSZIFDRLTPV79X.uasset" 7049
"../../../../../../Users/win11/Documents/GitHub/the-last-check-in/Content/__ExternalActors__/lukeWork/Levels/FirstIterationMap/7/99/COEGZEPR508GVJH48H6S0Z.uasset" 7050
"../../../../../../Users/win11/Documents/GitHub/the-last-check-in/Content/__ExternalActors__/lukeWork/Levels/FirstIterationMap/7/9G/I4459E5BRE1X4EGC9QCJ7O.uasset" 7051
"../../../../../../Users/win11/Documents/GitHub/the-last-check-in/Content/__ExternalActors__/lukeWork/Levels/FirstIterationMap/7/BE/F2EKKB93GGQ39GJBW8OIVR.uasset" 7052
"../../../../../../Users/win11/Documents/GitHub/the-last-check-in/Content/__ExternalActors__/lukeWork/Levels/FirstIterationMap/7/BX/NIL1TGS5EFIRTRQ148G1PG.uasset" 7053
"../../../../../../Users/win11/Documents/GitHub/the-last-check-in/Content/__ExternalActors__/lukeWork/Levels/FirstIterationMap/7/CK/7VLS0234PQ0WP0WYWL8Z33.uasset" 7054
"../../../../../../Users/win11/Documents/GitHub/the-last-check-in/Content/__ExternalActors__/lukeWork/Levels/FirstIterationMap/7/D0/4EN80LB46HYNQBA625771R.uasset" 7055
"../../../../../../Users/win11/Documents/GitHub/the-last-check-in/Content/__ExternalActors__/lukeWork/Levels/FirstIterationMap/7/JB/EI38GHS3VJ3VOQIR88RK92.uasset" 7056
"../../../../../../Users/win11/Documents/GitHub/the-last-check-in/Content/__ExternalActors__/lukeWork/Levels/FirstIterationMap/7/MF/XO6ZQICVJDHARZ9S2GL3PQ.uasset" 7057
"../../../../../../Users/win11/Documents/GitHub/the-last-check-in/Content/__ExternalActors__/lukeWork/Levels/FirstIterationMap/7/MK/GJFN2AGI2ZC5YNHU0UMLIW.uasset" 7058
"../../../../../../Users/win11/Documents/GitHub/the-last-check-in/Content/__ExternalActors__/lukeWork/Levels/FirstIterationMap/7/N6/4S5TI8FFKWKZWVPT4L890Q.uasset" 7059
"../../../../../../Users/win11/Documents/GitHub/the-last-check-in/Content/__ExternalActors__/lukeWork/Levels/FirstIterationMap/7/PB/QGE6YZ2EDRMXELDIOCF9QT.uasset" 7060
"../../../../../../Users/win11/Documents/GitHub/the-last-check-in/Content/__ExternalActors__/lukeWork/Levels/FirstIterationMap/7/RC/S6A75BRP6G6HSV24YUIFTR.uasset" 7061
"../../../../../../Users/win11/Documents/GitHub/the-last-check-in/Content/__ExternalActors__/lukeWork/Levels/FirstIterationMap/7/TK/9TAKWH7NVEPKNVH5PG2TB9.uasset" 7062
"../../../../../../Users/win11/Documents/GitHub/the-last-check-in/Content/__ExternalActors__/lukeWork/Levels/FirstIterationMap/7/V4/3KHTVBBUB95GY7YF4H1NJ1.uasset" 7063
"../../../../../../Users/win11/Documents/GitHub/the-last-check-in/Content/__ExternalActors__/lukeWork/Levels/FirstIterationMap/7/WM/V73QGFS8Y3E0CS87RGQT7T.uasset" 7064
"../../../../../../Users/win11/Documents/GitHub/the-last-check-in/Content/__ExternalActors__/lukeWork/Levels/FirstIterationMap/7/YR/DGJT6M79EIN4LLHN9Y4TF2.uasset" 7065
"../../../../../../Users/win11/Documents/GitHub/the-last-check-in/Content/__ExternalActors__/lukeWork/Levels/FirstIterationMap/8/09/VIK79XVOFDM5E5Y1VOW9SR.uasset" 7066
"../../../../../../Users/win11/Documents/GitHub/the-last-check-in/Content/__ExternalActors__/lukeWork/Levels/FirstIterationMap/8/0W/AIJHCB94IQZJUQTJFOGEMI.uasset" 7067
"../../../../../../Users/win11/Documents/GitHub/the-last-check-in/Content/__ExternalActors__/lukeWork/Levels/FirstIterationMap/8/3P/A8QSXPX5QD965SD1Z3BNAK.uasset" 7068
"../../../../../../Users/win11/Documents/GitHub/the-last-check-in/Content/__ExternalActors__/lukeWork/Levels/FirstIterationMap/8/3R/TENGPKDW6P6YKVBK7AI3IH.uasset" 7069
"../../../../../../Users/win11/Documents/GitHub/the-last-check-in/Content/__ExternalActors__/lukeWork/Levels/FirstIterationMap/8/4U/P717PXPGG006B9XG2LJHE0.uasset" 7070
"../../../../../../Users/win11/Documents/GitHub/the-last-check-in/Content/__ExternalActors__/lukeWork/Levels/FirstIterationMap/8/58/JYDCK3IUQZSIMUNE2F0CSA.uasset" 7071
"../../../../../../Users/win11/Documents/GitHub/the-last-check-in/Content/__ExternalActors__/lukeWork/Levels/FirstIterationMap/8/6T/HPQ6KL3KUG1II9VCHVNGOQ.uasset" 7072
"../../../../../../Users/win11/Documents/GitHub/the-last-check-in/Content/__ExternalActors__/lukeWork/Levels/FirstIterationMap/8/8D/29VRAFDYV1J724NI6P935E.uasset" 7073
"../../../../../../Users/win11/Documents/GitHub/the-last-check-in/Content/__ExternalActors__/lukeWork/Levels/FirstIterationMap/8/9Y/YXSMXNO9K1AINCZBL44UUA.uasset" 7074
"../../../../../../Users/win11/Documents/GitHub/the-last-check-in/Content/__ExternalActors__/lukeWork/Levels/FirstIterationMap/8/B7/CVP08LIQYA787VJAAGO8TV.uasset" 7075
"../../../../../../Users/win11/Documents/GitHub/the-last-check-in/Content/__ExternalActors__/lukeWork/Levels/FirstIterationMap/8/BY/UXFXO4W5443V1S95FMHUUT.uasset" 7076
"../../../../../../Users/win11/Documents/GitHub/the-last-check-in/Content/__ExternalActors__/lukeWork/Levels/FirstIterationMap/8/FP/THDGETWX4R2GCDA3W5B5TA.uasset" 7077
"../../../../../../Users/win11/Documents/GitHub/the-last-check-in/Content/__ExternalActors__/lukeWork/Levels/FirstIterationMap/8/GU/ISO923ZA1PBZYCQPVVTSBR.uasset" 7078
"../../../../../../Users/win11/Documents/GitHub/the-last-check-in/Content/__ExternalActors__/lukeWork/Levels/FirstIterationMap/8/HR/ZN47KCCX6XASU1G7IY0XA5.uasset" 7079
"../../../../../../Users/win11/Documents/GitHub/the-last-check-in/Content/__ExternalActors__/lukeWork/Levels/FirstIterationMap/8/IN/ZEN1CZUMOG2UGUTMH0I4GE.uasset" 7080
"../../../../../../Users/win11/Documents/GitHub/the-last-check-in/Content/__ExternalActors__/lukeWork/Levels/FirstIterationMap/8/JQ/MH43LZTGPQ7JHOP732LJA1.uasset" 7081
"../../../../../../Users/win11/Documents/GitHub/the-last-check-in/Content/__ExternalActors__/lukeWork/Levels/FirstIterationMap/8/KG/ALSFDHUMS6BC8YTT8X59G0.uasset" 7082
"../../../../../../Users/win11/Documents/GitHub/the-last-check-in/Content/__ExternalActors__/lukeWork/Levels/FirstIterationMap/8/LD/0U67ZOQFVLT76PSTKELDDC.uasset" 7083
"../../../../../../Users/win11/Documents/GitHub/the-last-check-in/Content/__ExternalActors__/lukeWork/Levels/FirstIterationMap/8/MM/4MNDMLAVIDEH9AQ0A901KT.uasset" 7084
"../../../../../../Users/win11/Documents/GitHub/the-last-check-in/Content/__ExternalActors__/lukeWork/Levels/FirstIterationMap/8/MV/5WWL7NXIHZQNCPYW0YGC1H.uasset" 7085
"../../../../../../Users/win11/Documents/GitHub/the-last-check-in/Content/__ExternalActors__/lukeWork/Levels/FirstIterationMap/8/N1/Z4H5003A0048GYL97UB4C1.uasset" 7086
"../../../../../../Users/win11/Documents/GitHub/the-last-check-in/Content/__ExternalActors__/lukeWork/Levels/FirstIterationMap/8/QT/TGS76LP8ZCGCYA6KA7XN2K.uasset" 7087
"../../../../../../Users/win11/Documents/GitHub/the-last-check-in/Content/__ExternalActors__/lukeWork/Levels/FirstIterationMap/8/QV/VGDDMFGFUKNA4V4Y1HV7BC.uasset" 7088
"../../../../../../Users/win11/Documents/GitHub/the-last-check-in/Content/__ExternalActors__/lukeWork/Levels/FirstIterationMap/8/VV/8D4QYXEQGB33H7WO3I8KQ3.uasset" 7089
"../../../../../../Users/win11/Documents/GitHub/the-last-check-in/Content/__ExternalActors__/lukeWork/Levels/FirstIterationMap/8/VV/L6CP8JK30H8AW67GCZYE60.uasset" 7090
"../../../../../../Users/win11/Documents/GitHub/the-last-check-in/Content/__ExternalActors__/lukeWork/Levels/FirstIterationMap/9/0C/KH2YGN772DGH6LYOC9NUIX.uasset" 7091
"../../../../../../Users/win11/Documents/GitHub/the-last-check-in/Content/__ExternalActors__/lukeWork/Levels/FirstIterationMap/9/51/BHSHLWEIJSKSHJWQ8MXDUC.uasset" 7092
"../../../../../../Users/win11/Documents/GitHub/the-last-check-in/Content/__ExternalActors__/lukeWork/Levels/FirstIterationMap/9/5U/W4LF7NC9M1W6XLYFN93B1E.uasset" 7093
"../../../../../../Users/win11/Documents/GitHub/the-last-check-in/Content/__ExternalActors__/lukeWork/Levels/FirstIterationMap/9/80/D6PZ4EW1T0W62TW8KQV9AN.uasset" 7094
"../../../../../../Users/win11/Documents/GitHub/the-last-check-in/Content/__ExternalActors__/lukeWork/Levels/FirstIterationMap/9/9B/GKW6ERSS99DQ25PVLAG48C.uasset" 7095
"../../../../../../Users/win11/Documents/GitHub/the-last-check-in/Content/__ExternalActors__/lukeWork/Levels/FirstIterationMap/9/AT/SOWJAPY4F04SFCJQ6P4ZMN.uasset" 7096
"../../../../../../Users/win11/Documents/GitHub/the-last-check-in/Content/__ExternalActors__/lukeWork/Levels/FirstIterationMap/9/D7/MBRC1YXZC0S2D6Q7TBVHP2.uasset" 7097
"../../../../../../Users/win11/Documents/GitHub/the-last-check-in/Content/__ExternalActors__/lukeWork/Levels/FirstIterationMap/9/DZ/910D5RW0A6Z3FFU9LEYN5X.uasset" 7098
"../../../../../../Users/win11/Documents/GitHub/the-last-check-in/Content/__ExternalActors__/lukeWork/Levels/FirstIterationMap/9/EJ/MB067ATMLKUV8N0253BVGC.uasset" 7099
"../../../../../../Users/win11/Documents/GitHub/the-last-check-in/Content/__ExternalActors__/lukeWork/Levels/FirstIterationMap/9/FH/NA7CS2JG2AW60LDJ2YKDKT.uasset" 7100
"../../../../../../Users/win11/Documents/GitHub/the-last-check-in/Content/__ExternalActors__/lukeWork/Levels/FirstIterationMap/9/GI/AOTPKEKZ3EW8RMOI8DMZ5H.uasset" 7101
"../../../../../../Users/win11/Documents/GitHub/the-last-check-in/Content/__ExternalActors__/lukeWork/Levels/FirstIterationMap/9/HD/G3B67RNK125XU691DZFI2S.uasset" 7102
"../../../../../../Users/win11/Documents/GitHub/the-last-check-in/Content/__ExternalActors__/lukeWork/Levels/FirstIterationMap/9/HN/4IBJ4Y1QAH1HW7BUU71EXT.uasset" 7103
"../../../../../../Users/win11/Documents/GitHub/the-last-check-in/Content/__ExternalActors__/lukeWork/Levels/FirstIterationMap/9/IX/GHSLKNF4D0JTR0P0TVLCYH.uasset" 7104
"../../../../../../Users/win11/Documents/GitHub/the-last-check-in/Content/__ExternalActors__/lukeWork/Levels/FirstIterationMap/9/KP/DGGEXJYQA3EL5A7RA8VI8G.uasset" 7105
"../../../../../../Users/win11/Documents/GitHub/the-last-check-in/Content/__ExternalActors__/lukeWork/Levels/FirstIterationMap/9/LI/01WSL6V3X5MBYO80ZJWMKP.uasset" 7106
"../../../../../../Users/win11/Documents/GitHub/the-last-check-in/Content/__ExternalActors__/lukeWork/Levels/FirstIterationMap/9/N4/CB3B4V3Y5BXJ32U2XIU936.uasset" 7107
"../../../../../../Users/win11/Documents/GitHub/the-last-check-in/Content/__ExternalActors__/lukeWork/Levels/FirstIterationMap/9/PQ/2LL5LMTZRC98VA78HC0UZZ.uasset" 7108
"../../../../../../Users/win11/Documents/GitHub/the-last-check-in/Content/__ExternalActors__/lukeWork/Levels/FirstIterationMap/9/UT/FKXV7GNXKTN7BZ2TPTC0OS.uasset" 7109
"../../../../../../Users/win11/Documents/GitHub/the-last-check-in/Content/__ExternalActors__/lukeWork/Levels/FirstIterationMap/9/VP/8CUPRZ0SUS5PV18NFX3XA3.uasset" 7110
"../../../../../../Users/win11/Documents/GitHub/the-last-check-in/Content/__ExternalActors__/lukeWork/Levels/FirstIterationMap/9/WN/YUCMKRQS990WF4P2UBOQ6D.uasset" 7111
"../../../../../../Users/win11/Documents/GitHub/the-last-check-in/Content/__ExternalActors__/lukeWork/Levels/FirstIterationMap/9/Y2/DSY8C3IA2LTOS1379LD667.uasset" 7112
"../../../../../../Users/win11/Documents/GitHub/the-last-check-in/Content/__ExternalActors__/lukeWork/Levels/FirstIterationMap/9/ZS/U2Y74TBB31VGRY0GGHVKWH.uasset" 7113
"../../../../../../Users/win11/Documents/GitHub/the-last-check-in/Content/__ExternalActors__/lukeWork/Levels/FirstIterationMap/A/0N/Y0VI566PD78C4QCHHU6WFF.uasset" 7114
"../../../../../../Users/win11/Documents/GitHub/the-last-check-in/Content/__ExternalActors__/lukeWork/Levels/FirstIterationMap/A/69/99LD7VHR24IYVKS6UBH3XX.uasset" 7115
"../../../../../../Users/win11/Documents/GitHub/the-last-check-in/Content/__ExternalActors__/lukeWork/Levels/FirstIterationMap/A/6B/Y9P5ZPB03E7G715QQ5KTLO.uasset" 7116
"../../../../../../Users/win11/Documents/GitHub/the-last-check-in/Content/__ExternalActors__/lukeWork/Levels/FirstIterationMap/A/86/BSY0B12GK5BC3OJZH6KIII.uasset" 7117
"../../../../../../Users/win11/Documents/GitHub/the-last-check-in/Content/__ExternalActors__/lukeWork/Levels/FirstIterationMap/A/B6/UZI8LGJBFU0B2WTD1743HW.uasset" 7118
"../../../../../../Users/win11/Documents/GitHub/the-last-check-in/Content/__ExternalActors__/lukeWork/Levels/FirstIterationMap/A/D3/RVEPZM4IXRQ6SSRTTM8LM6.uasset" 7119
"../../../../../../Users/win11/Documents/GitHub/the-last-check-in/Content/__ExternalActors__/lukeWork/Levels/FirstIterationMap/A/FV/6NX00O4HDRV2GMCAPP8WTR.uasset" 7120
"../../../../../../Users/win11/Documents/GitHub/the-last-check-in/Content/__ExternalActors__/lukeWork/Levels/FirstIterationMap/A/IA/OPFOPINIP2X5GARQQDUX18.uasset" 7121
"../../../../../../Users/win11/Documents/GitHub/the-last-check-in/Content/__ExternalActors__/lukeWork/Levels/FirstIterationMap/A/IK/I9GQIO2K99AODILW1A272K.uasset" 7122
"../../../../../../Users/win11/Documents/GitHub/the-last-check-in/Content/__ExternalActors__/lukeWork/Levels/FirstIterationMap/A/J2/W3Q6TZ0MPZFNI6NRS41JFN.uasset" 7123
"../../../../../../Users/win11/Documents/GitHub/the-last-check-in/Content/__ExternalActors__/lukeWork/Levels/FirstIterationMap/A/KS/5FKJ5P7GMWP47TKJIOIZWX.uasset" 7124
"../../../../../../Users/win11/Documents/GitHub/the-last-check-in/Content/__ExternalActors__/lukeWork/Levels/FirstIterationMap/A/M1/Q6MBE588BVS0Q4DEHP8W4H.uasset" 7125
"../../../../../../Users/win11/Documents/GitHub/the-last-check-in/Content/__ExternalActors__/lukeWork/Levels/FirstIterationMap/A/T7/61167NDG22RGN8XKC5PPMJ.uasset" 7126
"../../../../../../Users/win11/Documents/GitHub/the-last-check-in/Content/__ExternalActors__/lukeWork/Levels/FirstIterationMap/A/U0/7HJMTT3G371EWJ0DNZMRJG.uasset" 7127
"../../../../../../Users/win11/Documents/GitHub/the-last-check-in/Content/__ExternalActors__/lukeWork/Levels/FirstIterationMap/A/W1/32ZJK961RII44YXEFV2QDZ.uasset" 7128
"../../../../../../Users/win11/Documents/GitHub/the-last-check-in/Content/__ExternalActors__/lukeWork/Levels/FirstIterationMap/A/X8/JJDP21N7CBRFQPCCXZ70LA.uasset" 7129
"../../../../../../Users/win11/Documents/GitHub/the-last-check-in/Content/__ExternalActors__/lukeWork/Levels/FirstIterationMap/A/ZA/MD4H2MM8OXXK2X2G5I25RK.uasset" 7130
"../../../../../../Users/win11/Documents/GitHub/the-last-check-in/Content/__ExternalActors__/lukeWork/Levels/FirstIterationMap/A/ZT/AVSUDPU78TB08NZXT40WTU.uasset" 7131
"../../../../../../Users/win11/Documents/GitHub/the-last-check-in/Content/__ExternalActors__/lukeWork/Levels/FirstIterationMap/B/14/H9RST0VQDCKUXRYCRDM68T.uasset" 7132
"../../../../../../Users/win11/Documents/GitHub/the-last-check-in/Content/__ExternalActors__/lukeWork/Levels/FirstIterationMap/B/3Y/WQABY25GPOFCF0F31L40X2.uasset" 7133
"../../../../../../Users/win11/Documents/GitHub/the-last-check-in/Content/__ExternalActors__/lukeWork/Levels/FirstIterationMap/B/4B/PSV234N2TQ8SBJOS68D6YH.uasset" 7134
"../../../../../../Users/win11/Documents/GitHub/the-last-check-in/Content/__ExternalActors__/lukeWork/Levels/FirstIterationMap/B/5E/8L2RU7SQX6K2IJ5D7590JT.uasset" 7135
"../../../../../../Users/win11/Documents/GitHub/the-last-check-in/Content/__ExternalActors__/lukeWork/Levels/FirstIterationMap/B/5F/Q6OT0C6EN4QNBHMVJUEC0W.uasset" 7136
"../../../../../../Users/win11/Documents/GitHub/the-last-check-in/Content/__ExternalActors__/lukeWork/Levels/FirstIterationMap/B/5T/0BWRW0D4ON3QQNHRC37CIA.uasset" 7137
"../../../../../../Users/win11/Documents/GitHub/the-last-check-in/Content/__ExternalActors__/lukeWork/Levels/FirstIterationMap/B/64/E7I08UCSBIMHIRZ1K06A9R.uasset" 7138
"../../../../../../Users/win11/Documents/GitHub/the-last-check-in/Content/__ExternalActors__/lukeWork/Levels/FirstIterationMap/B/7A/4HZL5CD5JNMYY46BAPEQO9.uasset" 7139
"../../../../../../Users/win11/Documents/GitHub/the-last-check-in/Content/__ExternalActors__/lukeWork/Levels/FirstIterationMap/B/7O/5G1DJ1VSTYTHXM74MBTAPO.uasset" 7140
"../../../../../../Users/win11/Documents/GitHub/the-last-check-in/Content/__ExternalActors__/lukeWork/Levels/FirstIterationMap/B/AH/3JKZFOGQG2I2CY4IEICQ0B.uasset" 7141
"../../../../../../Users/win11/Documents/GitHub/the-last-check-in/Content/__ExternalActors__/lukeWork/Levels/FirstIterationMap/B/BI/6YODWGGMA9TMB8OO1HGHFO.uasset" 7142
"../../../../../../Users/win11/Documents/GitHub/the-last-check-in/Content/__ExternalActors__/lukeWork/Levels/FirstIterationMap/B/CP/7M1FFVP3AVXD3ED937OW1Y.uasset" 7143
"../../../../../../Users/win11/Documents/GitHub/the-last-check-in/Content/__ExternalActors__/lukeWork/Levels/FirstIterationMap/B/D0/6H24B8W3HZ3WIN3YNBQJUB.uasset" 7144
"../../../../../../Users/win11/Documents/GitHub/the-last-check-in/Content/__ExternalActors__/lukeWork/Levels/FirstIterationMap/B/GT/WIEZOJJ83TO9G8RMBGLQEK.uasset" 7145
"../../../../../../Users/win11/Documents/GitHub/the-last-check-in/Content/__ExternalActors__/lukeWork/Levels/FirstIterationMap/B/HI/YVFK1BUF6YDYP0ENRIY3BS.uasset" 7146
"../../../../../../Users/win11/Documents/GitHub/the-last-check-in/Content/__ExternalActors__/lukeWork/Levels/FirstIterationMap/B/JF/413VE4HEFTC0TPYCHPJWGS.uasset" 7147
"../../../../../../Users/win11/Documents/GitHub/the-last-check-in/Content/__ExternalActors__/lukeWork/Levels/FirstIterationMap/B/KD/RXAFS8FZIR9ZNW9PZX577O.uasset" 7148
"../../../../../../Users/win11/Documents/GitHub/the-last-check-in/Content/__ExternalActors__/lukeWork/Levels/FirstIterationMap/B/MU/JZ2BLAI9VMTMSI6NBICU33.uasset" 7149
"../../../../../../Users/win11/Documents/GitHub/the-last-check-in/Content/__ExternalActors__/lukeWork/Levels/FirstIterationMap/B/OD/DAF8FP35IV7VY7NDDLS041.uasset" 7150
"../../../../../../Users/win11/Documents/GitHub/the-last-check-in/Content/__ExternalActors__/lukeWork/Levels/FirstIterationMap/B/OZ/1G3FOA63RMMKPE6P3OWB40.uasset" 7151
"../../../../../../Users/win11/Documents/GitHub/the-last-check-in/Content/__ExternalActors__/lukeWork/Levels/FirstIterationMap/B/QZ/GV1PUK28WHCKKB5M4PCE6L.uasset" 7152
"../../../../../../Users/win11/Documents/GitHub/the-last-check-in/Content/__ExternalActors__/lukeWork/Levels/FirstIterationMap/B/S7/VZQQC61F6MS6ZPQFXSR9A8.uasset" 7153
"../../../../../../Users/win11/Documents/GitHub/the-last-check-in/Content/__ExternalActors__/lukeWork/Levels/FirstIterationMap/B/SC/XF3F3VOAV3KKOZ9K4IW9XP.uasset" 7154
"../../../../../../Users/win11/Documents/GitHub/the-last-check-in/Content/__ExternalActors__/lukeWork/Levels/FirstIterationMap/B/TA/4FTEMESB06TOL0DM1WG0B5.uasset" 7155
"../../../../../../Users/win11/Documents/GitHub/the-last-check-in/Content/__ExternalActors__/lukeWork/Levels/FirstIterationMap/B/UC/74LIMV4BZL4A0UZK8CH0MR.uasset" 7156
"../../../../../../Users/win11/Documents/GitHub/the-last-check-in/Content/__ExternalActors__/lukeWork/Levels/FirstIterationMap/B/XY/C76YGDFLDFD57B5DAMO53D.uasset" 7157
"../../../../../../Users/win11/Documents/GitHub/the-last-check-in/Content/__ExternalActors__/lukeWork/Levels/FirstIterationMap/C/1A/XN75KP1FJ711O8FQN8GGIR.uasset" 7158
"../../../../../../Users/win11/Documents/GitHub/the-last-check-in/Content/__ExternalActors__/lukeWork/Levels/FirstIterationMap/C/3Z/KXLG755WJAGCWIWCW1CBI8.uasset" 7159
"../../../../../../Users/win11/Documents/GitHub/the-last-check-in/Content/__ExternalActors__/lukeWork/Levels/FirstIterationMap/C/96/BVSUG3YT4AD1KQW31MHAME.uasset" 7160
"../../../../../../Users/win11/Documents/GitHub/the-last-check-in/Content/__ExternalActors__/lukeWork/Levels/FirstIterationMap/C/9R/PTVSCLE77MGEHFCIA46RP5.uasset" 7161
"../../../../../../Users/win11/Documents/GitHub/the-last-check-in/Content/__ExternalActors__/lukeWork/Levels/FirstIterationMap/C/E3/QFZV1TW84FCYZBTHDVQE4T.uasset" 7162
"../../../../../../Users/win11/Documents/GitHub/the-last-check-in/Content/__ExternalActors__/lukeWork/Levels/FirstIterationMap/C/HB/ROASCOYO21D0HG29X7W3LX.uasset" 7163
"../../../../../../Users/win11/Documents/GitHub/the-last-check-in/Content/__ExternalActors__/lukeWork/Levels/FirstIterationMap/C/JK/JKVTLQO0Q6B2BLATGI03TG.uasset" 7164
"../../../../../../Users/win11/Documents/GitHub/the-last-check-in/Content/__ExternalActors__/lukeWork/Levels/FirstIterationMap/C/WC/RLJYMRXTCSHJ7B87AAH0I5.uasset" 7165
"../../../../../../Users/win11/Documents/GitHub/the-last-check-in/Content/__ExternalActors__/lukeWork/Levels/FirstIterationMap/C/XH/7I5HVRKEV382OK0064TIMH.uasset" 7166
"../../../../../../Users/win11/Documents/GitHub/the-last-check-in/Content/__ExternalActors__/lukeWork/Levels/FirstIterationMap/C/YX/0TIEZ26REBYLFTRH5FYAVI.uasset" 7167
"../../../../../../Users/win11/Documents/GitHub/the-last-check-in/Content/__ExternalActors__/lukeWork/Levels/FirstIterationMap/D/2O/MFBICFLQOJJFU80E66AH9H.uasset" 7168
"../../../../../../Users/win11/Documents/GitHub/the-last-check-in/Content/__ExternalActors__/lukeWork/Levels/FirstIterationMap/D/2X/AGOORQJYRQNUHFOWHM8OHM.uasset" 7169
"../../../../../../Users/win11/Documents/GitHub/the-last-check-in/Content/__ExternalActors__/lukeWork/Levels/FirstIterationMap/D/4U/NOCHEWGWJ7QI3WUQII5ZQG.uasset" 7170
"../../../../../../Users/win11/Documents/GitHub/the-last-check-in/Content/__ExternalActors__/lukeWork/Levels/FirstIterationMap/D/7G/GU09SQJZS1T7JKSN07IFS0.uasset" 7171
"../../../../../../Users/win11/Documents/GitHub/the-last-check-in/Content/__ExternalActors__/lukeWork/Levels/FirstIterationMap/D/7V/RJC5NKS0FISHAMG381AQYQ.uasset" 7172
"../../../../../../Users/win11/Documents/GitHub/the-last-check-in/Content/__ExternalActors__/lukeWork/Levels/FirstIterationMap/D/92/6J656TK9PXYP4PSCZBSF8S.uasset" 7173
"../../../../../../Users/win11/Documents/GitHub/the-last-check-in/Content/__ExternalActors__/lukeWork/Levels/FirstIterationMap/D/BD/YWZKUDG7XDY2UID56LK9PY.uasset" 7174
"../../../../../../Users/win11/Documents/GitHub/the-last-check-in/Content/__ExternalActors__/lukeWork/Levels/FirstIterationMap/D/BY/M7UD5YG7DXCGY59AM5W3AK.uasset" 7175
"../../../../../../Users/win11/Documents/GitHub/the-last-check-in/Content/__ExternalActors__/lukeWork/Levels/FirstIterationMap/D/EI/EVDMX5MN1TP0Q4AAC7SJQ7.uasset" 7176
"../../../../../../Users/win11/Documents/GitHub/the-last-check-in/Content/__ExternalActors__/lukeWork/Levels/FirstIterationMap/D/ET/MAGXVMJR9O1N4K5P8Y5MJ1.uasset" 7177
"../../../../../../Users/win11/Documents/GitHub/the-last-check-in/Content/__ExternalActors__/lukeWork/Levels/FirstIterationMap/D/I3/3OLUD9U2W6D0HVWMK8MYVC.uasset" 7178
"../../../../../../Users/win11/Documents/GitHub/the-last-check-in/Content/__ExternalActors__/lukeWork/Levels/FirstIterationMap/D/MP/ICYY1YH7A8OGYQJKZ3Z1A7.uasset" 7179
"../../../../../../Users/win11/Documents/GitHub/the-last-check-in/Content/__ExternalActors__/lukeWork/Levels/FirstIterationMap/D/PR/J4EDRDS6J1OR4G0D70ZH64.uasset" 7180
"../../../../../../Users/win11/Documents/GitHub/the-last-check-in/Content/__ExternalActors__/lukeWork/Levels/FirstIterationMap/D/VG/NQDS0BBZPH42ZLLN7MAA9Y.uasset" 7181
"../../../../../../Users/win11/Documents/GitHub/the-last-check-in/Content/__ExternalActors__/lukeWork/Levels/FirstIterationMap/E/2D/9LSY9R1O3X5QFM9CA283OD.uasset" 7182
"../../../../../../Users/win11/Documents/GitHub/the-last-check-in/Content/__ExternalActors__/lukeWork/Levels/FirstIterationMap/E/2F/7EPKDFLPHQ7HMIR5Q0EDZH.uasset" 7183
"../../../../../../Users/win11/Documents/GitHub/the-last-check-in/Content/__ExternalActors__/lukeWork/Levels/FirstIterationMap/E/5J/WX8DFB2HZMEEQCL21PEZZX.uasset" 7184
"../../../../../../Users/win11/Documents/GitHub/the-last-check-in/Content/__ExternalActors__/lukeWork/Levels/FirstIterationMap/E/63/VVTWQBX43JFTZGV2TM8FB7.uasset" 7185
"../../../../../../Users/win11/Documents/GitHub/the-last-check-in/Content/__ExternalActors__/lukeWork/Levels/FirstIterationMap/E/7E/AUISZJB24Q3ANK01P77EUN.uasset" 7186
"../../../../../../Users/win11/Documents/GitHub/the-last-check-in/Content/__ExternalActors__/lukeWork/Levels/FirstIterationMap/E/BB/7QP2JE09RR3KTFZHDXGMOY.uasset" 7187
"../../../../../../Users/win11/Documents/GitHub/the-last-check-in/Content/__ExternalActors__/lukeWork/Levels/FirstIterationMap/E/BD/66S90EH717D7SA1MA801Y6.uasset" 7188
"../../../../../../Users/win11/Documents/GitHub/the-last-check-in/Content/__ExternalActors__/lukeWork/Levels/FirstIterationMap/E/C3/KASYPCJ128ZM8M18TNS3H8.uasset" 7189
"../../../../../../Users/win11/Documents/GitHub/the-last-check-in/Content/__ExternalActors__/lukeWork/Levels/FirstIterationMap/E/DZ/6N18KVZUHOF9R03K16L3AC.uasset" 7190
"../../../../../../Users/win11/Documents/GitHub/the-last-check-in/Content/__ExternalActors__/lukeWork/Levels/FirstIterationMap/E/GA/IFH62E790QOLW1HTL58KNM.uasset" 7191
"../../../../../../Users/win11/Documents/GitHub/the-last-check-in/Content/__ExternalActors__/lukeWork/Levels/FirstIterationMap/E/IA/LBR1DS0U6S1O0P817IL8VZ.uasset" 7192
"../../../../../../Users/win11/Documents/GitHub/the-last-check-in/Content/__ExternalActors__/lukeWork/Levels/FirstIterationMap/E/IH/FFSOMQLZ032MYFYS87QXYV.uasset" 7193
"../../../../../../Users/win11/Documents/GitHub/the-last-check-in/Content/__ExternalActors__/lukeWork/Levels/FirstIterationMap/E/JN/3GRL40LKDG4SNWCCWNQJGM.uasset" 7194
"../../../../../../Users/win11/Documents/GitHub/the-last-check-in/Content/__ExternalActors__/lukeWork/Levels/FirstIterationMap/E/KV/0T3L95IGWO0SOSZY5Y6S1F.uasset" 7195
"../../../../../../Users/win11/Documents/GitHub/the-last-check-in/Content/__ExternalActors__/lukeWork/Levels/FirstIterationMap/E/KV/B3AO7TUS540B6VH1C0M9RY.uasset" 7196
"../../../../../../Users/win11/Documents/GitHub/the-last-check-in/Content/__ExternalActors__/lukeWork/Levels/FirstIterationMap/E/KZ/89RVUFRAGYRO99DAE3WTAI.uasset" 7197
"../../../../../../Users/win11/Documents/GitHub/the-last-check-in/Content/__ExternalActors__/lukeWork/Levels/FirstIterationMap/E/MR/30VLCI3NZQ4ZDXHBJ9W0NQ.uasset" 7198
"../../../../../../Users/win11/Documents/GitHub/the-last-check-in/Content/__ExternalActors__/lukeWork/Levels/FirstIterationMap/E/NQ/B5L1OF028JR40SIIDEMRC8.uasset" 7199
"../../../../../../Users/win11/Documents/GitHub/the-last-check-in/Content/__ExternalActors__/lukeWork/Levels/FirstIterationMap/E/Q2/DHOVCWD22E2JAJZBH76LGP.uasset" 7200
"../../../../../../Users/win11/Documents/GitHub/the-last-check-in/Content/__ExternalActors__/lukeWork/Levels/FirstIterationMap/E/R1/ER8VN4PBSWF686T920SCG3.uasset" 7201
"../../../../../../Users/win11/Documents/GitHub/the-last-check-in/Content/__ExternalActors__/lukeWork/Levels/FirstIterationMap/E/SO/GKJYQSH37KMKEWNAE1YRHH.uasset" 7202
"../../../../../../Users/win11/Documents/GitHub/the-last-check-in/Content/__ExternalActors__/lukeWork/Levels/FirstIterationMap/E/UZ/IGC99EFSDPPX5AUGEVSXKB.uasset" 7203
"../../../../../../Users/win11/Documents/GitHub/the-last-check-in/Content/__ExternalActors__/lukeWork/Levels/FirstIterationMap/E/WD/4G6B0373XDBDS2ZAFKJZ86.uasset" 7204
"../../../../../../Users/win11/Documents/GitHub/the-last-check-in/Content/__ExternalActors__/lukeWork/Levels/FirstIterationMap/E/YR/449AYKP5LHIUMDTW2BJ0MM.uasset" 7205
"../../../../../../Users/win11/Documents/GitHub/the-last-check-in/Content/__ExternalActors__/lukeWork/Levels/FirstIterationMap/E/Z8/ZEZKFJUUT4KOTQ8Z4MVUPW.uasset" 7206
"../../../../../../Users/win11/Documents/GitHub/the-last-check-in/Content/__ExternalActors__/lukeWork/Levels/FirstIterationMap/E/ZT/MIL0ELMAF52XT43D9BHF9H.uasset" 7207
"../../../../../../Users/win11/Documents/GitHub/the-last-check-in/Content/__ExternalActors__/lukeWork/Levels/FirstIterationMap/F/0O/7I508XU6G3U9NTF7FJTM9P.uasset" 7208
"../../../../../../Users/win11/Documents/GitHub/the-last-check-in/Content/__ExternalActors__/lukeWork/Levels/FirstIterationMap/F/2D/CK7G57KJZ7C4BJFA8WI15C.uasset" 7209
"../../../../../../Users/win11/Documents/GitHub/the-last-check-in/Content/__ExternalActors__/lukeWork/Levels/FirstIterationMap/F/3E/7HX0S5OGZ8CAPRRH8OS8T9.uasset" 7210
"../../../../../../Users/win11/Documents/GitHub/the-last-check-in/Content/__ExternalActors__/lukeWork/Levels/FirstIterationMap/F/46/L7SRC5TELQKIH8UMRFEW0V.uasset" 7211
"../../../../../../Users/win11/Documents/GitHub/the-last-check-in/Content/__ExternalActors__/lukeWork/FirstPerson/Maps/FirstPersonMap/0/19/XV0OBDSHCPTNRO7KK1YEWH.uasset" 7212
"../../../../../../Users/win11/Documents/GitHub/the-last-check-in/Content/__ExternalActors__/lukeWork/FirstPerson/Maps/FirstPersonMap/0/1C/ISDOK4TVEJIS48GPGLO66W.uasset" 7213
"../../../../../../Users/win11/Documents/GitHub/the-last-check-in/Content/__ExternalActors__/lukeWork/FirstPerson/Maps/FirstPersonMap/0/2O/4K5O3S6HSWZRE503LMSTM9.uasset" 7214
"../../../../../../Users/win11/Documents/GitHub/the-last-check-in/Content/__ExternalActors__/lukeWork/FirstPerson/Maps/FirstPersonMap/0/4E/C0P28YRDJP0ALQL12WV4ZA.uasset" 7215
"../../../../../../Users/win11/Documents/GitHub/the-last-check-in/Content/__ExternalActors__/lukeWork/FirstPerson/Maps/FirstPersonMap/0/4T/T9Y5B7HW5LJ5LPSO9BK6DC.uasset" 7216
"../../../../../../Users/win11/Documents/GitHub/the-last-check-in/Content/__ExternalActors__/lukeWork/FirstPerson/Maps/FirstPersonMap/0/5F/QMJE1SPOPHY6UU8M17CRDC.uasset" 7217
"../../../../../../Users/win11/Documents/GitHub/the-last-check-in/Content/__ExternalActors__/lukeWork/FirstPerson/Maps/FirstPersonMap/0/6H/2LV0YQ0E29OBIG15B5GVLP.uasset" 7218
"../../../../../../Users/win11/Documents/GitHub/the-last-check-in/Content/__ExternalActors__/lukeWork/FirstPerson/Maps/FirstPersonMap/0/CP/1IS38J0THP39PFQFXQ0MDD.uasset" 7219
"../../../../../../Users/win11/Documents/GitHub/the-last-check-in/Content/__ExternalActors__/lukeWork/FirstPerson/Maps/FirstPersonMap/0/DP/4KTC50H7Q5C0YIC3MI4SY5.uasset" 7220
"../../../../../../Users/win11/Documents/GitHub/the-last-check-in/Content/__ExternalActors__/lukeWork/FirstPerson/Maps/FirstPersonMap/0/FF/FRLCXKIMXVNVAYQ5J296K5.uasset" 7221
"../../../../../../Users/win11/Documents/GitHub/the-last-check-in/Content/__ExternalActors__/lukeWork/FirstPerson/Maps/FirstPersonMap/0/FG/R29M2KFG148FT5X2W1F2NA.uasset" 7222
"../../../../../../Users/win11/Documents/GitHub/the-last-check-in/Content/__ExternalActors__/lukeWork/FirstPerson/Maps/FirstPersonMap/0/GJ/SDGAH38BJEL7ME3A07UWYH.uasset" 7223
"../../../../../../Users/win11/Documents/GitHub/the-last-check-in/Content/__ExternalActors__/lukeWork/FirstPerson/Maps/FirstPersonMap/0/GP/91SCQU67IN0SSCMXZ64JY5.uasset" 7224
"../../../../../../Users/win11/Documents/GitHub/the-last-check-in/Content/__ExternalActors__/lukeWork/FirstPerson/Maps/FirstPersonMap/0/GU/ZB9U8SBLL9ZSHBVJO1OIBH.uasset" 7225
"../../../../../../Users/win11/Documents/GitHub/the-last-check-in/Content/__ExternalActors__/lukeWork/FirstPerson/Maps/FirstPersonMap/0/H5/I3BQRYZ0NNAPYXCJR15TWC.uasset" 7226
"../../../../../../Users/win11/Documents/GitHub/the-last-check-in/Content/__ExternalActors__/lukeWork/FirstPerson/Maps/FirstPersonMap/0/HM/ALXED5F5UXJBMN3YG7TJEL.uasset" 7227
"../../../../../../Users/win11/Documents/GitHub/the-last-check-in/Content/__ExternalActors__/lukeWork/FirstPerson/Maps/FirstPersonMap/0/I7/SQIKZSGXIJHJNI6L70EHBL.uasset" 7228
"../../../../../../Users/win11/Documents/GitHub/the-last-check-in/Content/__ExternalActors__/lukeWork/FirstPerson/Maps/FirstPersonMap/0/JO/S5IXWLQ8S3SKM8CZQS86DI.uasset" 7229
"../../../../../../Users/win11/Documents/GitHub/the-last-check-in/Content/__ExternalActors__/lukeWork/FirstPerson/Maps/FirstPersonMap/0/L0/G1PYG97METL5H9B2G76A1J.uasset" 7230
"../../../../../../Users/win11/Documents/GitHub/the-last-check-in/Content/__ExternalActors__/lukeWork/FirstPerson/Maps/FirstPersonMap/0/LT/25KBNT5233PNWCV00A8TP4.uasset" 7231
"../../../../../../Users/win11/Documents/GitHub/the-last-check-in/Content/__ExternalActors__/lukeWork/FirstPerson/Maps/FirstPersonMap/0/P1/TMHZCF10YUV24ALOS1JL3C.uasset" 7232
"../../../../../../Users/win11/Documents/GitHub/the-last-check-in/Content/__ExternalActors__/lukeWork/FirstPerson/Maps/FirstPersonMap/0/PS/LJKTDZN7FYL60IF9DNDXTB.uasset" 7233
"../../../../../../Users/win11/Documents/GitHub/the-last-check-in/Content/__ExternalActors__/lukeWork/FirstPerson/Maps/FirstPersonMap/0/SJ/MXFI4ZULC3GHWTMDJR9IJU.uasset" 7234
"../../../../../../Users/win11/Documents/GitHub/the-last-check-in/Content/__ExternalActors__/lukeWork/FirstPerson/Maps/FirstPersonMap/0/TZ/HLKMPR2E0DY4MH84E0N8DT.uasset" 7235
"../../../../../../Users/win11/Documents/GitHub/the-last-check-in/Content/__ExternalActors__/lukeWork/FirstPerson/Maps/FirstPersonMap/0/VP/CJLPNF01XM2I4MH8FJ4FZA.uasset" 7236
"../../../../../../Users/win11/Documents/GitHub/the-last-check-in/Content/__ExternalActors__/lukeWork/FirstPerson/Maps/FirstPersonMap/0/XT/08WKR4LZ6MP23TIAIVOLH9.uasset" 7237
"../../../../../../Users/win11/Documents/GitHub/the-last-check-in/Content/__ExternalActors__/lukeWork/FirstPerson/Maps/FirstPersonMap/0/ZP/Z1FBMVGYGTWGG4KGKN0S9M.uasset" 7238
"../../../../../../Users/win11/Documents/GitHub/the-last-check-in/Content/__ExternalActors__/lukeWork/FirstPerson/Maps/FirstPersonMap/0/ZU/FB9MVEAYA8WBQ6XQ3LM6Y4.uasset" 7239
"../../../../../../Users/win11/Documents/GitHub/the-last-check-in/Content/__ExternalActors__/lukeWork/FirstPerson/Maps/FirstPersonMap/0/ZY/ILYMNX28Q7HBHSWC50YIEV.uasset" 7240
"../../../../../../Users/win11/Documents/GitHub/the-last-check-in/Content/__ExternalActors__/lukeWork/FirstPerson/Maps/FirstPersonMap/1/06/T8BMFJJW3YF3G3KI202R7L.uasset" 7241
"../../../../../../Users/win11/Documents/GitHub/the-last-check-in/Content/__ExternalActors__/lukeWork/FirstPerson/Maps/FirstPersonMap/1/0S/VFB3CO7BXYS2OATLJ26KKE.uasset" 7242
"../../../../../../Users/win11/Documents/GitHub/the-last-check-in/Content/__ExternalActors__/lukeWork/FirstPerson/Maps/FirstPersonMap/1/2V/7GW6T3PORU9PNOX0439ATV.uasset" 7243
"../../../../../../Users/win11/Documents/GitHub/the-last-check-in/Content/__ExternalActors__/lukeWork/FirstPerson/Maps/FirstPersonMap/1/3B/OPVBJJ6JVFD5R5SKU8TMDI.uasset" 7244
"../../../../../../Users/win11/Documents/GitHub/the-last-check-in/Content/__ExternalActors__/lukeWork/FirstPerson/Maps/FirstPersonMap/1/51/BYZ9MQAVTXTXT0HJ81IGLY.uasset" 7245
"../../../../../../Users/win11/Documents/GitHub/the-last-check-in/Content/__ExternalActors__/lukeWork/FirstPerson/Maps/FirstPersonMap/1/8C/EX4X3KZUG5OZHSWVB4JOZP.uasset" 7246
"../../../../../../Users/win11/Documents/GitHub/the-last-check-in/Content/__ExternalActors__/lukeWork/FirstPerson/Maps/FirstPersonMap/1/8O/3NDGTKSHGNOHPHBCC2CIDN.uasset" 7247
"../../../../../../Users/win11/Documents/GitHub/the-last-check-in/Content/__ExternalActors__/lukeWork/FirstPerson/Maps/FirstPersonMap/1/8R/N30QLD406VFQO62XPKEZ9K.uasset" 7248
"../../../../../../Users/win11/Documents/GitHub/the-last-check-in/Content/__ExternalActors__/lukeWork/FirstPerson/Maps/FirstPersonMap/1/99/XQ4Q2XY9B1ZDEY46GEMT7F.uasset" 7249
"../../../../../../Users/win11/Documents/GitHub/the-last-check-in/Content/__ExternalActors__/lukeWork/FirstPerson/Maps/FirstPersonMap/1/9Z/7VTWCVA6AHLQW96H0FYVZ0.uasset" 7250
"../../../../../../Users/win11/Documents/GitHub/the-last-check-in/Content/__ExternalActors__/lukeWork/FirstPerson/Maps/FirstPersonMap/1/D6/O94277IW5GKXINNNJGOWCX.uasset" 7251
"../../../../../../Users/win11/Documents/GitHub/the-last-check-in/Content/__ExternalActors__/lukeWork/FirstPerson/Maps/FirstPersonMap/1/IB/TK48WD7EZXIZYKCBSDFFDF.uasset" 7252
"../../../../../../Users/win11/Documents/GitHub/the-last-check-in/Content/__ExternalActors__/lukeWork/FirstPerson/Maps/FirstPersonMap/1/JM/145NYNCQ1W7G8VN2CQ0W6T.uasset" 7253
"../../../../../../Users/win11/Documents/GitHub/the-last-check-in/Content/__ExternalActors__/lukeWork/FirstPerson/Maps/FirstPersonMap/1/LG/MGHSIRBAG81MDOHJMPUEKP.uasset" 7254
"../../../../../../Users/win11/Documents/GitHub/the-last-check-in/Content/__ExternalActors__/lukeWork/FirstPerson/Maps/FirstPersonMap/1/N6/26YLQ3WTOWGTXH0EEV76SF.uasset" 7255
"../../../../../../Users/win11/Documents/GitHub/the-last-check-in/Content/__ExternalActors__/lukeWork/FirstPerson/Maps/FirstPersonMap/1/NB/QLISPBWK108MMH8MQB3DJD.uasset" 7256
"../../../../../../Users/win11/Documents/GitHub/the-last-check-in/Content/__ExternalActors__/lukeWork/FirstPerson/Maps/FirstPersonMap/1/NU/GBMM3F5N1H1YYROO431AEY.uasset" 7257
"../../../../../../Users/win11/Documents/GitHub/the-last-check-in/Content/__ExternalActors__/lukeWork/FirstPerson/Maps/FirstPersonMap/1/OH/Y73QE6IXPRVXIUAED3ZAOQ.uasset" 7258
"../../../../../../Users/win11/Documents/GitHub/the-last-check-in/Content/__ExternalActors__/lukeWork/FirstPerson/Maps/FirstPersonMap/1/QW/CLHZAFLUC01L1QCVBKCUSB.uasset" 7259
"../../../../../../Users/win11/Documents/GitHub/the-last-check-in/Content/__ExternalActors__/lukeWork/FirstPerson/Maps/FirstPersonMap/1/RR/G1VAFEEEEUGWJ73CW0DS5Z.uasset" 7260
"../../../../../../Users/win11/Documents/GitHub/the-last-check-in/Content/__ExternalActors__/lukeWork/FirstPerson/Maps/FirstPersonMap/1/TY/GMX6J1E2EEVCXJF26Y7EGL.uasset" 7261
"../../../../../../Users/win11/Documents/GitHub/the-last-check-in/Content/__ExternalActors__/lukeWork/FirstPerson/Maps/FirstPersonMap/1/UW/CKX1076FGJMYM2RALV3TBH.uasset" 7262
"../../../../../../Users/win11/Documents/GitHub/the-last-check-in/Content/__ExternalActors__/lukeWork/FirstPerson/Maps/FirstPersonMap/1/XX/N3ETEHKHI712L4ILDOOK8W.uasset" 7263
"../../../../../../Users/win11/Documents/GitHub/the-last-check-in/Content/__ExternalActors__/lukeWork/FirstPerson/Maps/FirstPersonMap/1/Y1/X0VWUY56UGP2HC6CBMW8NF.uasset" 7264
"../../../../../../Users/win11/Documents/GitHub/the-last-check-in/Content/__ExternalActors__/lukeWork/FirstPerson/Maps/FirstPersonMap/1/YL/Y4KNUPUN58XMCKPTYF0SZP.uasset" 7265
"../../../../../../Users/win11/Documents/GitHub/the-last-check-in/Content/__ExternalActors__/lukeWork/FirstPerson/Maps/FirstPersonMap/1/Z4/FT0LEGKUMZA5TK9FIPICJJ.uasset" 7266
"../../../../../../Users/win11/Documents/GitHub/the-last-check-in/Content/__ExternalActors__/lukeWork/FirstPerson/Maps/FirstPersonMap/2/03/PI43O5M4SQWWB5V3QNPQR4.uasset" 7267
"../../../../../../Users/win11/Documents/GitHub/the-last-check-in/Content/__ExternalActors__/lukeWork/FirstPerson/Maps/FirstPersonMap/2/0R/QXN73WPZ1SRRDO7Z68NU9O.uasset" 7268
"../../../../../../Users/win11/Documents/GitHub/the-last-check-in/Content/__ExternalActors__/lukeWork/FirstPerson/Maps/FirstPersonMap/2/1D/2FUY6GJ6F4Y38Z3PSQ6VDQ.uasset" 7269
"../../../../../../Users/win11/Documents/GitHub/the-last-check-in/Content/__ExternalActors__/lukeWork/FirstPerson/Maps/FirstPersonMap/2/AH/SWM3T3TYK0X96JTXT59OZM.uasset" 7270
"../../../../../../Users/win11/Documents/GitHub/the-last-check-in/Content/__ExternalActors__/lukeWork/FirstPerson/Maps/FirstPersonMap/2/AO/T0Y0OJMV2HSQ9E1WSP1XT6.uasset" 7271
"../../../../../../Users/win11/Documents/GitHub/the-last-check-in/Content/__ExternalActors__/lukeWork/FirstPerson/Maps/FirstPersonMap/2/CY/Q63K97DFFFVJQ3TPNQUU0J.uasset" 7272
"../../../../../../Users/win11/Documents/GitHub/the-last-check-in/Content/__ExternalActors__/lukeWork/FirstPerson/Maps/FirstPersonMap/2/DL/P5ZB9D2U0IBLP1C7E6O10P.uasset" 7273
"../../../../../../Users/win11/Documents/GitHub/the-last-check-in/Content/__ExternalActors__/lukeWork/FirstPerson/Maps/FirstPersonMap/2/EY/TFV32U1W4NRVE8KDS7TN09.uasset" 7274
"../../../../../../Users/win11/Documents/GitHub/the-last-check-in/Content/__ExternalActors__/lukeWork/FirstPerson/Maps/FirstPersonMap/2/FD/GFCNJVCLIXAZOY439CM7DE.uasset" 7275
"../../../../../../Users/win11/Documents/GitHub/the-last-check-in/Content/__ExternalActors__/lukeWork/FirstPerson/Maps/FirstPersonMap/2/I2/37R09P7G15XM5WPB6POIO7.uasset" 7276
"../../../../../../Users/win11/Documents/GitHub/the-last-check-in/Content/__ExternalActors__/lukeWork/FirstPerson/Maps/FirstPersonMap/2/I4/AKIR1KJ3I0FUUG3YCPNUAN.uasset" 7277
"../../../../../../Users/win11/Documents/GitHub/the-last-check-in/Content/__ExternalActors__/lukeWork/FirstPerson/Maps/FirstPersonMap/2/JB/7X79PPOG5LZV01HYHSG0TV.uasset" 7278
"../../../../../../Users/win11/Documents/GitHub/the-last-check-in/Content/__ExternalActors__/lukeWork/FirstPerson/Maps/FirstPersonMap/2/KA/WB3WIZLQVILI25AD31AU3D.uasset" 7279
"../../../../../../Users/win11/Documents/GitHub/the-last-check-in/Content/__ExternalActors__/lukeWork/FirstPerson/Maps/FirstPersonMap/2/MM/0QQ0MVG59NIX4G0RKV9NIV.uasset" 7280
"../../../../../../Users/win11/Documents/GitHub/the-last-check-in/Content/__ExternalActors__/lukeWork/FirstPerson/Maps/FirstPersonMap/2/PM/4OKQHN35O4L2V44ZKREKPS.uasset" 7281
"../../../../../../Users/win11/Documents/GitHub/the-last-check-in/Content/__ExternalActors__/lukeWork/FirstPerson/Maps/FirstPersonMap/2/UN/EWQVZB15T06WRIBUGULMX6.uasset" 7282
"../../../../../../Users/win11/Documents/GitHub/the-last-check-in/Content/__ExternalActors__/lukeWork/FirstPerson/Maps/FirstPersonMap/2/UU/VZP2FSFNCOHCAM4AZEB5LY.uasset" 7283
"../../../../../../Users/win11/Documents/GitHub/the-last-check-in/Content/__ExternalActors__/lukeWork/FirstPerson/Maps/FirstPersonMap/2/YG/HV8IBVVCMLH1X9ZG3Y33H0.uasset" 7284
"../../../../../../Users/win11/Documents/GitHub/the-last-check-in/Content/__ExternalActors__/lukeWork/FirstPerson/Maps/FirstPersonMap/2/ZK/2JFYWSWZY2JVSEIMWS9CL7.uasset" 7285
"../../../../../../Users/win11/Documents/GitHub/the-last-check-in/Content/__ExternalActors__/lukeWork/FirstPerson/Maps/FirstPersonMap/3/0H/NY2AU5EEEVK6TYY0UZTG7L.uasset" 7286
"../../../../../../Users/win11/Documents/GitHub/the-last-check-in/Content/__ExternalActors__/lukeWork/FirstPerson/Maps/FirstPersonMap/3/23/7H77977QGS22MC2C3ZXFG7.uasset" 7287
"../../../../../../Users/win11/Documents/GitHub/the-last-check-in/Content/__ExternalActors__/lukeWork/FirstPerson/Maps/FirstPersonMap/3/25/86O2VESWG2PNLWZ8SA5DVF.uasset" 7288
"../../../../../../Users/win11/Documents/GitHub/the-last-check-in/Content/__ExternalActors__/lukeWork/FirstPerson/Maps/FirstPersonMap/3/2J/3Q2N7258K9BCUPU54L9YBA.uasset" 7289
"../../../../../../Users/win11/Documents/GitHub/the-last-check-in/Content/__ExternalActors__/lukeWork/FirstPerson/Maps/FirstPersonMap/3/4B/2B4TNQJMG7Y389Y39Q0CO8.uasset" 7290
"../../../../../../Users/win11/Documents/GitHub/the-last-check-in/Content/__ExternalActors__/lukeWork/FirstPerson/Maps/FirstPersonMap/3/4O/W6R438VOWLZSICWDM7EO3F.uasset" 7291
"../../../../../../Users/win11/Documents/GitHub/the-last-check-in/Content/__ExternalActors__/lukeWork/FirstPerson/Maps/FirstPersonMap/3/98/OENQQP2RYQUWMWRSSOFTP5.uasset" 7292
"../../../../../../Users/win11/Documents/GitHub/the-last-check-in/Content/__ExternalActors__/lukeWork/FirstPerson/Maps/FirstPersonMap/3/C1/HLUTLD0GHNMDJL2GEFJA5X.uasset" 7293
"../../../../../../Users/win11/Documents/GitHub/the-last-check-in/Content/__ExternalActors__/lukeWork/FirstPerson/Maps/FirstPersonMap/3/CX/95IDHLEO64A10J6XD3DX8P.uasset" 7294
"../../../../../../Users/win11/Documents/GitHub/the-last-check-in/Content/__ExternalActors__/lukeWork/FirstPerson/Maps/FirstPersonMap/3/D8/4ZYFCAN4SKV4P4R86CGC46.uasset" 7295
"../../../../../../Users/win11/Documents/GitHub/the-last-check-in/Content/__ExternalActors__/lukeWork/FirstPerson/Maps/FirstPersonMap/3/DH/C8PI1IR4QXVB1HVZVQBS8P.uasset" 7296
"../../../../../../Users/win11/Documents/GitHub/the-last-check-in/Content/__ExternalActors__/lukeWork/FirstPerson/Maps/FirstPersonMap/3/F2/M3RHWX1PHMDU64QZ33YKQ0.uasset" 7297
"../../../../../../Users/win11/Documents/GitHub/the-last-check-in/Content/__ExternalActors__/lukeWork/FirstPerson/Maps/FirstPersonMap/3/GP/MUJX1Q72Y3YBU3PJW0NHSQ.uasset" 7298
"../../../../../../Users/win11/Documents/GitHub/the-last-check-in/Content/__ExternalActors__/lukeWork/FirstPerson/Maps/FirstPersonMap/3/HF/TH0Z9LN2IMSZR5MNF20IWP.uasset" 7299
"../../../../../../Users/win11/Documents/GitHub/the-last-check-in/Content/__ExternalActors__/lukeWork/FirstPerson/Maps/FirstPersonMap/3/ID/8P9KGMA3BQ8M8ZXPT366PX.uasset" 7300
"../../../../../../Users/win11/Documents/GitHub/the-last-check-in/Content/__ExternalActors__/lukeWork/FirstPerson/Maps/FirstPersonMap/3/IU/0R7BZPYVR6WUTM3RKRQE1P.uasset" 7301
"../../../../../../Users/win11/Documents/GitHub/the-last-check-in/Content/__ExternalActors__/lukeWork/FirstPerson/Maps/FirstPersonMap/3/KH/Y0AOF5MU92WP9RBFI57Z2A.uasset" 7302
"../../../../../../Users/win11/Documents/GitHub/the-last-check-in/Content/__ExternalActors__/lukeWork/FirstPerson/Maps/FirstPersonMap/3/MK/MY2GQ0Z8IRX9UHOTXFWQB7.uasset" 7303
"../../../../../../Users/win11/Documents/GitHub/the-last-check-in/Content/__ExternalActors__/lukeWork/FirstPerson/Maps/FirstPersonMap/3/OV/3Z667L69Z1TUO65JZLV5Z7.uasset" 7304
"../../../../../../Users/win11/Documents/GitHub/the-last-check-in/Content/__ExternalActors__/lukeWork/FirstPerson/Maps/FirstPersonMap/3/Q3/N2G8RNJZE6BW5NGSEPBECU.uasset" 7305
"../../../../../../Users/win11/Documents/GitHub/the-last-check-in/Content/__ExternalActors__/lukeWork/FirstPerson/Maps/FirstPersonMap/3/RM/JGCWPL2KC9WTEF1SQIR3RJ.uasset" 7306
"../../../../../../Users/win11/Documents/GitHub/the-last-check-in/Content/__ExternalActors__/lukeWork/FirstPerson/Maps/FirstPersonMap/3/RQ/MZYBBU49JQ2II6MVI0R92V.uasset" 7307
"../../../../../../Users/win11/Documents/GitHub/the-last-check-in/Content/__ExternalActors__/lukeWork/FirstPerson/Maps/FirstPersonMap/3/T0/E6056EXXBD7PO8ACI0NWQZ.uasset" 7308
"../../../../../../Users/win11/Documents/GitHub/the-last-check-in/Content/__ExternalActors__/lukeWork/FirstPerson/Maps/FirstPersonMap/3/UI/7EWP82H2SQ8AE35FO8WC0A.uasset" 7309
"../../../../../../Users/win11/Documents/GitHub/the-last-check-in/Content/__ExternalActors__/lukeWork/FirstPerson/Maps/FirstPersonMap/3/Y2/K0LA5BVV0C3Z91J9AYBAFE.uasset" 7310
"../../../../../../Users/win11/Documents/GitHub/the-last-check-in/Content/__ExternalActors__/lukeWork/FirstPerson/Maps/FirstPersonMap/4/2K/MO9WYTF91YO255WAHV1KT1.uasset" 7311
"../../../../../../Users/win11/Documents/GitHub/the-last-check-in/Content/__ExternalActors__/lukeWork/FirstPerson/Maps/FirstPersonMap/4/2O/F1YG9G72CTXFTUS0RPSP38.uasset" 7312
"../../../../../../Users/win11/Documents/GitHub/the-last-check-in/Content/__ExternalActors__/lukeWork/FirstPerson/Maps/FirstPersonMap/4/4J/TXM4E9VQZGICJCKTCMEIWC.uasset" 7313
"../../../../../../Users/win11/Documents/GitHub/the-last-check-in/Content/__ExternalActors__/lukeWork/FirstPerson/Maps/FirstPersonMap/4/4P/KH2LM7NTS4UDAGX874FTMC.uasset" 7314
"../../../../../../Users/win11/Documents/GitHub/the-last-check-in/Content/__ExternalActors__/lukeWork/FirstPerson/Maps/FirstPersonMap/4/7W/FE0AQUI7P0ZURGOGI3PEY6.uasset" 7315
"../../../../../../Users/win11/Documents/GitHub/the-last-check-in/Content/__ExternalActors__/lukeWork/FirstPerson/Maps/FirstPersonMap/4/84/HEBTOOLJQP0045C7C1IVV4.uasset" 7316
"../../../../../../Users/win11/Documents/GitHub/the-last-check-in/Content/__ExternalActors__/lukeWork/FirstPerson/Maps/FirstPersonMap/4/8E/FBDBE4GHKSXHJPP3DZDT7O.uasset" 7317
"../../../../../../Users/win11/Documents/GitHub/the-last-check-in/Content/__ExternalActors__/lukeWork/FirstPerson/Maps/FirstPersonMap/4/8I/0ZKJP182NH03FPF6WGI019.uasset" 7318
"../../../../../../Users/win11/Documents/GitHub/the-last-check-in/Content/__ExternalActors__/lukeWork/FirstPerson/Maps/FirstPersonMap/4/CR/F3KM37I20F54NA25CX9CGV.uasset" 7319
"../../../../../../Users/win11/Documents/GitHub/the-last-check-in/Content/__ExternalActors__/lukeWork/FirstPerson/Maps/FirstPersonMap/4/DT/90LUWGN60OU3HI8NB3MUIT.uasset" 7320
"../../../../../../Users/win11/Documents/GitHub/the-last-check-in/Content/__ExternalActors__/lukeWork/FirstPerson/Maps/FirstPersonMap/4/DV/0ATS0ZT84RAHVAW5ZNAMKY.uasset" 7321
"../../../../../../Users/win11/Documents/GitHub/the-last-check-in/Content/__ExternalActors__/lukeWork/FirstPerson/Maps/FirstPersonMap/4/EE/AJ7BH0UT4E9NB8UUHB4EV1.uasset" 7322
"../../../../../../Users/win11/Documents/GitHub/the-last-check-in/Content/__ExternalActors__/lukeWork/FirstPerson/Maps/FirstPersonMap/4/EM/97962RLUJSYDKCN0FIISNP.uasset" 7323
"../../../../../../Users/win11/Documents/GitHub/the-last-check-in/Content/__ExternalActors__/lukeWork/FirstPerson/Maps/FirstPersonMap/4/FT/6QF2ZVRTTKL7OJCGPYOO24.uasset" 7324
"../../../../../../Users/win11/Documents/GitHub/the-last-check-in/Content/__ExternalActors__/lukeWork/FirstPerson/Maps/FirstPersonMap/4/I2/MBQKL61SZNX1E7TMCGRY63.uasset" 7325
"../../../../../../Users/win11/Documents/GitHub/the-last-check-in/Content/__ExternalActors__/lukeWork/FirstPerson/Maps/FirstPersonMap/4/I6/GLU9OZTG5JNLQ8M092GTGA.uasset" 7326
"../../../../../../Users/win11/Documents/GitHub/the-last-check-in/Content/__ExternalActors__/lukeWork/FirstPerson/Maps/FirstPersonMap/4/IQ/DV6LFODDY477W8GAUBESFX.uasset" 7327
"../../../../../../Users/win11/Documents/GitHub/the-last-check-in/Content/__ExternalActors__/lukeWork/FirstPerson/Maps/FirstPersonMap/4/JF/RCXKXWQG9WAV8X41095M3L.uasset" 7328
"../../../../../../Users/win11/Documents/GitHub/the-last-check-in/Content/__ExternalActors__/lukeWork/FirstPerson/Maps/FirstPersonMap/4/KA/FHNTXK5RJ9VZIJY89VFAVZ.uasset" 7329
"../../../../../../Users/win11/Documents/GitHub/the-last-check-in/Content/__ExternalActors__/lukeWork/FirstPerson/Maps/FirstPersonMap/4/KG/UNTOZSUZ2H8JSCB3XJ1R3L.uasset" 7330
"../../../../../../Users/win11/Documents/GitHub/the-last-check-in/Content/__ExternalActors__/lukeWork/FirstPerson/Maps/FirstPersonMap/4/KL/DUZF5F3UM5HJ1VMOS7F61L.uasset" 7331
"../../../../../../Users/win11/Documents/GitHub/the-last-check-in/Content/__ExternalActors__/lukeWork/FirstPerson/Maps/FirstPersonMap/4/KZ/J9T6L9G5U7I2N03XQYIE6D.uasset" 7332
"../../../../../../Users/win11/Documents/GitHub/the-last-check-in/Content/__ExternalActors__/lukeWork/FirstPerson/Maps/FirstPersonMap/4/LE/0O0VHBV13NOGFRSE02Y793.uasset" 7333
"../../../../../../Users/win11/Documents/GitHub/the-last-check-in/Content/__ExternalActors__/lukeWork/FirstPerson/Maps/FirstPersonMap/4/LH/8JVQ4NVG4K6JS563M54HOJ.uasset" 7334
"../../../../../../Users/win11/Documents/GitHub/the-last-check-in/Content/__ExternalActors__/lukeWork/FirstPerson/Maps/FirstPersonMap/4/NT/KX83UCGA0UIMOQ1VT286SR.uasset" 7335
"../../../../../../Users/win11/Documents/GitHub/the-last-check-in/Content/__ExternalActors__/lukeWork/FirstPerson/Maps/FirstPersonMap/4/NU/U0MRJNN3MF4NRDNV9SDRAY.uasset" 7336
"../../../../../../Users/win11/Documents/GitHub/the-last-check-in/Content/__ExternalActors__/lukeWork/FirstPerson/Maps/FirstPersonMap/4/O1/QV22UPB4GR36CYJFI20CSS.uasset" 7337
"../../../../../../Users/win11/Documents/GitHub/the-last-check-in/Content/__ExternalActors__/lukeWork/FirstPerson/Maps/FirstPersonMap/4/OB/30A1KHKX1BX4JBJFJ273Y7.uasset" 7338
"../../../../../../Users/win11/Documents/GitHub/the-last-check-in/Content/__ExternalActors__/lukeWork/FirstPerson/Maps/FirstPersonMap/4/QA/9WU0G4ZI8VJ7NKSFYS6YB0.uasset" 7339
"../../../../../../Users/win11/Documents/GitHub/the-last-check-in/Content/__ExternalActors__/lukeWork/FirstPerson/Maps/FirstPersonMap/4/QF/PPZ50LGK9L5VJYK8VIHNZB.uasset" 7340
"../../../../../../Users/win11/Documents/GitHub/the-last-check-in/Content/__ExternalActors__/lukeWork/FirstPerson/Maps/FirstPersonMap/4/SH/2Z5JHW6Q1R140MDE9D9BGO.uasset" 7341
"../../../../../../Users/win11/Documents/GitHub/the-last-check-in/Content/__ExternalActors__/lukeWork/FirstPerson/Maps/FirstPersonMap/4/TX/PJESGFM9VOGZ90G8HMJMF8.uasset" 7342
"../../../../../../Users/win11/Documents/GitHub/the-last-check-in/Content/__ExternalActors__/lukeWork/FirstPerson/Maps/FirstPersonMap/4/U3/T0IXYWQUL2MZVWECH2BUI8.uasset" 7343
"../../../../../../Users/win11/Documents/GitHub/the-last-check-in/Content/__ExternalActors__/lukeWork/FirstPerson/Maps/FirstPersonMap/4/W8/AC4L4PZU40B4VANAPWNJ5E.uasset" 7344
"../../../../../../Users/win11/Documents/GitHub/the-last-check-in/Content/__ExternalActors__/lukeWork/FirstPerson/Maps/FirstPersonMap/4/W9/4YT3QYHLS9U0R6ZXEAG954.uasset" 7345
"../../../../../../Users/win11/Documents/GitHub/the-last-check-in/Content/__ExternalActors__/lukeWork/FirstPerson/Maps/FirstPersonMap/4/YM/YUQVE6053DGQPONA8F0J3T.uasset" 7346
"../../../../../../Users/win11/Documents/GitHub/the-last-check-in/Content/__ExternalActors__/lukeWork/FirstPerson/Maps/FirstPersonMap/4/ZB/YU6XA2ST6W0SYBI3NAXMTV.uasset" 7347
"../../../../../../Users/win11/Documents/GitHub/the-last-check-in/Content/__ExternalActors__/lukeWork/FirstPerson/Maps/FirstPersonMap/5/08/26LTTOL214ZTV78VZD1X9V.uasset" 7348
"../../../../../../Users/win11/Documents/GitHub/the-last-check-in/Content/__ExternalActors__/lukeWork/FirstPerson/Maps/FirstPersonMap/5/0N/JQ0WG24P4R434JXWV6XGB0.uasset" 7349
"../../../../../../Users/win11/Documents/GitHub/the-last-check-in/Content/__ExternalActors__/lukeWork/FirstPerson/Maps/FirstPersonMap/5/17/4JLPQUL3Y9Y8KBI7V9OX8R.uasset" 7350
"../../../../../../Users/win11/Documents/GitHub/the-last-check-in/Content/__ExternalActors__/lukeWork/FirstPerson/Maps/FirstPersonMap/5/3H/KBUZYFQPJ5EJK3MRPAJHA2.uasset" 7351
"../../../../../../Users/win11/Documents/GitHub/the-last-check-in/Content/__ExternalActors__/lukeWork/FirstPerson/Maps/FirstPersonMap/5/3U/7XK9IBE3QH0GB2RT16SPV4.uasset" 7352
"../../../../../../Users/win11/Documents/GitHub/the-last-check-in/Content/__ExternalActors__/lukeWork/FirstPerson/Maps/FirstPersonMap/5/3U/FP0EJBPYCHT48AZ7NV2Q21.uasset" 7353
"../../../../../../Users/win11/Documents/GitHub/the-last-check-in/Content/__ExternalActors__/lukeWork/FirstPerson/Maps/FirstPersonMap/5/4Y/NI6KKQ51UTOAB3EFKI4EN9.uasset" 7354
"../../../../../../Users/win11/Documents/GitHub/the-last-check-in/Content/__ExternalActors__/lukeWork/FirstPerson/Maps/FirstPersonMap/5/8C/N1DF74P44HTL6QUALV7EAL.uasset" 7355
"../../../../../../Users/win11/Documents/GitHub/the-last-check-in/Content/__ExternalActors__/lukeWork/FirstPerson/Maps/FirstPersonMap/5/9Z/N60ADRY6HL5T1RYV3OSKM4.uasset" 7356
"../../../../../../Users/win11/Documents/GitHub/the-last-check-in/Content/__ExternalActors__/lukeWork/FirstPerson/Maps/FirstPersonMap/5/BJ/OEEFPT1CRYM3QOI82ZQBSZ.uasset" 7357
"../../../../../../Users/win11/Documents/GitHub/the-last-check-in/Content/__ExternalActors__/lukeWork/FirstPerson/Maps/FirstPersonMap/5/BP/XKSPTACSO70WDQ3GYG168E.uasset" 7358
"../../../../../../Users/win11/Documents/GitHub/the-last-check-in/Content/__ExternalActors__/lukeWork/FirstPerson/Maps/FirstPersonMap/5/D3/YWZ5P28MMMSB563ZE5YINY.uasset" 7359
"../../../../../../Users/win11/Documents/GitHub/the-last-check-in/Content/__ExternalActors__/lukeWork/FirstPerson/Maps/FirstPersonMap/5/EB/VN3JGJYAX1UW9CBRERR7IO.uasset" 7360
"../../../../../../Users/win11/Documents/GitHub/the-last-check-in/Content/__ExternalActors__/lukeWork/FirstPerson/Maps/FirstPersonMap/5/EW/5AN1V0KKT1JZA1IYU4M8JN.uasset" 7361
"../../../../../../Users/win11/Documents/GitHub/the-last-check-in/Content/__ExternalActors__/lukeWork/FirstPerson/Maps/FirstPersonMap/5/FW/6085USZO2G4II899YG72AZ.uasset" 7362
"../../../../../../Users/win11/Documents/GitHub/the-last-check-in/Content/__ExternalActors__/lukeWork/FirstPerson/Maps/FirstPersonMap/5/HN/P2MWS4TNX0M4TOI8UUFLJ9.uasset" 7363
"../../../../../../Users/win11/Documents/GitHub/the-last-check-in/Content/__ExternalActors__/lukeWork/FirstPerson/Maps/FirstPersonMap/5/J8/FM4KA1T7Q2RLH1TG4KYUCS.uasset" 7364
"../../../../../../Users/win11/Documents/GitHub/the-last-check-in/Content/__ExternalActors__/lukeWork/FirstPerson/Maps/FirstPersonMap/5/PC/FGDT00GEKBX63VWBDQZA2U.uasset" 7365
"../../../../../../Users/win11/Documents/GitHub/the-last-check-in/Content/__ExternalActors__/lukeWork/FirstPerson/Maps/FirstPersonMap/5/Q0/OJS6NYEVCF7UIMCFKWMDVF.uasset" 7366
"../../../../../../Users/win11/Documents/GitHub/the-last-check-in/Content/__ExternalActors__/lukeWork/FirstPerson/Maps/FirstPersonMap/5/RN/JN1XFNEVKDJX0F8ZP0XEHF.uasset" 7367
"../../../../../../Users/win11/Documents/GitHub/the-last-check-in/Content/__ExternalActors__/lukeWork/FirstPerson/Maps/FirstPersonMap/5/RS/TGEJJ54MKEAJRBS0YTJEN8.uasset" 7368
"../../../../../../Users/win11/Documents/GitHub/the-last-check-in/Content/__ExternalActors__/lukeWork/FirstPerson/Maps/FirstPersonMap/5/VB/UI7SVLTF3GUETI7UMGM27K.uasset" 7369
"../../../../../../Users/win11/Documents/GitHub/the-last-check-in/Content/__ExternalActors__/lukeWork/FirstPerson/Maps/FirstPersonMap/5/XR/QSHTAHJEH2J2WMEBVEUE0F.uasset" 7370
"../../../../../../Users/win11/Documents/GitHub/the-last-check-in/Content/__ExternalActors__/lukeWork/FirstPerson/Maps/FirstPersonMap/5/YB/YXPWZRXXVB7EZZ1WG0KO2U.uasset" 7371
"../../../../../../Users/win11/Documents/GitHub/the-last-check-in/Content/__ExternalActors__/lukeWork/FirstPerson/Maps/FirstPersonMap/5/ZZ/VDZ211AHCD5EK8ULOTB3KJ.uasset" 7372
"../../../../../../Users/win11/Documents/GitHub/the-last-check-in/Content/__ExternalActors__/lukeWork/FirstPerson/Maps/FirstPersonMap/6/0Q/J0YI4RZYP7CXYFXL485EZT.uasset" 7373
"../../../../../../Users/win11/Documents/GitHub/the-last-check-in/Content/__ExternalActors__/lukeWork/FirstPerson/Maps/FirstPersonMap/6/0Z/4SA0KASEKSI9CLDTZERGLG.uasset" 7374
"../../../../../../Users/win11/Documents/GitHub/the-last-check-in/Content/__ExternalActors__/lukeWork/FirstPerson/Maps/FirstPersonMap/6/1Z/YLF2W902U01OY71FG5N7SB.uasset" 7375
"../../../../../../Users/win11/Documents/GitHub/the-last-check-in/Content/__ExternalActors__/lukeWork/FirstPerson/Maps/FirstPersonMap/6/32/QNSQAR7U7YAQM0AKJKXRRN.uasset" 7376
"../../../../../../Users/win11/Documents/GitHub/the-last-check-in/Content/__ExternalActors__/lukeWork/FirstPerson/Maps/FirstPersonMap/6/4Y/0FSKEYWQMONI8UBSRPLNKK.uasset" 7377
"../../../../../../Users/win11/Documents/GitHub/the-last-check-in/Content/__ExternalActors__/lukeWork/FirstPerson/Maps/FirstPersonMap/6/50/2DZ5LECIWX1TXOECDE6ITP.uasset" 7378
"../../../../../../Users/win11/Documents/GitHub/the-last-check-in/Content/__ExternalActors__/lukeWork/FirstPerson/Maps/FirstPersonMap/6/52/SSIR0P50IBZTHJSR25OMGD.uasset" 7379
"../../../../../../Users/win11/Documents/GitHub/the-last-check-in/Content/__ExternalActors__/lukeWork/FirstPerson/Maps/FirstPersonMap/6/84/BX5CPOC5BI388V36WM7I24.uasset" 7380
"../../../../../../Users/win11/Documents/GitHub/the-last-check-in/Content/__ExternalActors__/lukeWork/FirstPerson/Maps/FirstPersonMap/6/86/HSFW0LRJYHZ5SLBTNS3M87.uasset" 7381
"../../../../../../Users/win11/Documents/GitHub/the-last-check-in/Content/__ExternalActors__/lukeWork/FirstPerson/Maps/FirstPersonMap/6/8A/M972SFBF9N8H0NVDY6CH20.uasset" 7382
"../../../../../../Users/win11/Documents/GitHub/the-last-check-in/Content/__ExternalActors__/lukeWork/FirstPerson/Maps/FirstPersonMap/6/9H/WZTK1NWG4AYM6Q7YK81MXE.uasset" 7383
"../../../../../../Users/win11/Documents/GitHub/the-last-check-in/Content/__ExternalActors__/lukeWork/FirstPerson/Maps/FirstPersonMap/6/B3/81LQDZJHQO4JZZB210TW8E.uasset" 7384
"../../../../../../Users/win11/Documents/GitHub/the-last-check-in/Content/__ExternalActors__/lukeWork/FirstPerson/Maps/FirstPersonMap/6/EQ/JZGYUHXEVHAZPTLLN5AJ9E.uasset" 7385
"../../../../../../Users/win11/Documents/GitHub/the-last-check-in/Content/__ExternalActors__/lukeWork/FirstPerson/Maps/FirstPersonMap/6/FI/3EOBSOWM1AHJN4BUJCEYJI.uasset" 7386
"../../../../../../Users/win11/Documents/GitHub/the-last-check-in/Content/__ExternalActors__/lukeWork/FirstPerson/Maps/FirstPersonMap/6/FM/FF0IOVMXG1SAH524TCUR19.uasset" 7387
"../../../../../../Users/win11/Documents/GitHub/the-last-check-in/Content/__ExternalActors__/lukeWork/FirstPerson/Maps/FirstPersonMap/6/H2/F67W8FVW0LMTZSSGJHV05X.uasset" 7388
"../../../../../../Users/win11/Documents/GitHub/the-last-check-in/Content/__ExternalActors__/lukeWork/FirstPerson/Maps/FirstPersonMap/6/HX/4GHLTPRYYH5IK4W1T940KB.uasset" 7389
"../../../../../../Users/win11/Documents/GitHub/the-last-check-in/Content/__ExternalActors__/lukeWork/FirstPerson/Maps/FirstPersonMap/6/IC/VWFDOF7RTQECY939F9YBZB.uasset" 7390
"../../../../../../Users/win11/Documents/GitHub/the-last-check-in/Content/__ExternalActors__/lukeWork/FirstPerson/Maps/FirstPersonMap/6/KH/U9ZFURS0OO2RY599OZVN79.uasset" 7391
"../../../../../../Users/win11/Documents/GitHub/the-last-check-in/Content/__ExternalActors__/lukeWork/FirstPerson/Maps/FirstPersonMap/6/NX/M278LHOVEUMPG0BBC2XKBS.uasset" 7392
"../../../../../../Users/win11/Documents/GitHub/the-last-check-in/Content/__ExternalActors__/lukeWork/FirstPerson/Maps/FirstPersonMap/6/OI/U1K5Q0YJO712GJ8ROKHIQL.uasset" 7393
"../../../../../../Users/win11/Documents/GitHub/the-last-check-in/Content/__ExternalActors__/lukeWork/FirstPerson/Maps/FirstPersonMap/6/OM/BH05TNZQ3L7FYFLOKZ1KF3.uasset" 7394
"../../../../../../Users/win11/Documents/GitHub/the-last-check-in/Content/__ExternalActors__/lukeWork/FirstPerson/Maps/FirstPersonMap/6/Q8/1UPRQQLSA8XE6MHKI2IL2Q.uasset" 7395
"../../../../../../Users/win11/Documents/GitHub/the-last-check-in/Content/__ExternalActors__/lukeWork/FirstPerson/Maps/FirstPersonMap/6/SB/OU7AJ4Z0K3ZQJQ5TFEDTCN.uasset" 7396
"../../../../../../Users/win11/Documents/GitHub/the-last-check-in/Content/__ExternalActors__/lukeWork/FirstPerson/Maps/FirstPersonMap/6/V0/6UGK1OHGSZMXPMNSHHEATS.uasset" 7397
"../../../../../../Users/win11/Documents/GitHub/the-last-check-in/Content/__ExternalActors__/lukeWork/FirstPerson/Maps/FirstPersonMap/6/VF/Q5LIG132FL068Z4I9C5812.uasset" 7398
"../../../../../../Users/win11/Documents/GitHub/the-last-check-in/Content/__ExternalActors__/lukeWork/FirstPerson/Maps/FirstPersonMap/6/WR/VK5JCAR1PN3R29ENAZQSEX.uasset" 7399
"../../../../../../Users/win11/Documents/GitHub/the-last-check-in/Content/__ExternalActors__/lukeWork/FirstPerson/Maps/FirstPersonMap/6/WU/BDE2ZR3LXLXU5IY6B9RNFB.uasset" 7400
"../../../../../../Users/win11/Documents/GitHub/the-last-check-in/Content/__ExternalActors__/lukeWork/FirstPerson/Maps/FirstPersonMap/6/YI/V9A2TCD73ZVE6D0F90LUDQ.uasset" 7401
"../../../../../../Users/win11/Documents/GitHub/the-last-check-in/Content/__ExternalActors__/lukeWork/FirstPerson/Maps/FirstPersonMap/7/0O/0X87N9QNBF0KLBYAQ5300M.uasset" 7402
"../../../../../../Users/win11/Documents/GitHub/the-last-check-in/Content/__ExternalActors__/lukeWork/FirstPerson/Maps/FirstPersonMap/7/2N/4LRIWAF4K0ONECAMHIQG3E.uasset" 7403
"../../../../../../Users/win11/Documents/GitHub/the-last-check-in/Content/__ExternalActors__/lukeWork/FirstPerson/Maps/FirstPersonMap/7/33/3Q1W5L48NXJJLQV1SBKU04.uasset" 7404
"../../../../../../Users/win11/Documents/GitHub/the-last-check-in/Content/__ExternalActors__/lukeWork/FirstPerson/Maps/FirstPersonMap/7/3C/T9LO67ZOXL75I89BMP2G1S.uasset" 7405
"../../../../../../Users/win11/Documents/GitHub/the-last-check-in/Content/__ExternalActors__/lukeWork/FirstPerson/Maps/FirstPersonMap/7/44/FYFPHNDXAZJCDRFQJJTX5X.uasset" 7406
"../../../../../../Users/win11/Documents/GitHub/the-last-check-in/Content/__ExternalActors__/lukeWork/FirstPerson/Maps/FirstPersonMap/7/99/NX34WKX0K7GW7JDIPC36YW.uasset" 7407
"../../../../../../Users/win11/Documents/GitHub/the-last-check-in/Content/__ExternalActors__/lukeWork/FirstPerson/Maps/FirstPersonMap/7/AM/HXEN83Z7GKSVHT0EBDCT1U.uasset" 7408
"../../../../../../Users/win11/Documents/GitHub/the-last-check-in/Content/__ExternalActors__/lukeWork/FirstPerson/Maps/FirstPersonMap/7/B8/04H70I7ZFZ1HXVIPWSZ6VS.uasset" 7409
"../../../../../../Users/win11/Documents/GitHub/the-last-check-in/Content/__ExternalActors__/lukeWork/FirstPerson/Maps/FirstPersonMap/7/BX/Q9A7C35F06NDI0Z6J0369Q.uasset" 7410
"../../../../../../Users/win11/Documents/GitHub/the-last-check-in/Content/__ExternalActors__/lukeWork/FirstPerson/Maps/FirstPersonMap/7/CM/M39CEX8LORWAELAC8GAPPT.uasset" 7411
"../../../../../../Users/win11/Documents/GitHub/the-last-check-in/Content/__ExternalActors__/lukeWork/FirstPerson/Maps/FirstPersonMap/7/DS/JSQBBYLQTPG76SNOP3II2H.uasset" 7412
"../../../../../../Users/win11/Documents/GitHub/the-last-check-in/Content/__ExternalActors__/lukeWork/FirstPerson/Maps/FirstPersonMap/7/ED/K8MJXDIX4DSTZDWX68PEBZ.uasset" 7413
"../../../../../../Users/win11/Documents/GitHub/the-last-check-in/Content/__ExternalActors__/lukeWork/FirstPerson/Maps/FirstPersonMap/7/EI/A09E5TRNCDF0PNQHR9DE2E.uasset" 7414
"../../../../../../Users/win11/Documents/GitHub/the-last-check-in/Content/__ExternalActors__/lukeWork/FirstPerson/Maps/FirstPersonMap/7/F5/W2SSI9V1A2Z8UG0FQP7RSG.uasset" 7415
"../../../../../../Users/win11/Documents/GitHub/the-last-check-in/Content/__ExternalActors__/lukeWork/FirstPerson/Maps/FirstPersonMap/7/GQ/MR8L4TCI0H4WH7YUGW4TCF.uasset" 7416
"../../../../../../Users/win11/Documents/GitHub/the-last-check-in/Content/__ExternalActors__/lukeWork/FirstPerson/Maps/FirstPersonMap/7/IY/QBF7CY0JZWWKFJ7OK3HS93.uasset" 7417
"../../../../../../Users/win11/Documents/GitHub/the-last-check-in/Content/__ExternalActors__/lukeWork/FirstPerson/Maps/FirstPersonMap/7/JT/784POSGI5L196K9R2TYHJ8.uasset" 7418
"../../../../../../Users/win11/Documents/GitHub/the-last-check-in/Content/__ExternalActors__/lukeWork/FirstPerson/Maps/FirstPersonMap/7/K7/MZ9RFGSYYDO1T39XX3UVW4.uasset" 7419
"../../../../../../Users/win11/Documents/GitHub/the-last-check-in/Content/__ExternalActors__/lukeWork/FirstPerson/Maps/FirstPersonMap/7/MB/ANKT1AWO5RK24A2KAPPF0A.uasset" 7420
"../../../../../../Users/win11/Documents/GitHub/the-last-check-in/Content/__ExternalActors__/lukeWork/FirstPerson/Maps/FirstPersonMap/7/MX/UF5O5FJCYB3SKQ3Y4ENEJ7.uasset" 7421
"../../../../../../Users/win11/Documents/GitHub/the-last-check-in/Content/__ExternalActors__/lukeWork/FirstPerson/Maps/FirstPersonMap/7/O2/245L4UH9EVMRRZ2X06AD3R.uasset" 7422
"../../../../../../Users/win11/Documents/GitHub/the-last-check-in/Content/__ExternalActors__/lukeWork/FirstPerson/Maps/FirstPersonMap/7/PC/M2DQSEKYZEEHCSWOYXUVLO.uasset" 7423
"../../../../../../Users/win11/Documents/GitHub/the-last-check-in/Content/__ExternalActors__/lukeWork/FirstPerson/Maps/FirstPersonMap/7/PT/CYWTP0RAV4ZGAEZOMC458R.uasset" 7424
"../../../../../../Users/win11/Documents/GitHub/the-last-check-in/Content/__ExternalActors__/lukeWork/FirstPerson/Maps/FirstPersonMap/7/QT/COVD0131DRFQP687UHT7EM.uasset" 7425
"../../../../../../Users/win11/Documents/GitHub/the-last-check-in/Content/__ExternalActors__/lukeWork/FirstPerson/Maps/FirstPersonMap/7/R5/U79JLCJIJ9TWND2AVQO6JW.uasset" 7426
"../../../../../../Users/win11/Documents/GitHub/the-last-check-in/Content/__ExternalActors__/lukeWork/FirstPerson/Maps/FirstPersonMap/7/SO/QNQ3UJK3J0QV1HUTHPEXXC.uasset" 7427
"../../../../../../Users/win11/Documents/GitHub/the-last-check-in/Content/__ExternalActors__/lukeWork/FirstPerson/Maps/FirstPersonMap/7/UP/0Y6Y4UV5OL20UONTBD50TJ.uasset" 7428
"../../../../../../Users/win11/Documents/GitHub/the-last-check-in/Content/__ExternalActors__/lukeWork/FirstPerson/Maps/FirstPersonMap/7/V3/GC44O0TNBIAYM8I2910958.uasset" 7429
"../../../../../../Users/win11/Documents/GitHub/the-last-check-in/Content/__ExternalActors__/lukeWork/FirstPerson/Maps/FirstPersonMap/7/VT/UTTF6DY4J5JMDLDGVS3Q9C.uasset" 7430
"../../../../../../Users/win11/Documents/GitHub/the-last-check-in/Content/__ExternalActors__/lukeWork/FirstPerson/Maps/FirstPersonMap/8/24/FRTUHWPCQ7MHSS4JBUCIU1.uasset" 7431
"../../../../../../Users/win11/Documents/GitHub/the-last-check-in/Content/__ExternalActors__/lukeWork/FirstPerson/Maps/FirstPersonMap/8/64/0LAKJYUIE55B8R5J7QCHHK.uasset" 7432
"../../../../../../Users/win11/Documents/GitHub/the-last-check-in/Content/__ExternalActors__/lukeWork/FirstPerson/Maps/FirstPersonMap/8/65/PJDXZD6L9V8EOZ6XJ4K1IX.uasset" 7433
"../../../../../../Users/win11/Documents/GitHub/the-last-check-in/Content/__ExternalActors__/lukeWork/FirstPerson/Maps/FirstPersonMap/8/7Y/Y6J79DT3CIFMLKIRIMS9WO.uasset" 7434
"../../../../../../Users/win11/Documents/GitHub/the-last-check-in/Content/__ExternalActors__/lukeWork/FirstPerson/Maps/FirstPersonMap/8/91/8KQ72YY9J5U07EW1LQSAMK.uasset" 7435
"../../../../../../Users/win11/Documents/GitHub/the-last-check-in/Content/__ExternalActors__/lukeWork/FirstPerson/Maps/FirstPersonMap/8/94/W98YKXJPK9N7PWMSP3ATAB.uasset" 7436
"../../../../../../Users/win11/Documents/GitHub/the-last-check-in/Content/__ExternalActors__/lukeWork/FirstPerson/Maps/FirstPersonMap/8/BE/IQUNC15PUELV6V3YDV1T8Q.uasset" 7437
"../../../../../../Users/win11/Documents/GitHub/the-last-check-in/Content/__ExternalActors__/lukeWork/FirstPerson/Maps/FirstPersonMap/8/CL/DJAIUM9UZX4RUTC5E3HGF8.uasset" 7438
"../../../../../../Users/win11/Documents/GitHub/the-last-check-in/Content/__ExternalActors__/lukeWork/FirstPerson/Maps/FirstPersonMap/8/CR/C2ZREM2BMBNVC0DL6X54X7.uasset" 7439
"../../../../../../Users/win11/Documents/GitHub/the-last-check-in/Content/__ExternalActors__/lukeWork/FirstPerson/Maps/FirstPersonMap/8/DE/VKNDPVNH7CRBPPA7YIY6N7.uasset" 7440
"../../../../../../Users/win11/Documents/GitHub/the-last-check-in/Content/__ExternalActors__/lukeWork/FirstPerson/Maps/FirstPersonMap/8/DZ/A3NTG597WP2MUDX7NS3PYT.uasset" 7441
"../../../../../../Users/win11/Documents/GitHub/the-last-check-in/Content/__ExternalActors__/lukeWork/FirstPerson/Maps/FirstPersonMap/8/EI/1NWPNI6IGZUO7VH1BOR3PG.uasset" 7442
"../../../../../../Users/win11/Documents/GitHub/the-last-check-in/Content/__ExternalActors__/lukeWork/FirstPerson/Maps/FirstPersonMap/8/FJ/ZWKY6PZBXB0RWVO60ZO179.uasset" 7443
"../../../../../../Users/win11/Documents/GitHub/the-last-check-in/Content/__ExternalActors__/lukeWork/FirstPerson/Maps/FirstPersonMap/8/GD/HUC88XK1AQP8MHCBP7B8HX.uasset" 7444
"../../../../../../Users/win11/Documents/GitHub/the-last-check-in/Content/__ExternalActors__/lukeWork/FirstPerson/Maps/FirstPersonMap/8/GH/JCIJRQEZGGWQOOWQ9QOIQE.uasset" 7445
"../../../../../../Users/win11/Documents/GitHub/the-last-check-in/Content/__ExternalActors__/lukeWork/FirstPerson/Maps/FirstPersonMap/8/HR/KNC4YR41DDW543FMKTXJ03.uasset" 7446
"../../../../../../Users/win11/Documents/GitHub/the-last-check-in/Content/__ExternalActors__/lukeWork/FirstPerson/Maps/FirstPersonMap/8/I1/PL1JRQEEUTC6MRV6O3NLT1.uasset" 7447
"../../../../../../Users/win11/Documents/GitHub/the-last-check-in/Content/__ExternalActors__/lukeWork/FirstPerson/Maps/FirstPersonMap/8/K8/9DVO8RHQLR5JAC13ASQB71.uasset" 7448
"../../../../../../Users/win11/Documents/GitHub/the-last-check-in/Content/__ExternalActors__/lukeWork/FirstPerson/Maps/FirstPersonMap/8/LT/B14RUYUITCPCIE7ZAG9I7B.uasset" 7449
"../../../../../../Users/win11/Documents/GitHub/the-last-check-in/Content/__ExternalActors__/lukeWork/FirstPerson/Maps/FirstPersonMap/8/MO/E21GBAU6X3NMCR0TUQ78EA.uasset" 7450
"../../../../../../Users/win11/Documents/GitHub/the-last-check-in/Content/__ExternalActors__/lukeWork/FirstPerson/Maps/FirstPersonMap/8/NG/J1YV2QNRG3E28VKVN1P8GY.uasset" 7451
"../../../../../../Users/win11/Documents/GitHub/the-last-check-in/Content/__ExternalActors__/lukeWork/FirstPerson/Maps/FirstPersonMap/8/P1/Y3VOBBPAQ3GST3N65N5PHM.uasset" 7452
"../../../../../../Users/win11/Documents/GitHub/the-last-check-in/Content/__ExternalActors__/lukeWork/FirstPerson/Maps/FirstPersonMap/8/Q7/7HZ0DHP2I32Z6M947XC9P4.uasset" 7453
"../../../../../../Users/win11/Documents/GitHub/the-last-check-in/Content/__ExternalActors__/lukeWork/FirstPerson/Maps/FirstPersonMap/8/QT/B0G73OQ1FFBJZ9D7GDPXGB.uasset" 7454
"../../../../../../Users/win11/Documents/GitHub/the-last-check-in/Content/__ExternalActors__/lukeWork/FirstPerson/Maps/FirstPersonMap/8/SW/3TC7QRIIFELFIBEJJS48TC.uasset" 7455
"../../../../../../Users/win11/Documents/GitHub/the-last-check-in/Content/__ExternalActors__/lukeWork/FirstPerson/Maps/FirstPersonMap/8/U2/F2JHB2YP08MG6CC6GDSN4H.uasset" 7456
"../../../../../../Users/win11/Documents/GitHub/the-last-check-in/Content/__ExternalActors__/lukeWork/FirstPerson/Maps/FirstPersonMap/8/UE/YIAGBC74O2FPS89DB3NUEY.uasset" 7457
"../../../../../../Users/win11/Documents/GitHub/the-last-check-in/Content/__ExternalActors__/lukeWork/FirstPerson/Maps/FirstPersonMap/8/V8/EBMFBZQPQPQ87NEEVT26CH.uasset" 7458
"../../../../../../Users/win11/Documents/GitHub/the-last-check-in/Content/__ExternalActors__/lukeWork/FirstPerson/Maps/FirstPersonMap/8/VP/CNOUQ88EAX8YKKZ499MJRR.uasset" 7459
"../../../../../../Users/win11/Documents/GitHub/the-last-check-in/Content/__ExternalActors__/lukeWork/FirstPerson/Maps/FirstPersonMap/8/VY/GC3Q3BOAZAW0DCQLC9L8PT.uasset" 7460
"../../../../../../Users/win11/Documents/GitHub/the-last-check-in/Content/__ExternalActors__/lukeWork/FirstPerson/Maps/FirstPersonMap/8/WV/RAENDSUHZ1V4ZUCEI4P31M.uasset" 7461
"../../../../../../Users/win11/Documents/GitHub/the-last-check-in/Content/__ExternalActors__/lukeWork/FirstPerson/Maps/FirstPersonMap/8/X8/MPHPRMTG2YAG95GMBU9UQB.uasset" 7462
"../../../../../../Users/win11/Documents/GitHub/the-last-check-in/Content/__ExternalActors__/lukeWork/FirstPerson/Maps/FirstPersonMap/8/YE/X47Z7HQTR5TVK7T6BFTCI2.uasset" 7463
"../../../../../../Users/win11/Documents/GitHub/the-last-check-in/Content/__ExternalActors__/lukeWork/FirstPerson/Maps/FirstPersonMap/9/3K/MK531ESHT2YRFTRLT77N8N.uasset" 7464
"../../../../../../Users/win11/Documents/GitHub/the-last-check-in/Content/__ExternalActors__/lukeWork/FirstPerson/Maps/FirstPersonMap/9/3M/VVQZA21EASTI083W95XV40.uasset" 7465
"../../../../../../Users/win11/Documents/GitHub/the-last-check-in/Content/__ExternalActors__/lukeWork/FirstPerson/Maps/FirstPersonMap/9/4R/5NG41O111V20ID3RZIFDMM.uasset" 7466
"../../../../../../Users/win11/Documents/GitHub/the-last-check-in/Content/__ExternalActors__/lukeWork/FirstPerson/Maps/FirstPersonMap/9/7K/NFY4QFMPU5WROVASIJF8I6.uasset" 7467
"../../../../../../Users/win11/Documents/GitHub/the-last-check-in/Content/__ExternalActors__/lukeWork/FirstPerson/Maps/FirstPersonMap/9/9G/YHT3S0WZ3Z3042CY6XTREB.uasset" 7468
"../../../../../../Users/win11/Documents/GitHub/the-last-check-in/Content/__ExternalActors__/lukeWork/FirstPerson/Maps/FirstPersonMap/9/AE/DB6C224NEL2U7618SMYWDM.uasset" 7469
"../../../../../../Users/win11/Documents/GitHub/the-last-check-in/Content/__ExternalActors__/lukeWork/FirstPerson/Maps/FirstPersonMap/9/BQ/PS0U22IAD7B9LDDAYNEFYE.uasset" 7470
"../../../../../../Users/win11/Documents/GitHub/the-last-check-in/Content/__ExternalActors__/lukeWork/FirstPerson/Maps/FirstPersonMap/9/F5/10ESY49A2F6JFLU0DRUZ2I.uasset" 7471
"../../../../../../Users/win11/Documents/GitHub/the-last-check-in/Content/__ExternalActors__/lukeWork/FirstPerson/Maps/FirstPersonMap/9/HM/NRGRPXG1A60W5KA223SO3E.uasset" 7472
"../../../../../../Users/win11/Documents/GitHub/the-last-check-in/Content/__ExternalActors__/lukeWork/FirstPerson/Maps/FirstPersonMap/9/HT/Z19WUTOJ8NT34KVSYV7QE8.uasset" 7473
"../../../../../../Users/win11/Documents/GitHub/the-last-check-in/Content/__ExternalActors__/lukeWork/FirstPerson/Maps/FirstPersonMap/9/K8/QU7VHRP916QK5VGD112EIN.uasset" 7474
"../../../../../../Users/win11/Documents/GitHub/the-last-check-in/Content/__ExternalActors__/lukeWork/FirstPerson/Maps/FirstPersonMap/9/K9/7WJP88PKIA27BPH3LL8S2A.uasset" 7475
"../../../../../../Users/win11/Documents/GitHub/the-last-check-in/Content/__ExternalActors__/lukeWork/FirstPerson/Maps/FirstPersonMap/9/R5/XL546BD1CO1JNV1ACJH3EG.uasset" 7476
"../../../../../../Users/win11/Documents/GitHub/the-last-check-in/Content/__ExternalActors__/lukeWork/FirstPerson/Maps/FirstPersonMap/9/VJ/PDQWV7824CNIDPXO7A3V5C.uasset" 7477
"../../../../../../Users/win11/Documents/GitHub/the-last-check-in/Content/__ExternalActors__/lukeWork/FirstPerson/Maps/FirstPersonMap/9/WG/3D50OAWHDYCGX2I9XQIDX7.uasset" 7478
"../../../../../../Users/win11/Documents/GitHub/the-last-check-in/Content/__ExternalActors__/lukeWork/FirstPerson/Maps/FirstPersonMap/9/WZ/KBYDY1E52YCLXEH1JSHT9H.uasset" 7479
"../../../../../../Users/win11/Documents/GitHub/the-last-check-in/Content/__ExternalActors__/lukeWork/FirstPerson/Maps/FirstPersonMap/9/XA/N503EMPLPH9P7BR5HV08GQ.uasset" 7480
"../../../../../../Users/win11/Documents/GitHub/the-last-check-in/Content/__ExternalActors__/lukeWork/FirstPerson/Maps/FirstPersonMap/A/02/8X0OAZKMWAAFKGUYULCFLL.uasset" 7481
"../../../../../../Users/win11/Documents/GitHub/the-last-check-in/Content/__ExternalActors__/lukeWork/FirstPerson/Maps/FirstPersonMap/A/0G/1TS8TMBHPZTPSZZE022IWS.uasset" 7482
"../../../../../../Users/win11/Documents/GitHub/the-last-check-in/Content/__ExternalActors__/lukeWork/FirstPerson/Maps/FirstPersonMap/A/1R/SPY353W6C2ZFYV2RMXM1BS.uasset" 7483
"../../../../../../Users/win11/Documents/GitHub/the-last-check-in/Content/__ExternalActors__/lukeWork/FirstPerson/Maps/FirstPersonMap/A/2H/FIYL0OT44DUJ36L3Q97XJB.uasset" 7484
"../../../../../../Users/win11/Documents/GitHub/the-last-check-in/Content/__ExternalActors__/lukeWork/FirstPerson/Maps/FirstPersonMap/A/2S/VH14VXLUQXBJ9DJYALOQOL.uasset" 7485
"../../../../../../Users/win11/Documents/GitHub/the-last-check-in/Content/__ExternalActors__/lukeWork/FirstPerson/Maps/FirstPersonMap/A/2W/W99LX1QPTQ8O4TQ7R71QAW.uasset" 7486
"../../../../../../Users/win11/Documents/GitHub/the-last-check-in/Content/__ExternalActors__/lukeWork/FirstPerson/Maps/FirstPersonMap/A/3Z/O7XDP8M4KES6W5ZB7I4NU4.uasset" 7487
"../../../../../../Users/win11/Documents/GitHub/the-last-check-in/Content/__ExternalActors__/lukeWork/FirstPerson/Maps/FirstPersonMap/A/45/1YNJSIOWXXHRZU6NC737RG.uasset" 7488
"../../../../../../Users/win11/Documents/GitHub/the-last-check-in/Content/__ExternalActors__/lukeWork/FirstPerson/Maps/FirstPersonMap/A/5Y/FP8XVMH173THIOXJBHIAGW.uasset" 7489
"../../../../../../Users/win11/Documents/GitHub/the-last-check-in/Content/__ExternalActors__/lukeWork/FirstPerson/Maps/FirstPersonMap/A/6S/6ZK077Q2L6SKS2U1G18CJ9.uasset" 7490
"../../../../../../Users/win11/Documents/GitHub/the-last-check-in/Content/__ExternalActors__/lukeWork/FirstPerson/Maps/FirstPersonMap/A/6Y/G9Y6CFYB5Q8WSXF13PSUIK.uasset" 7491
"../../../../../../Users/win11/Documents/GitHub/the-last-check-in/Content/__ExternalActors__/lukeWork/FirstPerson/Maps/FirstPersonMap/A/70/T5XMP7D88PSXHWLWDK33SM.uasset" 7492
"../../../../../../Users/win11/Documents/GitHub/the-last-check-in/Content/__ExternalActors__/lukeWork/FirstPerson/Maps/FirstPersonMap/A/7H/CJUO80SW6EMOLG9JX3ZSKQ.uasset" 7493
"../../../../../../Users/win11/Documents/GitHub/the-last-check-in/Content/__ExternalActors__/lukeWork/FirstPerson/Maps/FirstPersonMap/A/8Y/BE7YO85C3B02ZGO2KUJCT5.uasset" 7494
"../../../../../../Users/win11/Documents/GitHub/the-last-check-in/Content/__ExternalActors__/lukeWork/FirstPerson/Maps/FirstPersonMap/A/9O/JKSJOHHYQUGU58IXKP32NJ.uasset" 7495
"../../../../../../Users/win11/Documents/GitHub/the-last-check-in/Content/__ExternalActors__/lukeWork/FirstPerson/Maps/FirstPersonMap/A/B1/ISG6MFM03U4PH7U3BZS8PD.uasset" 7496
"../../../../../../Users/win11/Documents/GitHub/the-last-check-in/Content/__ExternalActors__/lukeWork/FirstPerson/Maps/FirstPersonMap/A/B9/T6A59P4WXWBRG3HS25FNHU.uasset" 7497
"../../../../../../Users/win11/Documents/GitHub/the-last-check-in/Content/__ExternalActors__/lukeWork/FirstPerson/Maps/FirstPersonMap/A/BH/HLNEH05NCXIGQ8VKBR3HAZ.uasset" 7498
"../../../../../../Users/win11/Documents/GitHub/the-last-check-in/Content/__ExternalActors__/lukeWork/FirstPerson/Maps/FirstPersonMap/A/FP/IPWPZW9ZT0ERNK1PTJJGQD.uasset" 7499
"../../../../../../Users/win11/Documents/GitHub/the-last-check-in/Content/__ExternalActors__/lukeWork/FirstPerson/Maps/FirstPersonMap/A/GC/9CL4VGL7S7PUMUW2WBO1XC.uasset" 7500
"../../../../../../Users/win11/Documents/GitHub/the-last-check-in/Content/__ExternalActors__/lukeWork/FirstPerson/Maps/FirstPersonMap/A/H2/2MINLJD2PN90Q4FQXCKVS2.uasset" 7501
"../../../../../../Users/win11/Documents/GitHub/the-last-check-in/Content/__ExternalActors__/lukeWork/FirstPerson/Maps/FirstPersonMap/A/IA/OSS7W6M5QQ1UWF4HQ008DM.uasset" 7502
"../../../../../../Users/win11/Documents/GitHub/the-last-check-in/Content/__ExternalActors__/lukeWork/FirstPerson/Maps/FirstPersonMap/A/JF/6WXKS0G8K4V9E8U1L4QUDR.uasset" 7503
"../../../../../../Users/win11/Documents/GitHub/the-last-check-in/Content/__ExternalActors__/lukeWork/FirstPerson/Maps/FirstPersonMap/A/JF/PU1KBMHV47E83W9VXGLXQU.uasset" 7504
"../../../../../../Users/win11/Documents/GitHub/the-last-check-in/Content/__ExternalActors__/lukeWork/FirstPerson/Maps/FirstPersonMap/A/K1/21JUDLA32C78QTTCFP42Y1.uasset" 7505
"../../../../../../Users/win11/Documents/GitHub/the-last-check-in/Content/__ExternalActors__/lukeWork/FirstPerson/Maps/FirstPersonMap/A/KH/WV101BCRGET8SZJZBMK0PJ.uasset" 7506
"../../../../../../Users/win11/Documents/GitHub/the-last-check-in/Content/__ExternalActors__/lukeWork/FirstPerson/Maps/FirstPersonMap/A/KI/ZHL1P2IDIV4W1THSQ1XUKI.uasset" 7507
"../../../../../../Users/win11/Documents/GitHub/the-last-check-in/Content/__ExternalActors__/lukeWork/FirstPerson/Maps/FirstPersonMap/A/KN/MYRB8EZ4G4YDWWKSKXRQBK.uasset" 7508
"../../../../../../Users/win11/Documents/GitHub/the-last-check-in/Content/__ExternalActors__/lukeWork/FirstPerson/Maps/FirstPersonMap/A/KW/JQFU9829GL8VT4U2J8I20M.uasset" 7509
"../../../../../../Users/win11/Documents/GitHub/the-last-check-in/Content/__ExternalActors__/lukeWork/FirstPerson/Maps/FirstPersonMap/A/LE/5SG26PF6X5K24K2WFB1INX.uasset" 7510
"../../../../../../Users/win11/Documents/GitHub/the-last-check-in/Content/__ExternalActors__/lukeWork/FirstPerson/Maps/FirstPersonMap/A/PT/0O9JPLL9DIOR9EJ5X4TCWK.uasset" 7511
"../../../../../../Users/win11/Documents/GitHub/the-last-check-in/Content/__ExternalActors__/lukeWork/FirstPerson/Maps/FirstPersonMap/A/RM/ZUOB00JGPNHVX8TYCOSGLR.uasset" 7512
"../../../../../../Users/win11/Documents/GitHub/the-last-check-in/Content/__ExternalActors__/lukeWork/FirstPerson/Maps/FirstPersonMap/A/SF/0YQ609YHCSFFA3SIEY6RMG.uasset" 7513
"../../../../../../Users/win11/Documents/GitHub/the-last-check-in/Content/__ExternalActors__/lukeWork/FirstPerson/Maps/FirstPersonMap/A/T2/KLNVPKCF5BCP90YB68UBI0.uasset" 7514
"../../../../../../Users/win11/Documents/GitHub/the-last-check-in/Content/__ExternalActors__/lukeWork/FirstPerson/Maps/FirstPersonMap/A/T4/P7BIZPPI3ONCTQHW5M2KH6.uasset" 7515
"../../../../../../Users/win11/Documents/GitHub/the-last-check-in/Content/__ExternalActors__/lukeWork/FirstPerson/Maps/FirstPersonMap/A/TO/QVAJOB84CSGL0F4KOECIWI.uasset" 7516
"../../../../../../Users/win11/Documents/GitHub/the-last-check-in/Content/__ExternalActors__/lukeWork/FirstPerson/Maps/FirstPersonMap/A/W4/NP8FLFL1NNB9JVHM9MBGUQ.uasset" 7517
"../../../../../../Users/win11/Documents/GitHub/the-last-check-in/Content/__ExternalActors__/lukeWork/FirstPerson/Maps/FirstPersonMap/A/YF/9KLHGP54I2FENG5QSNAOBL.uasset" 7518
"../../../../../../Users/win11/Documents/GitHub/the-last-check-in/Content/__ExternalActors__/lukeWork/FirstPerson/Maps/FirstPersonMap/A/YM/YUXMBAZ99G8PJJ55XXY203.uasset" 7519
"../../../../../../Users/win11/Documents/GitHub/the-last-check-in/Content/__ExternalActors__/lukeWork/FirstPerson/Maps/FirstPersonMap/A/ZB/5VIOE80AQ1P18YROIDEZV0.uasset" 7520
"../../../../../../Users/win11/Documents/GitHub/the-last-check-in/Content/__ExternalActors__/lukeWork/FirstPerson/Maps/FirstPersonMap/B/0J/9JTA6FEWEAOF1SEPU325WG.uasset" 7521
"../../../../../../Users/win11/Documents/GitHub/the-last-check-in/Content/__ExternalActors__/lukeWork/FirstPerson/Maps/FirstPersonMap/B/2Y/PHC592FUVUWA9C6E7MN2HX.uasset" 7522
"../../../../../../Users/win11/Documents/GitHub/the-last-check-in/Content/__ExternalActors__/lukeWork/FirstPerson/Maps/FirstPersonMap/B/34/OYJ2QTY3YIGT06F0E5UIHK.uasset" 7523
"../../../../../../Users/win11/Documents/GitHub/the-last-check-in/Content/__ExternalActors__/lukeWork/FirstPerson/Maps/FirstPersonMap/B/3Y/AQLLTEL0SS69QDS9NS0IK0.uasset" 7524
"../../../../../../Users/win11/Documents/GitHub/the-last-check-in/Content/__ExternalActors__/lukeWork/FirstPerson/Maps/FirstPersonMap/B/4W/CQQ6XE6LTQZI9QVL798H4S.uasset" 7525
"../../../../../../Users/win11/Documents/GitHub/the-last-check-in/Content/__ExternalActors__/lukeWork/FirstPerson/Maps/FirstPersonMap/B/5I/TQVHO1OBN1OS0Z8QMKNRRZ.uasset" 7526
"../../../../../../Users/win11/Documents/GitHub/the-last-check-in/Content/__ExternalActors__/lukeWork/FirstPerson/Maps/FirstPersonMap/B/76/GHIGO8PT8BYM4QMC6BA05L.uasset" 7527
"../../../../../../Users/win11/Documents/GitHub/the-last-check-in/Content/__ExternalActors__/lukeWork/FirstPerson/Maps/FirstPersonMap/B/AD/1WC60RLOC7B53Q40RGBFL5.uasset" 7528
"../../../../../../Users/win11/Documents/GitHub/the-last-check-in/Content/__ExternalActors__/lukeWork/FirstPerson/Maps/FirstPersonMap/B/B5/ARZTR2854HF0RH0AEUJLIK.uasset" 7529
"../../../../../../Users/win11/Documents/GitHub/the-last-check-in/Content/__ExternalActors__/lukeWork/FirstPerson/Maps/FirstPersonMap/B/DW/SZ2NRCPAUNLPS41ESUMVNO.uasset" 7530
"../../../../../../Users/win11/Documents/GitHub/the-last-check-in/Content/__ExternalActors__/lukeWork/FirstPerson/Maps/FirstPersonMap/B/EL/UJ7NRHM5WBZFMBQ4U84CES.uasset" 7531
"../../../../../../Users/win11/Documents/GitHub/the-last-check-in/Content/__ExternalActors__/lukeWork/FirstPerson/Maps/FirstPersonMap/B/FL/PZGAKOAO02OAYQ57F62PRF.uasset" 7532
"../../../../../../Users/win11/Documents/GitHub/the-last-check-in/Content/__ExternalActors__/lukeWork/FirstPerson/Maps/FirstPersonMap/B/JI/4FI7SE0K14NRSC827OTDOL.uasset" 7533
"../../../../../../Users/win11/Documents/GitHub/the-last-check-in/Content/__ExternalActors__/lukeWork/FirstPerson/Maps/FirstPersonMap/B/KL/FVVNRKRM56ILNIUTOICJNL.uasset" 7534
"../../../../../../Users/win11/Documents/GitHub/the-last-check-in/Content/__ExternalActors__/lukeWork/FirstPerson/Maps/FirstPersonMap/B/L2/9XGYULZQK1EG610M8NXMVA.uasset" 7535
"../../../../../../Users/win11/Documents/GitHub/the-last-check-in/Content/__ExternalActors__/lukeWork/FirstPerson/Maps/FirstPersonMap/B/LF/IGWTY4C8E8IB8TQ4CDQNYS.uasset" 7536
"../../../../../../Users/win11/Documents/GitHub/the-last-check-in/Content/__ExternalActors__/lukeWork/FirstPerson/Maps/FirstPersonMap/B/LR/QXA6ANL7GTD10OD3RCCZRP.uasset" 7537
"../../../../../../Users/win11/Documents/GitHub/the-last-check-in/Content/__ExternalActors__/lukeWork/FirstPerson/Maps/FirstPersonMap/B/MX/ISJBDZREGZ9WENG4QE7EYA.uasset" 7538
"../../../../../../Users/win11/Documents/GitHub/the-last-check-in/Content/__ExternalActors__/lukeWork/FirstPerson/Maps/FirstPersonMap/B/R2/MS1TND0BWL0KK4O3V0PW0T.uasset" 7539
"../../../../../../Users/win11/Documents/GitHub/the-last-check-in/Content/__ExternalActors__/lukeWork/FirstPerson/Maps/FirstPersonMap/B/TE/G4HIO7GETOIDL9WTW9V5BN.uasset" 7540
"../../../../../../Users/win11/Documents/GitHub/the-last-check-in/Content/__ExternalActors__/lukeWork/FirstPerson/Maps/FirstPersonMap/B/TJ/YMJ6YD5SDZXK47QU6NZQT7.uasset" 7541
"../../../../../../Users/win11/Documents/GitHub/the-last-check-in/Content/__ExternalActors__/lukeWork/FirstPerson/Maps/FirstPersonMap/B/UE/855ZIB4TBPZ509VBC1AX79.uasset" 7542
"../../../../../../Users/win11/Documents/GitHub/the-last-check-in/Content/__ExternalActors__/lukeWork/FirstPerson/Maps/FirstPersonMap/B/WD/D8WZQV7ZRCPM2SVNR4AQR6.uasset" 7543
"../../../../../../Users/win11/Documents/GitHub/the-last-check-in/Content/__ExternalActors__/lukeWork/FirstPerson/Maps/FirstPersonMap/C/4Q/1C9FKC8WUNLCD6D76I5OW2.uasset" 7544
"../../../../../../Users/win11/Documents/GitHub/the-last-check-in/Content/__ExternalActors__/lukeWork/FirstPerson/Maps/FirstPersonMap/C/6G/3KH53DNUYTJRNPZE559O8G.uasset" 7545
"../../../../../../Users/win11/Documents/GitHub/the-last-check-in/Content/__ExternalActors__/lukeWork/FirstPerson/Maps/FirstPersonMap/C/6T/M68DLD5QCQ6UHOEFW52YMU.uasset" 7546
"../../../../../../Users/win11/Documents/GitHub/the-last-check-in/Content/__ExternalActors__/lukeWork/FirstPerson/Maps/FirstPersonMap/C/8F/OGXMME75PSE62Z8SRUNZLD.uasset" 7547
"../../../../../../Users/win11/Documents/GitHub/the-last-check-in/Content/__ExternalActors__/lukeWork/FirstPerson/Maps/FirstPersonMap/C/AM/X1HTBMG6XWO5GGGA344VG6.uasset" 7548
"../../../../../../Users/win11/Documents/GitHub/the-last-check-in/Content/__ExternalActors__/lukeWork/FirstPerson/Maps/FirstPersonMap/C/B5/5MBA076BBYZ2VSKSWFLNB3.uasset" 7549
"../../../../../../Users/win11/Documents/GitHub/the-last-check-in/Content/__ExternalActors__/lukeWork/FirstPerson/Maps/FirstPersonMap/C/BJ/R2EHGLXV526XW3WV4X2JTV.uasset" 7550
"../../../../../../Users/win11/Documents/GitHub/the-last-check-in/Content/__ExternalActors__/lukeWork/FirstPerson/Maps/FirstPersonMap/C/CO/XA1S6UYKT9BTGA5HGIL5IQ.uasset" 7551
"../../../../../../Users/win11/Documents/GitHub/the-last-check-in/Content/__ExternalActors__/lukeWork/FirstPerson/Maps/FirstPersonMap/C/DZ/0G4TX6MA25Y3ZVGQSD335T.uasset" 7552
"../../../../../../Users/win11/Documents/GitHub/the-last-check-in/Content/__ExternalActors__/lukeWork/FirstPerson/Maps/FirstPersonMap/C/G5/YQY7J0S9EMAKWEMXNBWILO.uasset" 7553
"../../../../../../Users/win11/Documents/GitHub/the-last-check-in/Content/__ExternalActors__/lukeWork/FirstPerson/Maps/FirstPersonMap/C/H1/A5VY8O7BUOYH5DS1HGD8S9.uasset" 7554
"../../../../../../Users/win11/Documents/GitHub/the-last-check-in/Content/__ExternalActors__/lukeWork/FirstPerson/Maps/FirstPersonMap/C/J9/4B86133WZRPNJOJ5R134RB.uasset" 7555
"../../../../../../Users/win11/Documents/GitHub/the-last-check-in/Content/__ExternalActors__/lukeWork/FirstPerson/Maps/FirstPersonMap/C/K7/1X6ICNEI0USBZ7VFM56LK6.uasset" 7556
"../../../../../../Users/win11/Documents/GitHub/the-last-check-in/Content/__ExternalActors__/lukeWork/FirstPerson/Maps/FirstPersonMap/C/L0/J5SUA2NLM330AOOP2BYESQ.uasset" 7557
"../../../../../../Users/win11/Documents/GitHub/the-last-check-in/Content/__ExternalActors__/lukeWork/FirstPerson/Maps/FirstPersonMap/C/MR/FL2ZHXHUHV0PT44RQBTSJS.uasset" 7558
"../../../../../../Users/win11/Documents/GitHub/the-last-check-in/Content/__ExternalActors__/lukeWork/FirstPerson/Maps/FirstPersonMap/C/MS/QWA3YOTWYZHSPIGB3NJDCI.uasset" 7559
"../../../../../../Users/win11/Documents/GitHub/the-last-check-in/Content/__ExternalActors__/lukeWork/FirstPerson/Maps/FirstPersonMap/C/NR/KXSESJVEUO265PTLB93I8Z.uasset" 7560
"../../../../../../Users/win11/Documents/GitHub/the-last-check-in/Content/__ExternalActors__/lukeWork/FirstPerson/Maps/FirstPersonMap/C/O9/Z59781QPTS5VDJM2HHQJGR.uasset" 7561
"../../../../../../Users/win11/Documents/GitHub/the-last-check-in/Content/__ExternalActors__/lukeWork/FirstPerson/Maps/FirstPersonMap/C/P6/CM5396QFY2AQXT5JSN2VXE.uasset" 7562
"../../../../../../Users/win11/Documents/GitHub/the-last-check-in/Content/__ExternalActors__/lukeWork/FirstPerson/Maps/FirstPersonMap/C/P8/A2TE3FBTBOBE5Z0R3B3OBP.uasset" 7563
"../../../../../../Users/win11/Documents/GitHub/the-last-check-in/Content/__ExternalActors__/lukeWork/FirstPerson/Maps/FirstPersonMap/C/P9/5O7RCITVS1V9MFZDCKY0UZ.uasset" 7564
"../../../../../../Users/win11/Documents/GitHub/the-last-check-in/Content/__ExternalActors__/lukeWork/FirstPerson/Maps/FirstPersonMap/C/RN/38IQ2NX82KFI8HQKD7HLN6.uasset" 7565
"../../../../../../Users/win11/Documents/GitHub/the-last-check-in/Content/__ExternalActors__/lukeWork/FirstPerson/Maps/FirstPersonMap/C/SV/XJUBABWHYH6UNNRLMLZ4H1.uasset" 7566
"../../../../../../Users/win11/Documents/GitHub/the-last-check-in/Content/__ExternalActors__/lukeWork/FirstPerson/Maps/FirstPersonMap/C/SY/IGU5CGUVP2TOBG0G4EIIM5.uasset" 7567
"../../../../../../Users/win11/Documents/GitHub/the-last-check-in/Content/__ExternalActors__/lukeWork/FirstPerson/Maps/FirstPersonMap/C/TT/LGL5BARRJ897OMUFAQ62R1.uasset" 7568
"../../../../../../Users/win11/Documents/GitHub/the-last-check-in/Content/__ExternalActors__/lukeWork/FirstPerson/Maps/FirstPersonMap/C/V1/9E48RIHOQXQEWW73YQAKXB.uasset" 7569
"../../../../../../Users/win11/Documents/GitHub/the-last-check-in/Content/__ExternalActors__/lukeWork/FirstPerson/Maps/FirstPersonMap/C/XU/ST082Q68MHZO86IA3DK9AT.uasset" 7570
"../../../../../../Users/win11/Documents/GitHub/the-last-check-in/Content/__ExternalActors__/lukeWork/FirstPerson/Maps/FirstPersonMap/C/Y2/F85J3X4YU258VOP31U9YMX.uasset" 7571
"../../../../../../Users/win11/Documents/GitHub/the-last-check-in/Content/__ExternalActors__/lukeWork/FirstPerson/Maps/FirstPersonMap/D/1K/T4F3VTV0GHS42DSMJ0KDVQ.uasset" 7572
"../../../../../../Users/win11/Documents/GitHub/the-last-check-in/Content/__ExternalActors__/lukeWork/FirstPerson/Maps/FirstPersonMap/D/1T/WZPNKRESUT5DQIRBZA8VND.uasset" 7573
"../../../../../../Users/win11/Documents/GitHub/the-last-check-in/Content/__ExternalActors__/lukeWork/FirstPerson/Maps/FirstPersonMap/D/2Q/PLVBOWN6KBZ3FUQJJYZVJN.uasset" 7574
"../../../../../../Users/win11/Documents/GitHub/the-last-check-in/Content/__ExternalActors__/lukeWork/FirstPerson/Maps/FirstPersonMap/D/34/FDSJIKPT7OI979YXSJJBVV.uasset" 7575
"../../../../../../Users/win11/Documents/GitHub/the-last-check-in/Content/__ExternalActors__/lukeWork/FirstPerson/Maps/FirstPersonMap/D/48/BLRPSTIASDMTQC9LG4827C.uasset" 7576
"../../../../../../Users/win11/Documents/GitHub/the-last-check-in/Content/__ExternalActors__/lukeWork/FirstPerson/Maps/FirstPersonMap/D/6P/CKQT40TSVIXM7UB5NLEAHO.uasset" 7577
"../../../../../../Users/win11/Documents/GitHub/the-last-check-in/Content/__ExternalActors__/lukeWork/FirstPerson/Maps/FirstPersonMap/D/7H/IC87JHDV6N3QU4FGHFWQ1L.uasset" 7578
"../../../../../../Users/win11/Documents/GitHub/the-last-check-in/Content/__ExternalActors__/lukeWork/FirstPerson/Maps/FirstPersonMap/D/AR/N091U79L04QB3OXZ3H8W6Y.uasset" 7579
"../../../../../../Users/win11/Documents/GitHub/the-last-check-in/Content/__ExternalActors__/lukeWork/FirstPerson/Maps/FirstPersonMap/D/D6/Q8UKKA2EIOHQFPA1NJHPK1.uasset" 7580
"../../../../../../Users/win11/Documents/GitHub/the-last-check-in/Content/__ExternalActors__/lukeWork/FirstPerson/Maps/FirstPersonMap/D/D8/3ABFE630D6WC3HBCWM5NXA.uasset" 7581
"../../../../../../Users/win11/Documents/GitHub/the-last-check-in/Content/__ExternalActors__/lukeWork/FirstPerson/Maps/FirstPersonMap/D/DK/NLAX0OD8BTA7VEYLRYZ0UD.uasset" 7582
"../../../../../../Users/win11/Documents/GitHub/the-last-check-in/Content/__ExternalActors__/lukeWork/FirstPerson/Maps/FirstPersonMap/D/EU/PWUU2JBAOL1OP5TOJQFCFR.uasset" 7583
"../../../../../../Users/win11/Documents/GitHub/the-last-check-in/Content/__ExternalActors__/lukeWork/FirstPerson/Maps/FirstPersonMap/D/HJ/Y35VC3L61EGBSS09JQOUPM.uasset" 7584
"../../../../../../Users/win11/Documents/GitHub/the-last-check-in/Content/__ExternalActors__/lukeWork/FirstPerson/Maps/FirstPersonMap/D/IF/Z9DPT29T9O9WZORPS9P0T5.uasset" 7585
"../../../../../../Users/win11/Documents/GitHub/the-last-check-in/Content/__ExternalActors__/lukeWork/FirstPerson/Maps/FirstPersonMap/D/KP/QIJMDI8RVSI1GAQY9IMD7C.uasset" 7586
"../../../../../../Users/win11/Documents/GitHub/the-last-check-in/Content/__ExternalActors__/lukeWork/FirstPerson/Maps/FirstPersonMap/D/L2/F4U3QNINVJF302FSOL6CZK.uasset" 7587
"../../../../../../Users/win11/Documents/GitHub/the-last-check-in/Content/__ExternalActors__/lukeWork/FirstPerson/Maps/FirstPersonMap/D/L7/7AL8SMIX5GP8YFOP61T1V2.uasset" 7588
"../../../../../../Users/win11/Documents/GitHub/the-last-check-in/Content/__ExternalActors__/lukeWork/FirstPerson/Maps/FirstPersonMap/D/O6/04K9QILKP90CMP2MD39LBZ.uasset" 7589
"../../../../../../Users/win11/Documents/GitHub/the-last-check-in/Content/__ExternalActors__/lukeWork/FirstPerson/Maps/FirstPersonMap/D/QB/EMPZCWU926RS86429YSETY.uasset" 7590
"../../../../../../Users/win11/Documents/GitHub/the-last-check-in/Content/__ExternalActors__/lukeWork/FirstPerson/Maps/FirstPersonMap/D/R1/2R1XLB0JD57O483U8HO8J1.uasset" 7591
"../../../../../../Users/win11/Documents/GitHub/the-last-check-in/Content/__ExternalActors__/lukeWork/FirstPerson/Maps/FirstPersonMap/D/S2/9AT0TJ6OKG86IECA7I7ZOS.uasset" 7592
"../../../../../../Users/win11/Documents/GitHub/the-last-check-in/Content/__ExternalActors__/lukeWork/FirstPerson/Maps/FirstPersonMap/D/SN/Y64ZGMOSUZO6YFXF6O7AN0.uasset" 7593
"../../../../../../Users/win11/Documents/GitHub/the-last-check-in/Content/__ExternalActors__/lukeWork/FirstPerson/Maps/FirstPersonMap/D/T4/D5LITR8JJHJJXANJXVCELL.uasset" 7594
"../../../../../../Users/win11/Documents/GitHub/the-last-check-in/Content/__ExternalActors__/lukeWork/FirstPerson/Maps/FirstPersonMap/D/UO/N8SFH714TGYF65YBN1555L.uasset" 7595
"../../../../../../Users/win11/Documents/GitHub/the-last-check-in/Content/__ExternalActors__/lukeWork/FirstPerson/Maps/FirstPersonMap/D/VJ/PTSUBAH03J1QAAY9ZLNM3A.uasset" 7596
"../../../../../../Users/win11/Documents/GitHub/the-last-check-in/Content/__ExternalActors__/lukeWork/FirstPerson/Maps/FirstPersonMap/D/VL/CBXX8BONSWW0DA675S9GVV.uasset" 7597
"../../../../../../Users/win11/Documents/GitHub/the-last-check-in/Content/__ExternalActors__/lukeWork/FirstPerson/Maps/FirstPersonMap/D/VU/V3WHDM7XGBMD32PB87YYLE.uasset" 7598
"../../../../../../Users/win11/Documents/GitHub/the-last-check-in/Content/__ExternalActors__/lukeWork/FirstPerson/Maps/FirstPersonMap/E/1H/V230T2ZAA2CXCLJSZ5AYOQ.uasset" 7599
"../../../../../../Users/win11/Documents/GitHub/the-last-check-in/Content/__ExternalActors__/lukeWork/FirstPerson/Maps/FirstPersonMap/E/2T/1BCW5CGI2ADCIRJEPLIKZG.uasset" 7600
"../../../../../../Users/win11/Documents/GitHub/the-last-check-in/Content/__ExternalActors__/lukeWork/FirstPerson/Maps/FirstPersonMap/E/4Y/DZUJLTZO3SAEMGJO6IDNT0.uasset" 7601
"../../../../../../Users/win11/Documents/GitHub/the-last-check-in/Content/__ExternalActors__/lukeWork/FirstPerson/Maps/FirstPersonMap/E/5C/FA5BRPFLCI3VC3GOLUD283.uasset" 7602
"../../../../../../Users/win11/Documents/GitHub/the-last-check-in/Content/__ExternalActors__/lukeWork/FirstPerson/Maps/FirstPersonMap/E/5K/0VPYKXDV34VPLI5SKPJXY4.uasset" 7603
"../../../../../../Users/win11/Documents/GitHub/the-last-check-in/Content/__ExternalActors__/lukeWork/FirstPerson/Maps/FirstPersonMap/E/7T/2QTJQW82PU3Y6TX0ZZD05V.uasset" 7604
"../../../../../../Users/win11/Documents/GitHub/the-last-check-in/Content/__ExternalActors__/lukeWork/FirstPerson/Maps/FirstPersonMap/E/7T/7SHJDM4CAZ45IE2W9RUZG0.uasset" 7605
"../../../../../../Users/win11/Documents/GitHub/the-last-check-in/Content/__ExternalActors__/lukeWork/FirstPerson/Maps/FirstPersonMap/E/81/0SM6HJ2PHD3EZB23DJOJ92.uasset" 7606
"../../../../../../Users/win11/Documents/GitHub/the-last-check-in/Content/__ExternalActors__/lukeWork/FirstPerson/Maps/FirstPersonMap/E/82/4G0I3SF6KESC16XUAJ0X75.uasset" 7607
"../../../../../../Users/win11/Documents/GitHub/the-last-check-in/Content/__ExternalActors__/lukeWork/FirstPerson/Maps/FirstPersonMap/E/8W/UZEFUY805LAGKMKIH4NUDE.uasset" 7608
"../../../../../../Users/win11/Documents/GitHub/the-last-check-in/Content/__ExternalActors__/lukeWork/FirstPerson/Maps/FirstPersonMap/E/8Z/2JB4V253R9WB3JGCL9V587.uasset" 7609
"../../../../../../Users/win11/Documents/GitHub/the-last-check-in/Content/__ExternalActors__/lukeWork/FirstPerson/Maps/FirstPersonMap/E/AO/O9J31NPF902D39OXKWDWO4.uasset" 7610
"../../../../../../Users/win11/Documents/GitHub/the-last-check-in/Content/__ExternalActors__/lukeWork/FirstPerson/Maps/FirstPersonMap/E/D5/4XA3SOXFCMLNBORTAFTMZM.uasset" 7611
"../../../../../../Users/win11/Documents/GitHub/the-last-check-in/Content/__ExternalActors__/lukeWork/FirstPerson/Maps/FirstPersonMap/E/DC/NJ5870SCAMCLVVC7D38HJR.uasset" 7612
"../../../../../../Users/win11/Documents/GitHub/the-last-check-in/Content/__ExternalActors__/lukeWork/FirstPerson/Maps/FirstPersonMap/E/EK/R6Y40T4E29QBZ4AE6F0D3X.uasset" 7613
"../../../../../../Users/win11/Documents/GitHub/the-last-check-in/Content/__ExternalActors__/lukeWork/FirstPerson/Maps/FirstPersonMap/E/HB/1KPRS3WOTHDM227QNXANYH.uasset" 7614
"../../../../../../Users/win11/Documents/GitHub/the-last-check-in/Content/__ExternalActors__/lukeWork/FirstPerson/Maps/FirstPersonMap/E/HK/T5PLUY8L0FTSUBNK9YQYVK.uasset" 7615
"../../../../../../Users/win11/Documents/GitHub/the-last-check-in/Content/__ExternalActors__/lukeWork/FirstPerson/Maps/FirstPersonMap/E/HL/C78W7WYZLAASZIK4FM6R6Y.uasset" 7616
"../../../../../../Users/win11/Documents/GitHub/the-last-check-in/Content/__ExternalActors__/lukeWork/FirstPerson/Maps/FirstPersonMap/E/HR/9HN52SE5OLWJNN1TKEUCNO.uasset" 7617
"../../../../../../Users/win11/Documents/GitHub/the-last-check-in/Content/__ExternalActors__/lukeWork/FirstPerson/Maps/FirstPersonMap/E/J2/XTPZLH11CWYJNKO9BHZP0O.uasset" 7618
"../../../../../../Users/win11/Documents/GitHub/the-last-check-in/Content/__ExternalActors__/lukeWork/FirstPerson/Maps/FirstPersonMap/E/JE/25T90Y3KARBI488ECMN825.uasset" 7619
"../../../../../../Users/win11/Documents/GitHub/the-last-check-in/Content/__ExternalActors__/lukeWork/FirstPerson/Maps/FirstPersonMap/E/KF/QHGI7YFLZUEZ8GZVCLV7DY.uasset" 7620
"../../../../../../Users/win11/Documents/GitHub/the-last-check-in/Content/__ExternalActors__/lukeWork/FirstPerson/Maps/FirstPersonMap/E/MR/XVIX6BTLM3EWZU9N5159N6.uasset" 7621
"../../../../../../Users/win11/Documents/GitHub/the-last-check-in/Content/__ExternalActors__/lukeWork/FirstPerson/Maps/FirstPersonMap/E/N6/PJTW9THIDWYCGETS9PBGML.uasset" 7622
"../../../../../../Users/win11/Documents/GitHub/the-last-check-in/Content/__ExternalActors__/lukeWork/FirstPerson/Maps/FirstPersonMap/E/OB/WQR2NJ2OEVCMQKB1ULS0RI.uasset" 7623
"../../../../../../Users/win11/Documents/GitHub/the-last-check-in/Content/__ExternalActors__/lukeWork/FirstPerson/Maps/FirstPersonMap/E/ON/SS3ZD0YAALDKIMICE9JGRQ.uasset" 7624
"../../../../../../Users/win11/Documents/GitHub/the-last-check-in/Content/__ExternalActors__/lukeWork/FirstPerson/Maps/FirstPersonMap/E/OZ/G60P2J1Z4I476YI4JCXQGI.uasset" 7625
"../../../../../../Users/win11/Documents/GitHub/the-last-check-in/Content/__ExternalActors__/lukeWork/FirstPerson/Maps/FirstPersonMap/E/P6/SMDSU5R72RBY3ZVEJF9L98.uasset" 7626
"../../../../../../Users/win11/Documents/GitHub/the-last-check-in/Content/__ExternalActors__/lukeWork/FirstPerson/Maps/FirstPersonMap/E/PL/2GWB9W5GCTC358A0LNEJCT.uasset" 7627
"../../../../../../Users/win11/Documents/GitHub/the-last-check-in/Content/__ExternalActors__/lukeWork/FirstPerson/Maps/FirstPersonMap/E/SW/IGCY2QB4ICK6DVU2Q4JOP3.uasset" 7628
"../../../../../../Users/win11/Documents/GitHub/the-last-check-in/Content/__ExternalActors__/lukeWork/FirstPerson/Maps/FirstPersonMap/E/TA/YY5NN67N9X6NCRZ8SECAUB.uasset" 7629
"../../../../../../Users/win11/Documents/GitHub/the-last-check-in/Content/__ExternalActors__/lukeWork/FirstPerson/Maps/FirstPersonMap/E/TJ/HUR99WZC592JGN3LBSQBUY.uasset" 7630
"../../../../../../Users/win11/Documents/GitHub/the-last-check-in/Content/__ExternalActors__/lukeWork/FirstPerson/Maps/FirstPersonMap/E/UP/QZ7N0QANHXH55YE8MQ4XEM.uasset" 7631
"../../../../../../Users/win11/Documents/GitHub/the-last-check-in/Content/__ExternalActors__/lukeWork/FirstPerson/Maps/FirstPersonMap/E/VF/QFKWNBN7FPANYLVVRWOYQ4.uasset" 7632
"../../../../../../Users/win11/Documents/GitHub/the-last-check-in/Content/__ExternalActors__/lukeWork/FirstPerson/Maps/FirstPersonMap/E/W0/F2EREA5BGEJEHKH89YJYJI.uasset" 7633
"../../../../../../Users/win11/Documents/GitHub/the-last-check-in/Content/__ExternalActors__/lukeWork/FirstPerson/Maps/FirstPersonMap/E/XJ/2TIO6KWHM43FXEXB164EYW.uasset" 7634
"../../../../../../Users/win11/Documents/GitHub/the-last-check-in/Content/__ExternalActors__/lukeWork/FirstPerson/Maps/FirstPersonMap/F/0R/FCG32HUBOL27EKSY99TURW.uasset" 7635
"../../../../../../Users/win11/Documents/GitHub/the-last-check-in/Content/__ExternalActors__/lukeWork/FirstPerson/Maps/FirstPersonMap/F/0U/H0FDYUGRMFBOWAAK6UQWFO.uasset" 7636
"../../../../../../Users/win11/Documents/GitHub/the-last-check-in/Content/__ExternalActors__/lukeWork/FirstPerson/Maps/FirstPersonMap/F/3L/DTYS0MU0K2WC5KM913FZMN.uasset" 7637
"../../../../../../Users/win11/Documents/GitHub/the-last-check-in/Content/__ExternalActors__/lukeWork/FirstPerson/Maps/FirstPersonMap/F/54/CE60SVJK3Y3TVR55828IJW.uasset" 7638
"../../../../../../Users/win11/Documents/GitHub/the-last-check-in/Content/__ExternalActors__/lukeWork/FirstPerson/Maps/1stFloorDone/0/0D/2SYBFMYQG5MYPZ9UAGGM79.uasset" 7639
"../../../../../../Users/win11/Documents/GitHub/the-last-check-in/Content/__ExternalActors__/lukeWork/FirstPerson/Maps/1stFloorDone/0/0T/QURCLIXLPK9E4UUALUJKEM.uasset" 7640
"../../../../../../Users/win11/Documents/GitHub/the-last-check-in/Content/__ExternalActors__/lukeWork/FirstPerson/Maps/1stFloorDone/0/0Y/DUR1S9TD24D6AQKRYYTWPB.uasset" 7641
"../../../../../../Users/win11/Documents/GitHub/the-last-check-in/Content/__ExternalActors__/lukeWork/FirstPerson/Maps/1stFloorDone/0/1P/06RIV83TYXFXHJ1P12S6Q0.uasset" 7642
"../../../../../../Users/win11/Documents/GitHub/the-last-check-in/Content/__ExternalActors__/lukeWork/FirstPerson/Maps/1stFloorDone/0/2H/3YLNYUZRIS3YUD7RT0NSD1.uasset" 7643
"../../../../../../Users/win11/Documents/GitHub/the-last-check-in/Content/__ExternalActors__/lukeWork/FirstPerson/Maps/1stFloorDone/0/32/UXTWJ6X5KC2NJC7ULTO9Y5.uasset" 7644
"../../../../../../Users/win11/Documents/GitHub/the-last-check-in/Content/__ExternalActors__/lukeWork/FirstPerson/Maps/1stFloorDone/0/3E/RUXZYU11THKUK6L6U9IJGU.uasset" 7645
"../../../../../../Users/win11/Documents/GitHub/the-last-check-in/Content/__ExternalActors__/lukeWork/FirstPerson/Maps/1stFloorDone/0/45/Q8ZSQ8WIDDDPTW808FGYQ5.uasset" 7646
"../../../../../../Users/win11/Documents/GitHub/the-last-check-in/Content/__ExternalActors__/lukeWork/FirstPerson/Maps/1stFloorDone/0/5A/06VZWWQ0NTJWEKWHUODRHC.uasset" 7647
"../../../../../../Users/win11/Documents/GitHub/the-last-check-in/Content/__ExternalActors__/lukeWork/FirstPerson/Maps/1stFloorDone/0/5W/D5XCCX83B9RJYHZPFELMXW.uasset" 7648
"../../../../../../Users/win11/Documents/GitHub/the-last-check-in/Content/__ExternalActors__/lukeWork/FirstPerson/Maps/1stFloorDone/0/6G/9YTW09PYYTU1MZ3GQJEF9Y.uasset" 7649
"../../../../../../Users/win11/Documents/GitHub/the-last-check-in/Content/__ExternalActors__/lukeWork/FirstPerson/Maps/1stFloorDone/0/76/YE9UYKC07QYV9I3K7D7BG1.uasset" 7650
"../../../../../../Users/win11/Documents/GitHub/the-last-check-in/Content/__ExternalActors__/lukeWork/FirstPerson/Maps/1stFloorDone/0/77/1L3UT3BJWGIO964CCI2M50.uasset" 7651
"../../../../../../Users/win11/Documents/GitHub/the-last-check-in/Content/__ExternalActors__/lukeWork/FirstPerson/Maps/1stFloorDone/0/7M/AE0F9NZC9ALE7NPQR4AQZV.uasset" 7652
"../../../../../../Users/win11/Documents/GitHub/the-last-check-in/Content/__ExternalActors__/lukeWork/FirstPerson/Maps/1stFloorDone/0/9V/FYBPODGUYM5SE3FHE7M861.uasset" 7653
"../../../../../../Users/win11/Documents/GitHub/the-last-check-in/Content/__ExternalActors__/lukeWork/FirstPerson/Maps/1stFloorDone/0/AJ/N13W5QXM96T97IN0VMFZYU.uasset" 7654
"../../../../../../Users/win11/Documents/GitHub/the-last-check-in/Content/__ExternalActors__/lukeWork/FirstPerson/Maps/1stFloorDone/0/CK/MY8N18P5EKSKBZU1R69S8L.uasset" 7655
"../../../../../../Users/win11/Documents/GitHub/the-last-check-in/Content/__ExternalActors__/lukeWork/FirstPerson/Maps/1stFloorDone/0/CW/GVGJ28P013KE0OM1UW2E6N.uasset" 7656
"../../../../../../Users/win11/Documents/GitHub/the-last-check-in/Content/__ExternalActors__/lukeWork/FirstPerson/Maps/1stFloorDone/0/ES/H8DCUU87HLF7YMYBFFI62Z.uasset" 7657
"../../../../../../Users/win11/Documents/GitHub/the-last-check-in/Content/__ExternalActors__/lukeWork/FirstPerson/Maps/1stFloorDone/0/G7/VNI1KJL8TYVJ5U748O4AP9.uasset" 7658
"../../../../../../Users/win11/Documents/GitHub/the-last-check-in/Content/__ExternalActors__/lukeWork/FirstPerson/Maps/1stFloorDone/0/GU/D8N0V3P79W2RHCZPDU8IP1.uasset" 7659
"../../../../../../Users/win11/Documents/GitHub/the-last-check-in/Content/__ExternalActors__/lukeWork/FirstPerson/Maps/1stFloorDone/0/HL/YC94QOA7E823QVUEXA79WV.uasset" 7660
"../../../../../../Users/win11/Documents/GitHub/the-last-check-in/Content/__ExternalActors__/lukeWork/FirstPerson/Maps/1stFloorDone/0/IL/PLYE8UQ30RL63IYTQUPDRF.uasset" 7661
"../../../../../../Users/win11/Documents/GitHub/the-last-check-in/Content/__ExternalActors__/lukeWork/FirstPerson/Maps/1stFloorDone/0/IW/C1CEWBA898P0I4N6VJN38F.uasset" 7662
"../../../../../../Users/win11/Documents/GitHub/the-last-check-in/Content/__ExternalActors__/lukeWork/FirstPerson/Maps/1stFloorDone/0/KJ/QTMLW0A5H513YVMRVE87YU.uasset" 7663
"../../../../../../Users/win11/Documents/GitHub/the-last-check-in/Content/__ExternalActors__/lukeWork/FirstPerson/Maps/1stFloorDone/0/KS/65ZXTKYW3WHMKWMIK4AJUR.uasset" 7664
"../../../../../../Users/win11/Documents/GitHub/the-last-check-in/Content/__ExternalActors__/lukeWork/FirstPerson/Maps/1stFloorDone/0/M9/OPEAGRZFGULMCY8RN69WOC.uasset" 7665
"../../../../../../Users/win11/Documents/GitHub/the-last-check-in/Content/__ExternalActors__/lukeWork/FirstPerson/Maps/1stFloorDone/0/MO/K4VAW1Q9Y0SPP9S82S1D0B.uasset" 7666
"../../../../../../Users/win11/Documents/GitHub/the-last-check-in/Content/__ExternalActors__/lukeWork/FirstPerson/Maps/1stFloorDone/0/N1/AFCYF978USF3MRVFVT3ZB7.uasset" 7667
"../../../../../../Users/win11/Documents/GitHub/the-last-check-in/Content/__ExternalActors__/lukeWork/FirstPerson/Maps/1stFloorDone/0/N1/VKU4ZSIDWMX6G9G5Y8TIOS.uasset" 7668
"../../../../../../Users/win11/Documents/GitHub/the-last-check-in/Content/__ExternalActors__/lukeWork/FirstPerson/Maps/1stFloorDone/0/NT/JKDQ1NERV22X72ZVCQRF3E.uasset" 7669
"../../../../../../Users/win11/Documents/GitHub/the-last-check-in/Content/__ExternalActors__/lukeWork/FirstPerson/Maps/1stFloorDone/0/PO/BGX1B2TG96V89YY4FE85Y1.uasset" 7670
"../../../../../../Users/win11/Documents/GitHub/the-last-check-in/Content/__ExternalActors__/lukeWork/FirstPerson/Maps/1stFloorDone/0/QL/JP2BMNU3VVG2VINL896K2J.uasset" 7671
"../../../../../../Users/win11/Documents/GitHub/the-last-check-in/Content/__ExternalActors__/lukeWork/FirstPerson/Maps/1stFloorDone/0/S4/NUHLH1R4ZAFXAZQGC0WTFA.uasset" 7672
"../../../../../../Users/win11/Documents/GitHub/the-last-check-in/Content/__ExternalActors__/lukeWork/FirstPerson/Maps/1stFloorDone/0/S7/KA3MQFHAX3AQJMD84H2S17.uasset" 7673
"../../../../../../Users/win11/Documents/GitHub/the-last-check-in/Content/__ExternalActors__/lukeWork/FirstPerson/Maps/1stFloorDone/0/T2/DK46K6P2OT7JKVNEAPPKZ8.uasset" 7674
"../../../../../../Users/win11/Documents/GitHub/the-last-check-in/Content/__ExternalActors__/lukeWork/FirstPerson/Maps/1stFloorDone/0/T9/YRGG8W858UDMDBS3O8KHRW.uasset" 7675
"../../../../../../Users/win11/Documents/GitHub/the-last-check-in/Content/__ExternalActors__/lukeWork/FirstPerson/Maps/1stFloorDone/0/VK/4DB91022S2H3IN25JKGN33.uasset" 7676
"../../../../../../Users/win11/Documents/GitHub/the-last-check-in/Content/__ExternalActors__/lukeWork/FirstPerson/Maps/1stFloorDone/0/VR/F6OENIWC5MGIRU3AQCHO4K.uasset" 7677
"../../../../../../Users/win11/Documents/GitHub/the-last-check-in/Content/__ExternalActors__/lukeWork/FirstPerson/Maps/1stFloorDone/0/XV/HC1F8O5MFJ4ZX9R8L4GVFZ.uasset" 7678
"../../../../../../Users/win11/Documents/GitHub/the-last-check-in/Content/__ExternalActors__/lukeWork/FirstPerson/Maps/1stFloorDone/1/28/CML41N6I8VO7GL0BK1PYNR.uasset" 7679
"../../../../../../Users/win11/Documents/GitHub/the-last-check-in/Content/__ExternalActors__/lukeWork/FirstPerson/Maps/1stFloorDone/1/3I/GP87ZNCOU0VOK5LISZFOL1.uasset" 7680
"../../../../../../Users/win11/Documents/GitHub/the-last-check-in/Content/__ExternalActors__/lukeWork/FirstPerson/Maps/1stFloorDone/1/5D/R0JND1CUZ3JLV47L39YRRW.uasset" 7681
"../../../../../../Users/win11/Documents/GitHub/the-last-check-in/Content/__ExternalActors__/lukeWork/FirstPerson/Maps/1stFloorDone/1/6A/JJ0QFWI8D21212QTAH8C02.uasset" 7682
"../../../../../../Users/win11/Documents/GitHub/the-last-check-in/Content/__ExternalActors__/lukeWork/FirstPerson/Maps/1stFloorDone/1/6Z/D0T1KW98NNSCD99HCPILT6.uasset" 7683
"../../../../../../Users/win11/Documents/GitHub/the-last-check-in/Content/__ExternalActors__/lukeWork/FirstPerson/Maps/1stFloorDone/1/7D/DOHWE054APMIKUFDK45W63.uasset" 7684
"../../../../../../Users/win11/Documents/GitHub/the-last-check-in/Content/__ExternalActors__/lukeWork/FirstPerson/Maps/1stFloorDone/1/7V/RL7Z7KNAZY3NEOY1AN3CNX.uasset" 7685
"../../../../../../Users/win11/Documents/GitHub/the-last-check-in/Content/__ExternalActors__/lukeWork/FirstPerson/Maps/1stFloorDone/1/BK/QNEN0Q1M79IUASFCL06P37.uasset" 7686
"../../../../../../Users/win11/Documents/GitHub/the-last-check-in/Content/__ExternalActors__/lukeWork/FirstPerson/Maps/1stFloorDone/1/BU/QIFERLIOJ7P42B2A7L3GMU.uasset" 7687
"../../../../../../Users/win11/Documents/GitHub/the-last-check-in/Content/__ExternalActors__/lukeWork/FirstPerson/Maps/1stFloorDone/1/C5/GSHHPHDGO2C19TSY56YLYH.uasset" 7688
"../../../../../../Users/win11/Documents/GitHub/the-last-check-in/Content/__ExternalActors__/lukeWork/FirstPerson/Maps/1stFloorDone/1/CZ/D7RNZILKJBFCTD4DAJEEF4.uasset" 7689
"../../../../../../Users/win11/Documents/GitHub/the-last-check-in/Content/__ExternalActors__/lukeWork/FirstPerson/Maps/1stFloorDone/1/DW/231PSZJENF7HJI17PV8VDF.uasset" 7690
"../../../../../../Users/win11/Documents/GitHub/the-last-check-in/Content/__ExternalActors__/lukeWork/FirstPerson/Maps/1stFloorDone/1/E5/PPTHAP3HMYWIB88TMSYKSA.uasset" 7691
"../../../../../../Users/win11/Documents/GitHub/the-last-check-in/Content/__ExternalActors__/lukeWork/FirstPerson/Maps/1stFloorDone/1/EY/LB46XVGTE1O8ZWP9KWMAY4.uasset" 7692
"../../../../../../Users/win11/Documents/GitHub/the-last-check-in/Content/__ExternalActors__/lukeWork/FirstPerson/Maps/1stFloorDone/1/FD/JMZ9C1GKIA3I04KOCCM7NL.uasset" 7693
"../../../../../../Users/win11/Documents/GitHub/the-last-check-in/Content/__ExternalActors__/lukeWork/FirstPerson/Maps/1stFloorDone/1/FS/2OBJAIPJ2XB287TD22WU33.uasset" 7694
"../../../../../../Users/win11/Documents/GitHub/the-last-check-in/Content/__ExternalActors__/lukeWork/FirstPerson/Maps/1stFloorDone/1/HF/70XMHVSOUVKJDK4DZCF7Y8.uasset" 7695
"../../../../../../Users/win11/Documents/GitHub/the-last-check-in/Content/__ExternalActors__/lukeWork/FirstPerson/Maps/1stFloorDone/1/JZ/PBG0RB92CTYXRPCB2EU4MY.uasset" 7696
"../../../../../../Users/win11/Documents/GitHub/the-last-check-in/Content/__ExternalActors__/lukeWork/FirstPerson/Maps/1stFloorDone/1/LA/LQ1MXW3DP40P9NEA5E95YU.uasset" 7697
"../../../../../../Users/win11/Documents/GitHub/the-last-check-in/Content/__ExternalActors__/lukeWork/FirstPerson/Maps/1stFloorDone/1/M4/XSBG400LQ7HCXBXT3IPPJE.uasset" 7698
"../../../../../../Users/win11/Documents/GitHub/the-last-check-in/Content/__ExternalActors__/lukeWork/FirstPerson/Maps/1stFloorDone/1/N1/SW13VKBRDUMFIMQEUO0J3A.uasset" 7699
"../../../../../../Users/win11/Documents/GitHub/the-last-check-in/Content/__ExternalActors__/lukeWork/FirstPerson/Maps/1stFloorDone/1/NR/5L7WWDVPFR4JE24GV3WQ5J.uasset" 7700
"../../../../../../Users/win11/Documents/GitHub/the-last-check-in/Content/__ExternalActors__/lukeWork/FirstPerson/Maps/1stFloorDone/1/PC/F83H5OE92YSQOPHR1S6O1T.uasset" 7701
"../../../../../../Users/win11/Documents/GitHub/the-last-check-in/Content/__ExternalActors__/lukeWork/FirstPerson/Maps/1stFloorDone/1/RI/QCQ7IMWIFJOH0151UGBA0X.uasset" 7702
"../../../../../../Users/win11/Documents/GitHub/the-last-check-in/Content/__ExternalActors__/lukeWork/FirstPerson/Maps/1stFloorDone/1/UA/9BO255FLVE473VCFJAEHG5.uasset" 7703
"../../../../../../Users/win11/Documents/GitHub/the-last-check-in/Content/__ExternalActors__/lukeWork/FirstPerson/Maps/1stFloorDone/1/X4/BK2CW1XXZRGH9M0TGKQVKQ.uasset" 7704
"../../../../../../Users/win11/Documents/GitHub/the-last-check-in/Content/__ExternalActors__/lukeWork/FirstPerson/Maps/1stFloorDone/1/XA/NN8BT7HJ1MXJ9VUN4MORGK.uasset" 7705
"../../../../../../Users/win11/Documents/GitHub/the-last-check-in/Content/__ExternalActors__/lukeWork/FirstPerson/Maps/1stFloorDone/1/YE/X0OH3UM4KI3CLZU02N89RE.uasset" 7706
"../../../../../../Users/win11/Documents/GitHub/the-last-check-in/Content/__ExternalActors__/lukeWork/FirstPerson/Maps/1stFloorDone/1/ZI/Y9Y7JNABZFLOWYMVNBFT14.uasset" 7707
"../../../../../../Users/win11/Documents/GitHub/the-last-check-in/Content/__ExternalActors__/lukeWork/FirstPerson/Maps/1stFloorDone/2/0R/GWSZPIBGUAYZORKUG6U031.uasset" 7708
"../../../../../../Users/win11/Documents/GitHub/the-last-check-in/Content/__ExternalActors__/lukeWork/FirstPerson/Maps/1stFloorDone/2/12/M1Q0WAG6BN7D6ELHE34WWS.uasset" 7709
"../../../../../../Users/win11/Documents/GitHub/the-last-check-in/Content/__ExternalActors__/lukeWork/FirstPerson/Maps/1stFloorDone/2/23/WDPS10X4QVIXLPMK83FSIU.uasset" 7710
"../../../../../../Users/win11/Documents/GitHub/the-last-check-in/Content/__ExternalActors__/lukeWork/FirstPerson/Maps/1stFloorDone/2/33/Y2L5EUN1TTI3TPEARN1C94.uasset" 7711
"../../../../../../Users/win11/Documents/GitHub/the-last-check-in/Content/__ExternalActors__/lukeWork/FirstPerson/Maps/1stFloorDone/2/4Z/UAT8SLVKVYNWZ5M5H4KROS.uasset" 7712
"../../../../../../Users/win11/Documents/GitHub/the-last-check-in/Content/__ExternalActors__/lukeWork/FirstPerson/Maps/1stFloorDone/2/7B/7IVKX7Z7GN0TWK4WLW4ATP.uasset" 7713
"../../../../../../Users/win11/Documents/GitHub/the-last-check-in/Content/__ExternalActors__/lukeWork/FirstPerson/Maps/1stFloorDone/2/7B/FJQ61MA0JQPFJNOWLTTSYY.uasset" 7714
"../../../../../../Users/win11/Documents/GitHub/the-last-check-in/Content/__ExternalActors__/lukeWork/FirstPerson/Maps/1stFloorDone/2/7Y/T9TOG4TTKP8YK4J0P73M92.uasset" 7715
"../../../../../../Users/win11/Documents/GitHub/the-last-check-in/Content/__ExternalActors__/lukeWork/FirstPerson/Maps/1stFloorDone/2/AS/9ZGTBKEH49L9B45S8779RK.uasset" 7716
"../../../../../../Users/win11/Documents/GitHub/the-last-check-in/Content/__ExternalActors__/lukeWork/FirstPerson/Maps/1stFloorDone/2/BR/AFND198PWARB2I0GL987X1.uasset" 7717
"../../../../../../Users/win11/Documents/GitHub/the-last-check-in/Content/__ExternalActors__/lukeWork/FirstPerson/Maps/1stFloorDone/2/CM/VCIKZ57Y71H3UKC72G3IGE.uasset" 7718
"../../../../../../Users/win11/Documents/GitHub/the-last-check-in/Content/__ExternalActors__/lukeWork/FirstPerson/Maps/1stFloorDone/2/FS/2BMTNEK2Z8CFAHZ9MA636P.uasset" 7719
"../../../../../../Users/win11/Documents/GitHub/the-last-check-in/Content/__ExternalActors__/lukeWork/FirstPerson/Maps/1stFloorDone/2/GF/OP44F6EG3YQGE0FL6BDY53.uasset" 7720
"../../../../../../Users/win11/Documents/GitHub/the-last-check-in/Content/__ExternalActors__/lukeWork/FirstPerson/Maps/1stFloorDone/2/GI/N023RNWA0GKW4TDH8QZY4C.uasset" 7721
"../../../../../../Users/win11/Documents/GitHub/the-last-check-in/Content/__ExternalActors__/lukeWork/FirstPerson/Maps/1stFloorDone/2/H5/SHVUPT8W9WU1DE9XWLQ0FK.uasset" 7722
"../../../../../../Users/win11/Documents/GitHub/the-last-check-in/Content/__ExternalActors__/lukeWork/FirstPerson/Maps/1stFloorDone/2/HE/C82YPSC3YLC4AXOK6JB9UC.uasset" 7723
"../../../../../../Users/win11/Documents/GitHub/the-last-check-in/Content/__ExternalActors__/lukeWork/FirstPerson/Maps/1stFloorDone/2/HH/STTSMTRVG3R0MIB55JRNYO.uasset" 7724
"../../../../../../Users/win11/Documents/GitHub/the-last-check-in/Content/__ExternalActors__/lukeWork/FirstPerson/Maps/1stFloorDone/2/JY/P795JV5AHP4WEY23W94TMJ.uasset" 7725
"../../../../../../Users/win11/Documents/GitHub/the-last-check-in/Content/__ExternalActors__/lukeWork/FirstPerson/Maps/1stFloorDone/2/KF/VQWWVCK6T7GYCZPSH5IQ3P.uasset" 7726
"../../../../../../Users/win11/Documents/GitHub/the-last-check-in/Content/__ExternalActors__/lukeWork/FirstPerson/Maps/1stFloorDone/2/MS/A9ZIP3TYX1TL1MMX0ZEAWY.uasset" 7727
"../../../../../../Users/win11/Documents/GitHub/the-last-check-in/Content/__ExternalActors__/lukeWork/FirstPerson/Maps/1stFloorDone/2/NT/YXPDUSOIONW4OL9ZUW83RR.uasset" 7728
"../../../../../../Users/win11/Documents/GitHub/the-last-check-in/Content/__ExternalActors__/lukeWork/FirstPerson/Maps/1stFloorDone/2/O6/YDHJ983T83B2V0PTJRUQLI.uasset" 7729
"../../../../../../Users/win11/Documents/GitHub/the-last-check-in/Content/__ExternalActors__/lukeWork/FirstPerson/Maps/1stFloorDone/2/QP/N8CVPL0QANOR6WPPTK1HOA.uasset" 7730
"../../../../../../Users/win11/Documents/GitHub/the-last-check-in/Content/__ExternalActors__/lukeWork/FirstPerson/Maps/1stFloorDone/2/QZ/6UXVIOD6FCZ3UDL721Z18F.uasset" 7731
"../../../../../../Users/win11/Documents/GitHub/the-last-check-in/Content/__ExternalActors__/lukeWork/FirstPerson/Maps/1stFloorDone/2/R9/GJARAH2SYJ3XVDVF3GNGEI.uasset" 7732
"../../../../../../Users/win11/Documents/GitHub/the-last-check-in/Content/__ExternalActors__/lukeWork/FirstPerson/Maps/1stFloorDone/2/RN/5C7DWLE1KAVIIJADZ70QJ9.uasset" 7733
"../../../../../../Users/win11/Documents/GitHub/the-last-check-in/Content/__ExternalActors__/lukeWork/FirstPerson/Maps/1stFloorDone/2/S5/I1B2RD21IXQHFTUPB8ANW2.uasset" 7734
"../../../../../../Users/win11/Documents/GitHub/the-last-check-in/Content/__ExternalActors__/lukeWork/FirstPerson/Maps/1stFloorDone/2/TP/HGION46UCCQRHYY39YK4V3.uasset" 7735
"../../../../../../Users/win11/Documents/GitHub/the-last-check-in/Content/__ExternalActors__/lukeWork/FirstPerson/Maps/1stFloorDone/2/UY/BQKFO6F176VH10ULUP0FF0.uasset" 7736
"../../../../../../Users/win11/Documents/GitHub/the-last-check-in/Content/__ExternalActors__/lukeWork/FirstPerson/Maps/1stFloorDone/2/VR/5D5RDD32DO3AC93UOPY31Y.uasset" 7737
"../../../../../../Users/win11/Documents/GitHub/the-last-check-in/Content/__ExternalActors__/lukeWork/FirstPerson/Maps/1stFloorDone/3/0S/20T0GHVFOXPO793WJYUDHM.uasset" 7738
"../../../../../../Users/win11/Documents/GitHub/the-last-check-in/Content/__ExternalActors__/lukeWork/FirstPerson/Maps/1stFloorDone/3/1R/LPJFYASYT48JDBV5G8YYO1.uasset" 7739
"../../../../../../Users/win11/Documents/GitHub/the-last-check-in/Content/__ExternalActors__/lukeWork/FirstPerson/Maps/1stFloorDone/3/25/BKRFFV5CBYUS8DP0QCRNS9.uasset" 7740
"../../../../../../Users/win11/Documents/GitHub/the-last-check-in/Content/__ExternalActors__/lukeWork/FirstPerson/Maps/1stFloorDone/3/2D/ZHZU1XBQBAL5MKGR0I2Z5J.uasset" 7741
"../../../../../../Users/win11/Documents/GitHub/the-last-check-in/Content/__ExternalActors__/lukeWork/FirstPerson/Maps/1stFloorDone/3/2P/5SJZOPA72MRUA8H9TT0GDB.uasset" 7742
"../../../../../../Users/win11/Documents/GitHub/the-last-check-in/Content/__ExternalActors__/lukeWork/FirstPerson/Maps/1stFloorDone/3/3B/7VFOG658NPO51GB45JYN66.uasset" 7743
"../../../../../../Users/win11/Documents/GitHub/the-last-check-in/Content/__ExternalActors__/lukeWork/FirstPerson/Maps/1stFloorDone/3/3W/Z338EDHD0PDEIYMNGCDNI1.uasset" 7744
"../../../../../../Users/win11/Documents/GitHub/the-last-check-in/Content/__ExternalActors__/lukeWork/FirstPerson/Maps/1stFloorDone/3/5Z/Q2JAD53BDU3LW2Q1PSXTAU.uasset" 7745
"../../../../../../Users/win11/Documents/GitHub/the-last-check-in/Content/__ExternalActors__/lukeWork/FirstPerson/Maps/1stFloorDone/3/64/9TVELZJMT6UUZKYBARORGT.uasset" 7746
"../../../../../../Users/win11/Documents/GitHub/the-last-check-in/Content/__ExternalActors__/lukeWork/FirstPerson/Maps/1stFloorDone/3/65/HT5K043DN44TBWSF7UWODW.uasset" 7747
"../../../../../../Users/win11/Documents/GitHub/the-last-check-in/Content/__ExternalActors__/lukeWork/FirstPerson/Maps/1stFloorDone/3/84/EYUIY57Y0XEUVO4YEV6U3Q.uasset" 7748
"../../../../../../Users/win11/Documents/GitHub/the-last-check-in/Content/__ExternalActors__/lukeWork/FirstPerson/Maps/1stFloorDone/3/9U/E4FAXJEBYMVG0H2AI9TG0Q.uasset" 7749
"../../../../../../Users/win11/Documents/GitHub/the-last-check-in/Content/__ExternalActors__/lukeWork/FirstPerson/Maps/1stFloorDone/3/B2/VXL75W2WUOMWJX6BPH7MOY.uasset" 7750
"../../../../../../Users/win11/Documents/GitHub/the-last-check-in/Content/__ExternalActors__/lukeWork/FirstPerson/Maps/1stFloorDone/3/C6/NI2B3OUYSBL5F8O9GE1W6M.uasset" 7751
"../../../../../../Users/win11/Documents/GitHub/the-last-check-in/Content/__ExternalActors__/lukeWork/FirstPerson/Maps/1stFloorDone/3/ER/4XVWC7UQQJZ9PBHVDBGLHF.uasset" 7752
"../../../../../../Users/win11/Documents/GitHub/the-last-check-in/Content/__ExternalActors__/lukeWork/FirstPerson/Maps/1stFloorDone/3/ER/R99G1J489EJ7IR7KVX6AGN.uasset" 7753
"../../../../../../Users/win11/Documents/GitHub/the-last-check-in/Content/__ExternalActors__/lukeWork/FirstPerson/Maps/1stFloorDone/3/H7/0LBTP5R4D31692DUFDWQII.uasset" 7754
"../../../../../../Users/win11/Documents/GitHub/the-last-check-in/Content/__ExternalActors__/lukeWork/FirstPerson/Maps/1stFloorDone/3/KF/0U6I6OHHCK0501176XSRGW.uasset" 7755
"../../../../../../Users/win11/Documents/GitHub/the-last-check-in/Content/__ExternalActors__/lukeWork/FirstPerson/Maps/1stFloorDone/3/LH/PBVOQDN6IWKOX3354T68PA.uasset" 7756
"../../../../../../Users/win11/Documents/GitHub/the-last-check-in/Content/__ExternalActors__/lukeWork/FirstPerson/Maps/1stFloorDone/3/M9/8EZFOA6F5595M5MXMXG2PN.uasset" 7757
"../../../../../../Users/win11/Documents/GitHub/the-last-check-in/Content/__ExternalActors__/lukeWork/FirstPerson/Maps/1stFloorDone/3/MU/IEMLVU3SS009AIFZ53EJSK.uasset" 7758
"../../../../../../Users/win11/Documents/GitHub/the-last-check-in/Content/__ExternalActors__/lukeWork/FirstPerson/Maps/1stFloorDone/3/QM/9LI5NQYADXYXJZCPLKT9R8.uasset" 7759
"../../../../../../Users/win11/Documents/GitHub/the-last-check-in/Content/__ExternalActors__/lukeWork/FirstPerson/Maps/1stFloorDone/3/TS/RAQMLWQCXOP6OAGSA9KHS2.uasset" 7760
"../../../../../../Users/win11/Documents/GitHub/the-last-check-in/Content/__ExternalActors__/lukeWork/FirstPerson/Maps/1stFloorDone/3/V8/B1O9DJX5YYL0FCQJXOY7ER.uasset" 7761
"../../../../../../Users/win11/Documents/GitHub/the-last-check-in/Content/__ExternalActors__/lukeWork/FirstPerson/Maps/1stFloorDone/3/X5/GBCB12SCDL0HR1NCOZJRGZ.uasset" 7762
"../../../../../../Users/win11/Documents/GitHub/the-last-check-in/Content/__ExternalActors__/lukeWork/FirstPerson/Maps/1stFloorDone/3/Y7/64WSRT0J5MMBRPDAHSXL9A.uasset" 7763
"../../../../../../Users/win11/Documents/GitHub/the-last-check-in/Content/__ExternalActors__/lukeWork/FirstPerson/Maps/1stFloorDone/3/ZZ/UAXFNC0IU7ZMXI7DPDDJ1I.uasset" 7764
"../../../../../../Users/win11/Documents/GitHub/the-last-check-in/Content/__ExternalActors__/lukeWork/FirstPerson/Maps/1stFloorDone/4/1C/RY5DPBB5RFA1ZWLDTNOKIA.uasset" 7765
"../../../../../../Users/win11/Documents/GitHub/the-last-check-in/Content/__ExternalActors__/lukeWork/FirstPerson/Maps/1stFloorDone/4/2G/CH5W52349WD1LYL4LW0ZEY.uasset" 7766
"../../../../../../Users/win11/Documents/GitHub/the-last-check-in/Content/__ExternalActors__/lukeWork/FirstPerson/Maps/1stFloorDone/4/32/DNT14HKEXYBMXX1ENI5Y7F.uasset" 7767
"../../../../../../Users/win11/Documents/GitHub/the-last-check-in/Content/__ExternalActors__/lukeWork/FirstPerson/Maps/1stFloorDone/4/36/11XOIPVQLMKIP60ET64YKH.uasset" 7768
"../../../../../../Users/win11/Documents/GitHub/the-last-check-in/Content/__ExternalActors__/lukeWork/FirstPerson/Maps/1stFloorDone/4/3S/D1A93SMB7JOIKO5ET4XT55.uasset" 7769
"../../../../../../Users/win11/Documents/GitHub/the-last-check-in/Content/__ExternalActors__/lukeWork/FirstPerson/Maps/1stFloorDone/4/4B/8SHCM7Y9S6V4QJ2TYMIDLP.uasset" 7770
"../../../../../../Users/win11/Documents/GitHub/the-last-check-in/Content/__ExternalActors__/lukeWork/FirstPerson/Maps/1stFloorDone/4/5X/LSIY0HA9IER3ZVBOYRJRZ6.uasset" 7771
"../../../../../../Users/win11/Documents/GitHub/the-last-check-in/Content/__ExternalActors__/lukeWork/FirstPerson/Maps/1stFloorDone/4/60/LFGD3M2ZUV1UW71FDAVM6N.uasset" 7772
"../../../../../../Users/win11/Documents/GitHub/the-last-check-in/Content/__ExternalActors__/lukeWork/FirstPerson/Maps/1stFloorDone/4/7S/DLMRMOVIN4U0PGC1ILKFVI.uasset" 7773
"../../../../../../Users/win11/Documents/GitHub/the-last-check-in/Content/__ExternalActors__/lukeWork/FirstPerson/Maps/1stFloorDone/4/7Z/3VP2M2XZ23SRUUYG6NARPB.uasset" 7774
"../../../../../../Users/win11/Documents/GitHub/the-last-check-in/Content/__ExternalActors__/lukeWork/FirstPerson/Maps/1stFloorDone/4/95/VM23IWGO4AGXHAG7UEE6RP.uasset" 7775
"../../../../../../Users/win11/Documents/GitHub/the-last-check-in/Content/__ExternalActors__/lukeWork/FirstPerson/Maps/1stFloorDone/4/9B/9U06WY1TPDSEAKS6U5SKH6.uasset" 7776
"../../../../../../Users/win11/Documents/GitHub/the-last-check-in/Content/__ExternalActors__/lukeWork/FirstPerson/Maps/1stFloorDone/4/9C/QB04CFOVG6149V4VZF4BP2.uasset" 7777
"../../../../../../Users/win11/Documents/GitHub/the-last-check-in/Content/__ExternalActors__/lukeWork/FirstPerson/Maps/1stFloorDone/4/9K/XH8MUJYKAWTMA66FRPJEYV.uasset" 7778
"../../../../../../Users/win11/Documents/GitHub/the-last-check-in/Content/__ExternalActors__/lukeWork/FirstPerson/Maps/1stFloorDone/4/B4/5IODT6ZASX0SH8O6DL82Y3.uasset" 7779
"../../../../../../Users/win11/Documents/GitHub/the-last-check-in/Content/__ExternalActors__/lukeWork/FirstPerson/Maps/1stFloorDone/4/BJ/FC4OVUUMIJHP563T0LKLSY.uasset" 7780
"../../../../../../Users/win11/Documents/GitHub/the-last-check-in/Content/__ExternalActors__/lukeWork/FirstPerson/Maps/1stFloorDone/4/GN/D4FCSKT6SKOO9GJI005K50.uasset" 7781
"../../../../../../Users/win11/Documents/GitHub/the-last-check-in/Content/__ExternalActors__/lukeWork/FirstPerson/Maps/1stFloorDone/4/I1/6WQTED3656ZQZ88S06Z2IC.uasset" 7782
"../../../../../../Users/win11/Documents/GitHub/the-last-check-in/Content/__ExternalActors__/lukeWork/FirstPerson/Maps/1stFloorDone/4/I9/ZRF3USAQBTRG23JSA51736.uasset" 7783
"../../../../../../Users/win11/Documents/GitHub/the-last-check-in/Content/__ExternalActors__/lukeWork/FirstPerson/Maps/1stFloorDone/4/K1/RJURQM7U487HK1MX2NY0SP.uasset" 7784
"../../../../../../Users/win11/Documents/GitHub/the-last-check-in/Content/__ExternalActors__/lukeWork/FirstPerson/Maps/1stFloorDone/4/K8/MO78DEBHZVJVEZMMNBJNF6.uasset" 7785
"../../../../../../Users/win11/Documents/GitHub/the-last-check-in/Content/__ExternalActors__/lukeWork/FirstPerson/Maps/1stFloorDone/4/KG/JXP4BA35CUR386WQ8YQYI0.uasset" 7786
"../../../../../../Users/win11/Documents/GitHub/the-last-check-in/Content/__ExternalActors__/lukeWork/FirstPerson/Maps/1stFloorDone/4/KI/GIQ2OBBI3H0EK7CRB3YJJ3.uasset" 7787
"../../../../../../Users/win11/Documents/GitHub/the-last-check-in/Content/__ExternalActors__/lukeWork/FirstPerson/Maps/1stFloorDone/4/NK/RQQ8B7NGQZGTA0IJJ95AF0.uasset" 7788
"../../../../../../Users/win11/Documents/GitHub/the-last-check-in/Content/__ExternalActors__/lukeWork/FirstPerson/Maps/1stFloorDone/4/OY/Y2P94I1SV9VE7FRTHRANY8.uasset" 7789
"../../../../../../Users/win11/Documents/GitHub/the-last-check-in/Content/__ExternalActors__/lukeWork/FirstPerson/Maps/1stFloorDone/4/P2/EVDM3SF0ZJL58ICIYJVN17.uasset" 7790
"../../../../../../Users/win11/Documents/GitHub/the-last-check-in/Content/__ExternalActors__/lukeWork/FirstPerson/Maps/1stFloorDone/4/PH/3VUPRDM2WQVFJM8Y8QD65R.uasset" 7791
"../../../../../../Users/win11/Documents/GitHub/the-last-check-in/Content/__ExternalActors__/lukeWork/FirstPerson/Maps/1stFloorDone/4/PI/89832BO6B25B5D4S6SRIWL.uasset" 7792
"../../../../../../Users/win11/Documents/GitHub/the-last-check-in/Content/__ExternalActors__/lukeWork/FirstPerson/Maps/1stFloorDone/4/PO/K3SM0J6N1X497M4FH373M3.uasset" 7793
"../../../../../../Users/win11/Documents/GitHub/the-last-check-in/Content/__ExternalActors__/lukeWork/FirstPerson/Maps/1stFloorDone/4/QR/Z0BWNZP6ARA8TSOCP1UKZT.uasset" 7794
"../../../../../../Users/win11/Documents/GitHub/the-last-check-in/Content/__ExternalActors__/lukeWork/FirstPerson/Maps/1stFloorDone/4/RS/370HS9AUUPGCCUPBPNT4UQ.uasset" 7795
"../../../../../../Users/win11/Documents/GitHub/the-last-check-in/Content/__ExternalActors__/lukeWork/FirstPerson/Maps/1stFloorDone/4/SM/UI8UPXMRMXC05TLWY3SJU2.uasset" 7796
"../../../../../../Users/win11/Documents/GitHub/the-last-check-in/Content/__ExternalActors__/lukeWork/FirstPerson/Maps/1stFloorDone/4/SR/3D1FVXX0NEPCMFCI2X7ZDU.uasset" 7797
"../../../../../../Users/win11/Documents/GitHub/the-last-check-in/Content/__ExternalActors__/lukeWork/FirstPerson/Maps/1stFloorDone/4/T8/I5CW78IST3UNW6C1VFRMZU.uasset" 7798
"../../../../../../Users/win11/Documents/GitHub/the-last-check-in/Content/__ExternalActors__/lukeWork/FirstPerson/Maps/1stFloorDone/4/T9/C7YIW7F7NAPNMNLD3650Z9.uasset" 7799
"../../../../../../Users/win11/Documents/GitHub/the-last-check-in/Content/__ExternalActors__/lukeWork/FirstPerson/Maps/1stFloorDone/4/TH/FA7SBCD6XS28TH8MTJLUM4.uasset" 7800
"../../../../../../Users/win11/Documents/GitHub/the-last-check-in/Content/__ExternalActors__/lukeWork/FirstPerson/Maps/1stFloorDone/4/TY/B19MZ9W70TCGXW2EJ6ZAL1.uasset" 7801
"../../../../../../Users/win11/Documents/GitHub/the-last-check-in/Content/__ExternalActors__/lukeWork/FirstPerson/Maps/1stFloorDone/4/W8/GG0QP6OIZABCK0UUKUZ0S7.uasset" 7802
"../../../../../../Users/win11/Documents/GitHub/the-last-check-in/Content/__ExternalActors__/lukeWork/FirstPerson/Maps/1stFloorDone/4/W9/JEX68ZV4WMF4DXE51B9IPY.uasset" 7803
"../../../../../../Users/win11/Documents/GitHub/the-last-check-in/Content/__ExternalActors__/lukeWork/FirstPerson/Maps/1stFloorDone/4/Y6/RHALZ9XKFT3RIUELMSK3HT.uasset" 7804
"../../../../../../Users/win11/Documents/GitHub/the-last-check-in/Content/__ExternalActors__/lukeWork/FirstPerson/Maps/1stFloorDone/5/06/OZ4HF3I6W4NBUW07PDK51A.uasset" 7805
"../../../../../../Users/win11/Documents/GitHub/the-last-check-in/Content/__ExternalActors__/lukeWork/FirstPerson/Maps/1stFloorDone/5/11/N5BTD2KFUL46NZHQFBIH8Y.uasset" 7806
"../../../../../../Users/win11/Documents/GitHub/the-last-check-in/Content/__ExternalActors__/lukeWork/FirstPerson/Maps/1stFloorDone/5/14/SKQT2A7OKQ99NWJH7ISOPC.uasset" 7807
"../../../../../../Users/win11/Documents/GitHub/the-last-check-in/Content/__ExternalActors__/lukeWork/FirstPerson/Maps/1stFloorDone/5/3H/DVII41WKV0S03ADGBEM1BL.uasset" 7808
"../../../../../../Users/win11/Documents/GitHub/the-last-check-in/Content/__ExternalActors__/lukeWork/FirstPerson/Maps/1stFloorDone/5/62/0689YOJL928DK4ZBTSEOQM.uasset" 7809
"../../../../../../Users/win11/Documents/GitHub/the-last-check-in/Content/__ExternalActors__/lukeWork/FirstPerson/Maps/1stFloorDone/5/8K/OW6LWV14KOP12TXWDGGM6M.uasset" 7810
"../../../../../../Users/win11/Documents/GitHub/the-last-check-in/Content/__ExternalActors__/lukeWork/FirstPerson/Maps/1stFloorDone/5/9Y/GOZR4CW3UVEG1IA60316ET.uasset" 7811
"../../../../../../Users/win11/Documents/GitHub/the-last-check-in/Content/__ExternalActors__/lukeWork/FirstPerson/Maps/1stFloorDone/5/AA/0J4DBPFAH2RQIYF4RA1K9O.uasset" 7812
"../../../../../../Users/win11/Documents/GitHub/the-last-check-in/Content/__ExternalActors__/lukeWork/FirstPerson/Maps/1stFloorDone/5/BF/7BJMIF7ZMNSKPBW6NKBUET.uasset" 7813
"../../../../../../Users/win11/Documents/GitHub/the-last-check-in/Content/__ExternalActors__/lukeWork/FirstPerson/Maps/1stFloorDone/5/BL/16XQK96GFJHX9ZYZ34XQPL.uasset" 7814
"../../../../../../Users/win11/Documents/GitHub/the-last-check-in/Content/__ExternalActors__/lukeWork/FirstPerson/Maps/1stFloorDone/5/C1/KFO61RCSE3ZOVP6ARO4XTL.uasset" 7815
"../../../../../../Users/win11/Documents/GitHub/the-last-check-in/Content/__ExternalActors__/lukeWork/FirstPerson/Maps/1stFloorDone/5/DF/KWR9VBMZP4200W8WETYVJP.uasset" 7816
"../../../../../../Users/win11/Documents/GitHub/the-last-check-in/Content/__ExternalActors__/lukeWork/FirstPerson/Maps/1stFloorDone/5/FA/Z7VOMB6Y7PAK6LLPPHNVAI.uasset" 7817
"../../../../../../Users/win11/Documents/GitHub/the-last-check-in/Content/__ExternalActors__/lukeWork/FirstPerson/Maps/1stFloorDone/5/GA/RB45DGPX072U3RMV9HOCHQ.uasset" 7818
"../../../../../../Users/win11/Documents/GitHub/the-last-check-in/Content/__ExternalActors__/lukeWork/FirstPerson/Maps/1stFloorDone/5/GJ/UTO54YLC4R3YHZVLPD7SUF.uasset" 7819
"../../../../../../Users/win11/Documents/GitHub/the-last-check-in/Content/__ExternalActors__/lukeWork/FirstPerson/Maps/1stFloorDone/5/H7/7EZFUMBF89A9QBSNVF7ABN.uasset" 7820
"../../../../../../Users/win11/Documents/GitHub/the-last-check-in/Content/__ExternalActors__/lukeWork/FirstPerson/Maps/1stFloorDone/5/IU/99SFPEQA9H5761ICRHSVWM.uasset" 7821
"../../../../../../Users/win11/Documents/GitHub/the-last-check-in/Content/__ExternalActors__/lukeWork/FirstPerson/Maps/1stFloorDone/5/L1/D75VDT3JDYVRBEY8P1LR9E.uasset" 7822
"../../../../../../Users/win11/Documents/GitHub/the-last-check-in/Content/__ExternalActors__/lukeWork/FirstPerson/Maps/1stFloorDone/5/NF/GNXQZ3AAFT1TVNVAMB1DG8.uasset" 7823
"../../../../../../Users/win11/Documents/GitHub/the-last-check-in/Content/__ExternalActors__/lukeWork/FirstPerson/Maps/1stFloorDone/5/O3/D39FSSJAXLAJ27ST76RNGE.uasset" 7824
"../../../../../../Users/win11/Documents/GitHub/the-last-check-in/Content/__ExternalActors__/lukeWork/FirstPerson/Maps/1stFloorDone/5/O5/U58MUBYRMIS928S5XIGJDJ.uasset" 7825
"../../../../../../Users/win11/Documents/GitHub/the-last-check-in/Content/__ExternalActors__/lukeWork/FirstPerson/Maps/1stFloorDone/5/PM/GW29DOL4BDV1CXMLJYSOMS.uasset" 7826
"../../../../../../Users/win11/Documents/GitHub/the-last-check-in/Content/__ExternalActors__/lukeWork/FirstPerson/Maps/1stFloorDone/5/PO/QE7YTN8XU3L6YJ6L647A5L.uasset" 7827
"../../../../../../Users/win11/Documents/GitHub/the-last-check-in/Content/__ExternalActors__/lukeWork/FirstPerson/Maps/1stFloorDone/5/QH/UG7PD99P8G1O7M6BCMY9P9.uasset" 7828
"../../../../../../Users/win11/Documents/GitHub/the-last-check-in/Content/__ExternalActors__/lukeWork/FirstPerson/Maps/1stFloorDone/5/QY/0DZBRGE4SHH8LTB5R57DUR.uasset" 7829
"../../../../../../Users/win11/Documents/GitHub/the-last-check-in/Content/__ExternalActors__/lukeWork/FirstPerson/Maps/1stFloorDone/5/T8/7IH1Z630K9X6UJC7UDQ5EJ.uasset" 7830
"../../../../../../Users/win11/Documents/GitHub/the-last-check-in/Content/__ExternalActors__/lukeWork/FirstPerson/Maps/1stFloorDone/5/TM/RGO49R68BC6DB4V63G8WRQ.uasset" 7831
"../../../../../../Users/win11/Documents/GitHub/the-last-check-in/Content/__ExternalActors__/lukeWork/FirstPerson/Maps/1stFloorDone/5/U8/32NU117H1XFNRIGU50YO39.uasset" 7832
"../../../../../../Users/win11/Documents/GitHub/the-last-check-in/Content/__ExternalActors__/lukeWork/FirstPerson/Maps/1stFloorDone/5/V8/ZDMONTGFMSNAI1DD4XJ9GH.uasset" 7833
"../../../../../../Users/win11/Documents/GitHub/the-last-check-in/Content/__ExternalActors__/lukeWork/FirstPerson/Maps/1stFloorDone/5/WJ/Z0HPLO1SBT88H23MEUUZOR.uasset" 7834
"../../../../../../Users/win11/Documents/GitHub/the-last-check-in/Content/__ExternalActors__/lukeWork/FirstPerson/Maps/1stFloorDone/5/XX/1J32QPIKJ1XB9C09N5RDTT.uasset" 7835
"../../../../../../Users/win11/Documents/GitHub/the-last-check-in/Content/__ExternalActors__/lukeWork/FirstPerson/Maps/1stFloorDone/5/YW/0YS991565HAIHMKMRAFAFR.uasset" 7836
"../../../../../../Users/win11/Documents/GitHub/the-last-check-in/Content/__ExternalActors__/lukeWork/FirstPerson/Maps/1stFloorDone/6/0J/MV1BXIYGQGJJD325EP447U.uasset" 7837
"../../../../../../Users/win11/Documents/GitHub/the-last-check-in/Content/__ExternalActors__/lukeWork/FirstPerson/Maps/1stFloorDone/6/0O/XH90BOPLRRTPUUH2A62CSI.uasset" 7838
"../../../../../../Users/win11/Documents/GitHub/the-last-check-in/Content/__ExternalActors__/lukeWork/FirstPerson/Maps/1stFloorDone/6/1D/64M16W0VV1RG9MUXLZX7WL.uasset" 7839
"../../../../../../Users/win11/Documents/GitHub/the-last-check-in/Content/__ExternalActors__/lukeWork/FirstPerson/Maps/1stFloorDone/6/1Q/GOP4PCZ6R16O243X075877.uasset" 7840
"../../../../../../Users/win11/Documents/GitHub/the-last-check-in/Content/__ExternalActors__/lukeWork/FirstPerson/Maps/1stFloorDone/6/33/21GWHN0YDZ9M5RXK23XBCJ.uasset" 7841
"../../../../../../Users/win11/Documents/GitHub/the-last-check-in/Content/__ExternalActors__/lukeWork/FirstPerson/Maps/1stFloorDone/6/4G/6C8EXYA3IJO8WSCAW8EBTG.uasset" 7842
"../../../../../../Users/win11/Documents/GitHub/the-last-check-in/Content/__ExternalActors__/lukeWork/FirstPerson/Maps/1stFloorDone/6/4W/1RIVW0XKBKOEPO60SR1B83.uasset" 7843
"../../../../../../Users/win11/Documents/GitHub/the-last-check-in/Content/__ExternalActors__/lukeWork/FirstPerson/Maps/1stFloorDone/6/7J/60SK41SHWC7AAWHK3ZJBQB.uasset" 7844
"../../../../../../Users/win11/Documents/GitHub/the-last-check-in/Content/__ExternalActors__/lukeWork/FirstPerson/Maps/1stFloorDone/6/8B/4TXG4A97CPGCT82ZMZLTLV.uasset" 7845
"../../../../../../Users/win11/Documents/GitHub/the-last-check-in/Content/__ExternalActors__/lukeWork/FirstPerson/Maps/1stFloorDone/6/9G/3NYBIFLD3C3MGEHVCPYVDG.uasset" 7846
"../../../../../../Users/win11/Documents/GitHub/the-last-check-in/Content/__ExternalActors__/lukeWork/FirstPerson/Maps/1stFloorDone/6/A8/U6O4GLHEAR5G116NNYURX8.uasset" 7847
"../../../../../../Users/win11/Documents/GitHub/the-last-check-in/Content/__ExternalActors__/lukeWork/FirstPerson/Maps/1stFloorDone/6/AX/KKTM2700H2HFXP533GA8ZN.uasset" 7848
"../../../../../../Users/win11/Documents/GitHub/the-last-check-in/Content/__ExternalActors__/lukeWork/FirstPerson/Maps/1stFloorDone/6/CI/1HNGNLS3MZBKHDG42CU4ZR.uasset" 7849
"../../../../../../Users/win11/Documents/GitHub/the-last-check-in/Content/__ExternalActors__/lukeWork/FirstPerson/Maps/1stFloorDone/6/E7/YR8TR08PCNMUWX6FPA7GIR.uasset" 7850
"../../../../../../Users/win11/Documents/GitHub/the-last-check-in/Content/__ExternalActors__/lukeWork/FirstPerson/Maps/1stFloorDone/6/I7/VKGHZ8W6HUDMKK8DWQKU4L.uasset" 7851
"../../../../../../Users/win11/Documents/GitHub/the-last-check-in/Content/__ExternalActors__/lukeWork/FirstPerson/Maps/1stFloorDone/6/I8/VFYTR38XE37KKTC191DXVJ.uasset" 7852
"../../../../../../Users/win11/Documents/GitHub/the-last-check-in/Content/__ExternalActors__/lukeWork/FirstPerson/Maps/1stFloorDone/6/IX/JLSPXKEM496ZLCTLWJ2K0N.uasset" 7853
"../../../../../../Users/win11/Documents/GitHub/the-last-check-in/Content/__ExternalActors__/lukeWork/FirstPerson/Maps/1stFloorDone/6/JY/WIPD00E2RQ9SS3TO4T2SR2.uasset" 7854
"../../../../../../Users/win11/Documents/GitHub/the-last-check-in/Content/__ExternalActors__/lukeWork/FirstPerson/Maps/1stFloorDone/6/LB/C3IBPQVKXFSGI02V8ZOKJH.uasset" 7855
"../../../../../../Users/win11/Documents/GitHub/the-last-check-in/Content/__ExternalActors__/lukeWork/FirstPerson/Maps/1stFloorDone/6/LP/K45KY10KSYJ0XK589A9GUS.uasset" 7856
"../../../../../../Users/win11/Documents/GitHub/the-last-check-in/Content/__ExternalActors__/lukeWork/FirstPerson/Maps/1stFloorDone/6/M5/KZ2GZA76RHHM0E6B2QMW8T.uasset" 7857
"../../../../../../Users/win11/Documents/GitHub/the-last-check-in/Content/__ExternalActors__/lukeWork/FirstPerson/Maps/1stFloorDone/6/MX/KKBCRQ1A0TEFCOS2VMDBGJ.uasset" 7858
"../../../../../../Users/win11/Documents/GitHub/the-last-check-in/Content/__ExternalActors__/lukeWork/FirstPerson/Maps/1stFloorDone/6/NT/U1R67ILCZN619DJESS1VDO.uasset" 7859
"../../../../../../Users/win11/Documents/GitHub/the-last-check-in/Content/__ExternalActors__/lukeWork/FirstPerson/Maps/1stFloorDone/6/RN/QDZ78FTH11Y72UEVKLSXFO.uasset" 7860
"../../../../../../Users/win11/Documents/GitHub/the-last-check-in/Content/__ExternalActors__/lukeWork/FirstPerson/Maps/1stFloorDone/6/SA/5AKNSOYWRCPVQUK41UQNG2.uasset" 7861
"../../../../../../Users/win11/Documents/GitHub/the-last-check-in/Content/__ExternalActors__/lukeWork/FirstPerson/Maps/1stFloorDone/6/TM/YECQ7O6QLQNGCUIQZOXWGU.uasset" 7862
"../../../../../../Users/win11/Documents/GitHub/the-last-check-in/Content/__ExternalActors__/lukeWork/FirstPerson/Maps/1stFloorDone/6/U0/99RK8ALJV2H5YS9GQL2MR4.uasset" 7863
"../../../../../../Users/win11/Documents/GitHub/the-last-check-in/Content/__ExternalActors__/lukeWork/FirstPerson/Maps/1stFloorDone/6/VH/61FG73NPQ79FAGTYXSSL7B.uasset" 7864
"../../../../../../Users/win11/Documents/GitHub/the-last-check-in/Content/__ExternalActors__/lukeWork/FirstPerson/Maps/1stFloorDone/6/WD/Y6TGYPUC1VAIFHZJP00N7H.uasset" 7865
"../../../../../../Users/win11/Documents/GitHub/the-last-check-in/Content/__ExternalActors__/lukeWork/FirstPerson/Maps/1stFloorDone/6/WI/5PVIXMA6H3F6WYVB9E001W.uasset" 7866
"../../../../../../Users/win11/Documents/GitHub/the-last-check-in/Content/__ExternalActors__/lukeWork/FirstPerson/Maps/1stFloorDone/6/WP/O69S767QCLUXT0RHU44498.uasset" 7867
"../../../../../../Users/win11/Documents/GitHub/the-last-check-in/Content/__ExternalActors__/lukeWork/FirstPerson/Maps/1stFloorDone/6/YM/G2Z6O3KP8QBBBJ84J2PPJ9.uasset" 7868
"../../../../../../Users/win11/Documents/GitHub/the-last-check-in/Content/__ExternalActors__/lukeWork/FirstPerson/Maps/1stFloorDone/6/ZG/5XWL1ITW7DG3O61SYXW3YF.uasset" 7869
"../../../../../../Users/win11/Documents/GitHub/the-last-check-in/Content/__ExternalActors__/lukeWork/FirstPerson/Maps/1stFloorDone/7/07/XYWY4QI38XHGHI63CZ04R5.uasset" 7870
"../../../../../../Users/win11/Documents/GitHub/the-last-check-in/Content/__ExternalActors__/lukeWork/FirstPerson/Maps/1stFloorDone/7/2M/WJ5ZM7CCPSI8G2H51HM3TV.uasset" 7871
"../../../../../../Users/win11/Documents/GitHub/the-last-check-in/Content/__ExternalActors__/lukeWork/FirstPerson/Maps/1stFloorDone/7/4O/AVJRL30EAH8O3CJXL9HG6T.uasset" 7872
"../../../../../../Users/win11/Documents/GitHub/the-last-check-in/Content/__ExternalActors__/lukeWork/FirstPerson/Maps/1stFloorDone/7/67/98L3A1OPCRRA3SG19WT8OQ.uasset" 7873
"../../../../../../Users/win11/Documents/GitHub/the-last-check-in/Content/__ExternalActors__/lukeWork/FirstPerson/Maps/1stFloorDone/7/7K/35TF0AMPN1OXQUAYV5A4D3.uasset" 7874
"../../../../../../Users/win11/Documents/GitHub/the-last-check-in/Content/__ExternalActors__/lukeWork/FirstPerson/Maps/1stFloorDone/7/7W/T1SFSR08GDF08KJKHRM0B1.uasset" 7875
"../../../../../../Users/win11/Documents/GitHub/the-last-check-in/Content/__ExternalActors__/lukeWork/FirstPerson/Maps/1stFloorDone/7/89/GPOGP0ZKZCNVHP58IFP0K6.uasset" 7876
"../../../../../../Users/win11/Documents/GitHub/the-last-check-in/Content/__ExternalActors__/lukeWork/FirstPerson/Maps/1stFloorDone/7/8Y/4KW0VQPM1QXIDJB386O7R5.uasset" 7877
"../../../../../../Users/win11/Documents/GitHub/the-last-check-in/Content/__ExternalActors__/lukeWork/FirstPerson/Maps/1stFloorDone/7/9U/LLDH9U5JGFXX9WA13407D2.uasset" 7878
"../../../../../../Users/win11/Documents/GitHub/the-last-check-in/Content/__ExternalActors__/lukeWork/FirstPerson/Maps/1stFloorDone/7/9X/YFEUXG8RJGJ31ILPMG3I0L.uasset" 7879
"../../../../../../Users/win11/Documents/GitHub/the-last-check-in/Content/__ExternalActors__/lukeWork/FirstPerson/Maps/1stFloorDone/7/A8/1W1V5PD5NQOHGSAGZS9ZXV.uasset" 7880
"../../../../../../Users/win11/Documents/GitHub/the-last-check-in/Content/__ExternalActors__/lukeWork/FirstPerson/Maps/1stFloorDone/7/AD/8MF21Z8RG96NPCU1R9Y2LR.uasset" 7881
"../../../../../../Users/win11/Documents/GitHub/the-last-check-in/Content/__ExternalActors__/lukeWork/FirstPerson/Maps/1stFloorDone/7/BO/WEDVKTBFPL42ZVBLNSH71R.uasset" 7882
"../../../../../../Users/win11/Documents/GitHub/the-last-check-in/Content/__ExternalActors__/lukeWork/FirstPerson/Maps/1stFloorDone/7/CB/VZAZDYM3NOLPWQIZQ023GG.uasset" 7883
"../../../../../../Users/win11/Documents/GitHub/the-last-check-in/Content/__ExternalActors__/lukeWork/FirstPerson/Maps/1stFloorDone/7/CU/70MPD6A8Q55KC0JB6E4XYD.uasset" 7884
"../../../../../../Users/win11/Documents/GitHub/the-last-check-in/Content/__ExternalActors__/lukeWork/FirstPerson/Maps/1stFloorDone/7/DX/C26JXCAJKK5SF6H137ERDP.uasset" 7885
"../../../../../../Users/win11/Documents/GitHub/the-last-check-in/Content/__ExternalActors__/lukeWork/FirstPerson/Maps/1stFloorDone/7/EB/791LAPZGPZ1IM42HY104WS.uasset" 7886
"../../../../../../Users/win11/Documents/GitHub/the-last-check-in/Content/__ExternalActors__/lukeWork/FirstPerson/Maps/1stFloorDone/7/EG/DHDZNBCDX3DJYZL40A0V9Q.uasset" 7887
"../../../../../../Users/win11/Documents/GitHub/the-last-check-in/Content/__ExternalActors__/lukeWork/FirstPerson/Maps/1stFloorDone/7/EH/7TI2BS2UQL9J0CDXKH68JZ.uasset" 7888
"../../../../../../Users/win11/Documents/GitHub/the-last-check-in/Content/__ExternalActors__/lukeWork/FirstPerson/Maps/1stFloorDone/7/FD/AGQJMN19BD1UZCDBKEVVY8.uasset" 7889
"../../../../../../Users/win11/Documents/GitHub/the-last-check-in/Content/__ExternalActors__/lukeWork/FirstPerson/Maps/1stFloorDone/7/FY/Z2O58A0S0OTGYTW1UVTWLW.uasset" 7890
"../../../../../../Users/win11/Documents/GitHub/the-last-check-in/Content/__ExternalActors__/lukeWork/FirstPerson/Maps/1stFloorDone/7/G5/GA0COEEEEA9E9Z66F9QG4P.uasset" 7891
"../../../../../../Users/win11/Documents/GitHub/the-last-check-in/Content/__ExternalActors__/lukeWork/FirstPerson/Maps/1stFloorDone/7/GL/2BXRO1Y9U0KSTVKPIM1GF8.uasset" 7892
"../../../../../../Users/win11/Documents/GitHub/the-last-check-in/Content/__ExternalActors__/lukeWork/FirstPerson/Maps/1stFloorDone/7/KP/7HBMXMSILM8WESWFM1R9FV.uasset" 7893
"../../../../../../Users/win11/Documents/GitHub/the-last-check-in/Content/__ExternalActors__/lukeWork/FirstPerson/Maps/1stFloorDone/7/KY/D3WNCDKLE5SJYPC8VCL3SS.uasset" 7894
"../../../../../../Users/win11/Documents/GitHub/the-last-check-in/Content/__ExternalActors__/lukeWork/FirstPerson/Maps/1stFloorDone/7/L6/HSNO9ETXC6H7QEG6CZKKA5.uasset" 7895
"../../../../../../Users/win11/Documents/GitHub/the-last-check-in/Content/__ExternalActors__/lukeWork/FirstPerson/Maps/1stFloorDone/7/LQ/PRFS2OE7U3EIR7VWFZ1YAV.uasset" 7896
"../../../../../../Users/win11/Documents/GitHub/the-last-check-in/Content/__ExternalActors__/lukeWork/FirstPerson/Maps/1stFloorDone/7/MH/TWG5GSJCPSA9DDGRRIPIFB.uasset" 7897
"../../../../../../Users/win11/Documents/GitHub/the-last-check-in/Content/__ExternalActors__/lukeWork/FirstPerson/Maps/1stFloorDone/7/P7/OI8FZSL4C6E8MJ2CD2FOHF.uasset" 7898
"../../../../../../Users/win11/Documents/GitHub/the-last-check-in/Content/__ExternalActors__/lukeWork/FirstPerson/Maps/1stFloorDone/7/P8/W8LAWTR2AY24Q5NDSJG5FA.uasset" 7899
"../../../../../../Users/win11/Documents/GitHub/the-last-check-in/Content/__ExternalActors__/lukeWork/FirstPerson/Maps/1stFloorDone/7/QX/J4KPF1I190XQCZERF1UE1D.uasset" 7900
"../../../../../../Users/win11/Documents/GitHub/the-last-check-in/Content/__ExternalActors__/lukeWork/FirstPerson/Maps/1stFloorDone/7/TO/J8XL6QJVITO7XUQMHF2UGV.uasset" 7901
"../../../../../../Users/win11/Documents/GitHub/the-last-check-in/Content/__ExternalActors__/lukeWork/FirstPerson/Maps/1stFloorDone/7/UB/TNMALXYN7247COCB7GMHAI.uasset" 7902
"../../../../../../Users/win11/Documents/GitHub/the-last-check-in/Content/__ExternalActors__/lukeWork/FirstPerson/Maps/1stFloorDone/7/UM/INTB5C73KOYY2H12JFORDE.uasset" 7903
"../../../../../../Users/win11/Documents/GitHub/the-last-check-in/Content/__ExternalActors__/lukeWork/FirstPerson/Maps/1stFloorDone/7/US/1210X2F7VKO5U51NMZ3X51.uasset" 7904
"../../../../../../Users/win11/Documents/GitHub/the-last-check-in/Content/__ExternalActors__/lukeWork/FirstPerson/Maps/1stFloorDone/7/VU/ZNUU7375ZJUNW2EZVYIX2V.uasset" 7905
"../../../../../../Users/win11/Documents/GitHub/the-last-check-in/Content/__ExternalActors__/lukeWork/FirstPerson/Maps/1stFloorDone/7/X0/K9Y6HB9V57W37AIBNLUC0C.uasset" 7906
"../../../../../../Users/win11/Documents/GitHub/the-last-check-in/Content/__ExternalActors__/lukeWork/FirstPerson/Maps/1stFloorDone/7/ZP/G8SJ7S2F5P4MP0JA0PDQN5.uasset" 7907
"../../../../../../Users/win11/Documents/GitHub/the-last-check-in/Content/__ExternalActors__/lukeWork/FirstPerson/Maps/1stFloorDone/8/28/5JPGVBVTGXP0GZTOFXQ420.uasset" 7908
"../../../../../../Users/win11/Documents/GitHub/the-last-check-in/Content/__ExternalActors__/lukeWork/FirstPerson/Maps/1stFloorDone/8/35/3NCAJGQGZ07AE8KHGS2TDZ.uasset" 7909
"../../../../../../Users/win11/Documents/GitHub/the-last-check-in/Content/__ExternalActors__/lukeWork/FirstPerson/Maps/1stFloorDone/8/3K/UEEY693WCWJ8QKWPSATM0J.uasset" 7910
"../../../../../../Users/win11/Documents/GitHub/the-last-check-in/Content/__ExternalActors__/lukeWork/FirstPerson/Maps/1stFloorDone/8/50/J4RFMZBG2QGBU3RQDAMUJ7.uasset" 7911
"../../../../../../Users/win11/Documents/GitHub/the-last-check-in/Content/__ExternalActors__/lukeWork/FirstPerson/Maps/1stFloorDone/8/65/AMFOA81HE3JB9O9NFQEURB.uasset" 7912
"../../../../../../Users/win11/Documents/GitHub/the-last-check-in/Content/__ExternalActors__/lukeWork/FirstPerson/Maps/1stFloorDone/8/6J/Z5M3EZC14X3FUTTCLZ8SQ7.uasset" 7913
"../../../../../../Users/win11/Documents/GitHub/the-last-check-in/Content/__ExternalActors__/lukeWork/FirstPerson/Maps/1stFloorDone/8/6O/HB0W1JED0AFLCUTRA516TC.uasset" 7914
"../../../../../../Users/win11/Documents/GitHub/the-last-check-in/Content/__ExternalActors__/lukeWork/FirstPerson/Maps/1stFloorDone/8/83/JVCXGZH1AYFKTCGP4BUSPJ.uasset" 7915
"../../../../../../Users/win11/Documents/GitHub/the-last-check-in/Content/__ExternalActors__/lukeWork/FirstPerson/Maps/1stFloorDone/8/86/5RIRVM70BMZBKMFRA6JOV1.uasset" 7916
"../../../../../../Users/win11/Documents/GitHub/the-last-check-in/Content/__ExternalActors__/lukeWork/FirstPerson/Maps/1stFloorDone/8/8I/MRDWZ9IBO9NAGMYL3SCXFJ.uasset" 7917
"../../../../../../Users/win11/Documents/GitHub/the-last-check-in/Content/__ExternalActors__/lukeWork/FirstPerson/Maps/1stFloorDone/8/9L/7NJNXTPIREQ1MP66L058X8.uasset" 7918
"../../../../../../Users/win11/Documents/GitHub/the-last-check-in/Content/__ExternalActors__/lukeWork/FirstPerson/Maps/1stFloorDone/8/B2/0PZ5C25ITX911Y0VCVZXCS.uasset" 7919
"../../../../../../Users/win11/Documents/GitHub/the-last-check-in/Content/__ExternalActors__/lukeWork/FirstPerson/Maps/1stFloorDone/8/B6/CG8KG553G4EZL0VPMXCRMB.uasset" 7920
"../../../../../../Users/win11/Documents/GitHub/the-last-check-in/Content/__ExternalActors__/lukeWork/FirstPerson/Maps/1stFloorDone/8/BM/5UQZEGOVAIYY0THV5BZB5J.uasset" 7921
"../../../../../../Users/win11/Documents/GitHub/the-last-check-in/Content/__ExternalActors__/lukeWork/FirstPerson/Maps/1stFloorDone/8/BU/K7EN8U6GIF0ZDCSED34MEY.uasset" 7922
"../../../../../../Users/win11/Documents/GitHub/the-last-check-in/Content/__ExternalActors__/lukeWork/FirstPerson/Maps/1stFloorDone/8/CG/J5FFB0G4MTVWZ8QEDG1BBI.uasset" 7923
"../../../../../../Users/win11/Documents/GitHub/the-last-check-in/Content/__ExternalActors__/lukeWork/FirstPerson/Maps/1stFloorDone/8/E5/DCXI8QPPBHPQC4X5NUWWZW.uasset" 7924
"../../../../../../Users/win11/Documents/GitHub/the-last-check-in/Content/__ExternalActors__/lukeWork/FirstPerson/Maps/1stFloorDone/8/E5/R5ITPF88VEUX8G3UV7Z9AZ.uasset" 7925
"../../../../../../Users/win11/Documents/GitHub/the-last-check-in/Content/__ExternalActors__/lukeWork/FirstPerson/Maps/1stFloorDone/8/EF/3Q2FZW79GSOHMX8N47ALEP.uasset" 7926
"../../../../../../Users/win11/Documents/GitHub/the-last-check-in/Content/__ExternalActors__/lukeWork/FirstPerson/Maps/1stFloorDone/8/FR/M2N450SX1GGO9PDGVUGBET.uasset" 7927
"../../../../../../Users/win11/Documents/GitHub/the-last-check-in/Content/__ExternalActors__/lukeWork/FirstPerson/Maps/1stFloorDone/8/I4/QLMC5QVTQ8J2J6P4JFD32S.uasset" 7928
"../../../../../../Users/win11/Documents/GitHub/the-last-check-in/Content/__ExternalActors__/lukeWork/FirstPerson/Maps/1stFloorDone/8/K2/7UWNDQQDR5RXNKOFUKXUQ1.uasset" 7929
"../../../../../../Users/win11/Documents/GitHub/the-last-check-in/Content/__ExternalActors__/lukeWork/FirstPerson/Maps/1stFloorDone/8/KC/0TQFD60HE3GZT5WS3GN78Z.uasset" 7930
"../../../../../../Users/win11/Documents/GitHub/the-last-check-in/Content/__ExternalActors__/lukeWork/FirstPerson/Maps/1stFloorDone/8/KX/D2QT218JOPDY67RW13FO78.uasset" 7931
"../../../../../../Users/win11/Documents/GitHub/the-last-check-in/Content/__ExternalActors__/lukeWork/FirstPerson/Maps/1stFloorDone/8/NE/T3AZTYY873C2HEKIK6HRZH.uasset" 7932
"../../../../../../Users/win11/Documents/GitHub/the-last-check-in/Content/__ExternalActors__/lukeWork/FirstPerson/Maps/1stFloorDone/8/NM/BUC92UVE3L4EIAPMWY1INL.uasset" 7933
"../../../../../../Users/win11/Documents/GitHub/the-last-check-in/Content/__ExternalActors__/lukeWork/FirstPerson/Maps/1stFloorDone/8/OR/MADI9K9N5LXIGSGESSSHRE.uasset" 7934
"../../../../../../Users/win11/Documents/GitHub/the-last-check-in/Content/__ExternalActors__/lukeWork/FirstPerson/Maps/1stFloorDone/8/T2/RNLA2482RJYJTXK0JJ5OKJ.uasset" 7935
"../../../../../../Users/win11/Documents/GitHub/the-last-check-in/Content/__ExternalActors__/lukeWork/FirstPerson/Maps/1stFloorDone/8/U1/0KRQT0K1J0K0HFRKLYAEGP.uasset" 7936
"../../../../../../Users/win11/Documents/GitHub/the-last-check-in/Content/__ExternalActors__/lukeWork/FirstPerson/Maps/1stFloorDone/8/UP/OPP5U2IMHJVR7HO1EDOTBF.uasset" 7937
"../../../../../../Users/win11/Documents/GitHub/the-last-check-in/Content/__ExternalActors__/lukeWork/FirstPerson/Maps/1stFloorDone/8/XG/LVL8TX9GFVH18J1J40TQPX.uasset" 7938
"../../../../../../Users/win11/Documents/GitHub/the-last-check-in/Content/__ExternalActors__/lukeWork/FirstPerson/Maps/1stFloorDone/8/XS/KWNQ01WQ0Y49FDKOVCOHES.uasset" 7939
"../../../../../../Users/win11/Documents/GitHub/the-last-check-in/Content/__ExternalActors__/lukeWork/FirstPerson/Maps/1stFloorDone/8/YO/Q51R4DHQ5KHU0WW9CSJWRC.uasset" 7940
"../../../../../../Users/win11/Documents/GitHub/the-last-check-in/Content/__ExternalActors__/lukeWork/FirstPerson/Maps/1stFloorDone/8/YT/CAMLE84ACVZX25BB0JS198.uasset" 7941
"../../../../../../Users/win11/Documents/GitHub/the-last-check-in/Content/__ExternalActors__/lukeWork/FirstPerson/Maps/1stFloorDone/8/Z6/63389VHV5TMTZZ5IBO29CF.uasset" 7942
"../../../../../../Users/win11/Documents/GitHub/the-last-check-in/Content/__ExternalActors__/lukeWork/FirstPerson/Maps/1stFloorDone/9/0A/1D8RN6BO0X67M09MQ7JNQC.uasset" 7943
"../../../../../../Users/win11/Documents/GitHub/the-last-check-in/Content/__ExternalActors__/lukeWork/FirstPerson/Maps/1stFloorDone/9/1V/XZ0IB92SCECQOTXJWSS0WL.uasset" 7944
"../../../../../../Users/win11/Documents/GitHub/the-last-check-in/Content/__ExternalActors__/lukeWork/FirstPerson/Maps/1stFloorDone/9/30/Y1QTWHHI4I4W9J0CZEO5FU.uasset" 7945
"../../../../../../Users/win11/Documents/GitHub/the-last-check-in/Content/__ExternalActors__/lukeWork/FirstPerson/Maps/1stFloorDone/9/3K/AVXSJYJ9ACDKEVN0WWDU6R.uasset" 7946
"../../../../../../Users/win11/Documents/GitHub/the-last-check-in/Content/__ExternalActors__/lukeWork/FirstPerson/Maps/1stFloorDone/9/4V/ZWK8FCG4I7266YSMJQYH95.uasset" 7947
"../../../../../../Users/win11/Documents/GitHub/the-last-check-in/Content/__ExternalActors__/lukeWork/FirstPerson/Maps/1stFloorDone/9/7F/QV16IPYKSW2AADQY2M6K9W.uasset" 7948
"../../../../../../Users/win11/Documents/GitHub/the-last-check-in/Content/__ExternalActors__/lukeWork/FirstPerson/Maps/1stFloorDone/9/98/8Z3CRSGN0PZZ669WH23K5J.uasset" 7949
"../../../../../../Users/win11/Documents/GitHub/the-last-check-in/Content/__ExternalActors__/lukeWork/FirstPerson/Maps/1stFloorDone/9/9X/M2RSS3U4X1XGKDT0GGAAX5.uasset" 7950
"../../../../../../Users/win11/Documents/GitHub/the-last-check-in/Content/__ExternalActors__/lukeWork/FirstPerson/Maps/1stFloorDone/9/A5/B6WVZ4YVPSLU7TD5TF3WLL.uasset" 7951
"../../../../../../Users/win11/Documents/GitHub/the-last-check-in/Content/__ExternalActors__/lukeWork/FirstPerson/Maps/1stFloorDone/9/CU/GDQST8HU5853I6PI16MMAS.uasset" 7952
"../../../../../../Users/win11/Documents/GitHub/the-last-check-in/Content/__ExternalActors__/lukeWork/FirstPerson/Maps/1stFloorDone/9/DN/UQJ6ASTBR7TJ5A892S8XTD.uasset" 7953
"../../../../../../Users/win11/Documents/GitHub/the-last-check-in/Content/__ExternalActors__/lukeWork/FirstPerson/Maps/1stFloorDone/9/DX/02B47L20DYSL9YKXC1FK5N.uasset" 7954
"../../../../../../Users/win11/Documents/GitHub/the-last-check-in/Content/__ExternalActors__/lukeWork/FirstPerson/Maps/1stFloorDone/9/EM/VT2ZRNPT7ALQGJJQTZGPR4.uasset" 7955
"../../../../../../Users/win11/Documents/GitHub/the-last-check-in/Content/__ExternalActors__/lukeWork/FirstPerson/Maps/1stFloorDone/9/EQ/786XO5UA6EZXIL325FPAYM.uasset" 7956
"../../../../../../Users/win11/Documents/GitHub/the-last-check-in/Content/__ExternalActors__/lukeWork/FirstPerson/Maps/1stFloorDone/9/FL/M1CSZLSVVDTWXZ7MNUIV32.uasset" 7957
"../../../../../../Users/win11/Documents/GitHub/the-last-check-in/Content/__ExternalActors__/lukeWork/FirstPerson/Maps/1stFloorDone/9/FU/568XQHAPMN7BX2H1IVUIJT.uasset" 7958
"../../../../../../Users/win11/Documents/GitHub/the-last-check-in/Content/__ExternalActors__/lukeWork/FirstPerson/Maps/1stFloorDone/9/G4/JBW53DU76BL06POOOIBMES.uasset" 7959
"../../../../../../Users/win11/Documents/GitHub/the-last-check-in/Content/__ExternalActors__/lukeWork/FirstPerson/Maps/1stFloorDone/9/HU/F9OPO5WJ12JLG8T9QPWWLA.uasset" 7960
"../../../../../../Users/win11/Documents/GitHub/the-last-check-in/Content/__ExternalActors__/lukeWork/FirstPerson/Maps/1stFloorDone/9/I5/GI97LG9DW71118MDT3J61W.uasset" 7961
"../../../../../../Users/win11/Documents/GitHub/the-last-check-in/Content/__ExternalActors__/lukeWork/FirstPerson/Maps/1stFloorDone/9/IB/MHO4CJ4NL1WWSQWTS70GT1.uasset" 7962
"../../../../../../Users/win11/Documents/GitHub/the-last-check-in/Content/__ExternalActors__/lukeWork/FirstPerson/Maps/1stFloorDone/9/J0/ZU8TD7P9CLPJSREK59T0V2.uasset" 7963
"../../../../../../Users/win11/Documents/GitHub/the-last-check-in/Content/__ExternalActors__/lukeWork/FirstPerson/Maps/1stFloorDone/9/KE/3BLF0MND1ICQ1SEITE8IS7.uasset" 7964
"../../../../../../Users/win11/Documents/GitHub/the-last-check-in/Content/__ExternalActors__/lukeWork/FirstPerson/Maps/1stFloorDone/9/L5/65BYMUWAHMI39V0YWYX2SG.uasset" 7965
"../../../../../../Users/win11/Documents/GitHub/the-last-check-in/Content/__ExternalActors__/lukeWork/FirstPerson/Maps/1stFloorDone/9/LC/6Q7QRZMUTZ1FYHWLQCU32D.uasset" 7966
"../../../../../../Users/win11/Documents/GitHub/the-last-check-in/Content/__ExternalActors__/lukeWork/FirstPerson/Maps/1stFloorDone/9/LL/MHFZABVHDWUW41999XQASL.uasset" 7967
"../../../../../../Users/win11/Documents/GitHub/the-last-check-in/Content/__ExternalActors__/lukeWork/FirstPerson/Maps/1stFloorDone/9/LN/KDTS4LMN6FS0OL7A18DAEJ.uasset" 7968
"../../../../../../Users/win11/Documents/GitHub/the-last-check-in/Content/__ExternalActors__/lukeWork/FirstPerson/Maps/1stFloorDone/9/MZ/IFY3HIIV2CVI41F9QMHL1P.uasset" 7969
"../../../../../../Users/win11/Documents/GitHub/the-last-check-in/Content/__ExternalActors__/lukeWork/FirstPerson/Maps/1stFloorDone/9/O4/RHQCNQGZCWXKYJS88TBB6Z.uasset" 7970
"../../../../../../Users/win11/Documents/GitHub/the-last-check-in/Content/__ExternalActors__/lukeWork/FirstPerson/Maps/1stFloorDone/9/OJ/2JBIFWQVZWCFXLPE86QNMD.uasset" 7971
"../../../../../../Users/win11/Documents/GitHub/the-last-check-in/Content/__ExternalActors__/lukeWork/FirstPerson/Maps/1stFloorDone/9/OR/0Q2UMN9BCZGYR3N90SI1R4.uasset" 7972
"../../../../../../Users/win11/Documents/GitHub/the-last-check-in/Content/__ExternalActors__/lukeWork/FirstPerson/Maps/1stFloorDone/9/P8/75CXT29JHO0H2PMLHLACNN.uasset" 7973
"../../../../../../Users/win11/Documents/GitHub/the-last-check-in/Content/__ExternalActors__/lukeWork/FirstPerson/Maps/1stFloorDone/9/QF/LD6NL0KL0EGZ8VFXASMCJC.uasset" 7974
"../../../../../../Users/win11/Documents/GitHub/the-last-check-in/Content/__ExternalActors__/lukeWork/FirstPerson/Maps/1stFloorDone/9/QQ/78ZC7JZQL0FN51LER1K4V3.uasset" 7975
"../../../../../../Users/win11/Documents/GitHub/the-last-check-in/Content/__ExternalActors__/lukeWork/FirstPerson/Maps/1stFloorDone/9/QT/VG5IQ69JRZ2QLMGD82FHZJ.uasset" 7976
"../../../../../../Users/win11/Documents/GitHub/the-last-check-in/Content/__ExternalActors__/lukeWork/FirstPerson/Maps/1stFloorDone/9/S3/LIO3RDT50IPAJS6FUXURYC.uasset" 7977
"../../../../../../Users/win11/Documents/GitHub/the-last-check-in/Content/__ExternalActors__/lukeWork/FirstPerson/Maps/1stFloorDone/9/U4/J3MD7LRT142JAHC4WSBQ3Y.uasset" 7978
"../../../../../../Users/win11/Documents/GitHub/the-last-check-in/Content/__ExternalActors__/lukeWork/FirstPerson/Maps/1stFloorDone/9/UY/HW46NXDCWB1BZD0WSRFZP7.uasset" 7979
"../../../../../../Users/win11/Documents/GitHub/the-last-check-in/Content/__ExternalActors__/lukeWork/FirstPerson/Maps/1stFloorDone/9/W7/KKMJ1XU4GCM057ARWRRS3A.uasset" 7980
"../../../../../../Users/win11/Documents/GitHub/the-last-check-in/Content/__ExternalActors__/lukeWork/FirstPerson/Maps/1stFloorDone/9/X5/8Z194J1MBVWHIPM6TDSJLY.uasset" 7981
"../../../../../../Users/win11/Documents/GitHub/the-last-check-in/Content/__ExternalActors__/lukeWork/FirstPerson/Maps/1stFloorDone/A/0V/EV4A1JMH3XGOZ58E79W0MF.uasset" 7982
"../../../../../../Users/win11/Documents/GitHub/the-last-check-in/Content/__ExternalActors__/lukeWork/FirstPerson/Maps/1stFloorDone/A/1Q/Q100A0UI95VIQM6HPVIXJD.uasset" 7983
"../../../../../../Users/win11/Documents/GitHub/the-last-check-in/Content/__ExternalActors__/lukeWork/FirstPerson/Maps/1stFloorDone/A/3J/1KAINTGRZNPE932TMKNBF1.uasset" 7984
"../../../../../../Users/win11/Documents/GitHub/the-last-check-in/Content/__ExternalActors__/lukeWork/FirstPerson/Maps/1stFloorDone/A/4K/D02OE8X5X3JFPQCCYS49SW.uasset" 7985
"../../../../../../Users/win11/Documents/GitHub/the-last-check-in/Content/__ExternalActors__/lukeWork/FirstPerson/Maps/1stFloorDone/A/5L/9XICYP7L1ZIOFXXQB80DEC.uasset" 7986
"../../../../../../Users/win11/Documents/GitHub/the-last-check-in/Content/__ExternalActors__/lukeWork/FirstPerson/Maps/1stFloorDone/A/5U/YLTBPRHME9SP1GEC3O6WW7.uasset" 7987
"../../../../../../Users/win11/Documents/GitHub/the-last-check-in/Content/__ExternalActors__/lukeWork/FirstPerson/Maps/1stFloorDone/A/6C/PUKMBH7Y08IWHIOK2W89BK.uasset" 7988
"../../../../../../Users/win11/Documents/GitHub/the-last-check-in/Content/__ExternalActors__/lukeWork/FirstPerson/Maps/1stFloorDone/A/6L/T9JYP5J64NT05Y4UMMXYTJ.uasset" 7989
"../../../../../../Users/win11/Documents/GitHub/the-last-check-in/Content/__ExternalActors__/lukeWork/FirstPerson/Maps/1stFloorDone/A/73/W9U0Z6XYKM65L9FWDZOOIK.uasset" 7990
"../../../../../../Users/win11/Documents/GitHub/the-last-check-in/Content/__ExternalActors__/lukeWork/FirstPerson/Maps/1stFloorDone/A/9L/86G74GCCVJX8Z3UHCT4OGH.uasset" 7991
"../../../../../../Users/win11/Documents/GitHub/the-last-check-in/Content/__ExternalActors__/lukeWork/FirstPerson/Maps/1stFloorDone/A/AA/MEUXUWUCLBTCRXVIDUBSV9.uasset" 7992
"../../../../../../Users/win11/Documents/GitHub/the-last-check-in/Content/__ExternalActors__/lukeWork/FirstPerson/Maps/1stFloorDone/A/AD/LTWDRKKU3474RK6NPFKI8X.uasset" 7993
"../../../../../../Users/win11/Documents/GitHub/the-last-check-in/Content/__ExternalActors__/lukeWork/FirstPerson/Maps/1stFloorDone/A/BE/WW7BNJ44II849W8HWHO167.uasset" 7994
"../../../../../../Users/win11/Documents/GitHub/the-last-check-in/Content/__ExternalActors__/lukeWork/FirstPerson/Maps/1stFloorDone/A/BM/NDEZ101A353ID60IMTU64O.uasset" 7995
"../../../../../../Users/win11/Documents/GitHub/the-last-check-in/Content/__ExternalActors__/lukeWork/FirstPerson/Maps/1stFloorDone/A/BY/QD3SXYXYZ2Y1H6TGMZAR3O.uasset" 7996
"../../../../../../Users/win11/Documents/GitHub/the-last-check-in/Content/__ExternalActors__/lukeWork/FirstPerson/Maps/1stFloorDone/A/DR/R77D476CGJH2H2PYE7O4XY.uasset" 7997
"../../../../../../Users/win11/Documents/GitHub/the-last-check-in/Content/__ExternalActors__/lukeWork/FirstPerson/Maps/1stFloorDone/A/EV/FUOXEJ9CTBU12XY6NS1UPU.uasset" 7998
"../../../../../../Users/win11/Documents/GitHub/the-last-check-in/Content/__ExternalActors__/lukeWork/FirstPerson/Maps/1stFloorDone/A/FD/MDW4JMB9AKSAWUH7BJMYA9.uasset" 7999
"../../../../../../Users/win11/Documents/GitHub/the-last-check-in/Content/__ExternalActors__/lukeWork/FirstPerson/Maps/1stFloorDone/A/FF/ASFOLLVM9GDBKN596N88KB.uasset" 8000
"../../../../../../Users/win11/Documents/GitHub/the-last-check-in/Content/__ExternalActors__/lukeWork/FirstPerson/Maps/1stFloorDone/A/FP/N4XCXP6439TOWEY6QQ0DR8.uasset" 8001
"../../../../../../Users/win11/Documents/GitHub/the-last-check-in/Content/__ExternalActors__/lukeWork/FirstPerson/Maps/1stFloorDone/A/H1/4XIK0WHBEYSW0YZJAWBIAM.uasset" 8002
"../../../../../../Users/win11/Documents/GitHub/the-last-check-in/Content/__ExternalActors__/lukeWork/FirstPerson/Maps/1stFloorDone/A/HB/5CF5JWR7UDGOCOGSYJWCNP.uasset" 8003
"../../../../../../Users/win11/Documents/GitHub/the-last-check-in/Content/__ExternalActors__/lukeWork/FirstPerson/Maps/1stFloorDone/A/IR/0NAXNAVCLQJLY75YSRTA13.uasset" 8004
"../../../../../../Users/win11/Documents/GitHub/the-last-check-in/Content/__ExternalActors__/lukeWork/FirstPerson/Maps/1stFloorDone/A/JZ/PUNARWJ6OO1CCQ80IN6HLS.uasset" 8005
"../../../../../../Users/win11/Documents/GitHub/the-last-check-in/Content/__ExternalActors__/lukeWork/FirstPerson/Maps/1stFloorDone/A/K9/CO0QR8POMHT4A6YPB3GROG.uasset" 8006
"../../../../../../Users/win11/Documents/GitHub/the-last-check-in/Content/__ExternalActors__/lukeWork/FirstPerson/Maps/1stFloorDone/A/MF/5XQ4J33HF5STJFRM3O4TQA.uasset" 8007
"../../../../../../Users/win11/Documents/GitHub/the-last-check-in/Content/__ExternalActors__/lukeWork/FirstPerson/Maps/1stFloorDone/A/MJ/LBBIVRR09Y2AMNPJ5N2W75.uasset" 8008
"../../../../../../Users/win11/Documents/GitHub/the-last-check-in/Content/__ExternalActors__/lukeWork/FirstPerson/Maps/1stFloorDone/A/N5/ZN2MXLONRA4OG9VXJ4WK83.uasset" 8009
"../../../../../../Users/win11/Documents/GitHub/the-last-check-in/Content/__ExternalActors__/lukeWork/FirstPerson/Maps/1stFloorDone/A/N8/XU1T9N1SEMC1GKM9JM7UWU.uasset" 8010
"../../../../../../Users/win11/Documents/GitHub/the-last-check-in/Content/__ExternalActors__/lukeWork/FirstPerson/Maps/1stFloorDone/A/NR/DXM9AV72K06JB37XM4Q0F4.uasset" 8011
"../../../../../../Users/win11/Documents/GitHub/the-last-check-in/Content/__ExternalActors__/lukeWork/FirstPerson/Maps/1stFloorDone/A/O3/8U8L2D6YSZBXH920YMP9XS.uasset" 8012
"../../../../../../Users/win11/Documents/GitHub/the-last-check-in/Content/__ExternalActors__/lukeWork/FirstPerson/Maps/1stFloorDone/A/OH/CUR69ITJENOE7KFHV5Z6PP.uasset" 8013
"../../../../../../Users/win11/Documents/GitHub/the-last-check-in/Content/__ExternalActors__/lukeWork/FirstPerson/Maps/1stFloorDone/A/PQ/R1NUIGG68XXRVBKJP7342I.uasset" 8014
"../../../../../../Users/win11/Documents/GitHub/the-last-check-in/Content/__ExternalActors__/lukeWork/FirstPerson/Maps/1stFloorDone/A/QT/QX9BHQL8YWK9PEUJ37WS5B.uasset" 8015
"../../../../../../Users/win11/Documents/GitHub/the-last-check-in/Content/__ExternalActors__/lukeWork/FirstPerson/Maps/1stFloorDone/A/T7/NFRDW2T8HY03TVSL1VGO0G.uasset" 8016
"../../../../../../Users/win11/Documents/GitHub/the-last-check-in/Content/__ExternalActors__/lukeWork/FirstPerson/Maps/1stFloorDone/A/TL/R6X97FLNVCG41MH5PTATNW.uasset" 8017
"../../../../../../Users/win11/Documents/GitHub/the-last-check-in/Content/__ExternalActors__/lukeWork/FirstPerson/Maps/1stFloorDone/A/UD/KK3R9YISE70N965P74JKEU.uasset" 8018
"../../../../../../Users/win11/Documents/GitHub/the-last-check-in/Content/__ExternalActors__/lukeWork/FirstPerson/Maps/1stFloorDone/A/WH/RMZ306DEYXS3LD7G6EU8GR.uasset" 8019
"../../../../../../Users/win11/Documents/GitHub/the-last-check-in/Content/__ExternalActors__/lukeWork/FirstPerson/Maps/1stFloorDone/B/07/SSPBFAO0KRNXNXA2L2KDGC.uasset" 8020
"../../../../../../Users/win11/Documents/GitHub/the-last-check-in/Content/__ExternalActors__/lukeWork/FirstPerson/Maps/1stFloorDone/B/15/RR6U8G1487TQFFAAAQBJS5.uasset" 8021
"../../../../../../Users/win11/Documents/GitHub/the-last-check-in/Content/__ExternalActors__/lukeWork/FirstPerson/Maps/1stFloorDone/B/2I/8O2OY8GJJ33CFYEXQFIJUL.uasset" 8022
"../../../../../../Users/win11/Documents/GitHub/the-last-check-in/Content/__ExternalActors__/lukeWork/FirstPerson/Maps/1stFloorDone/B/3V/IYUURUNTUJ8PW0GORMSVEP.uasset" 8023
"../../../../../../Users/win11/Documents/GitHub/the-last-check-in/Content/__ExternalActors__/lukeWork/FirstPerson/Maps/1stFloorDone/B/4V/JMV6YO5NQLN5UO8IDIF7IJ.uasset" 8024
"../../../../../../Users/win11/Documents/GitHub/the-last-check-in/Content/__ExternalActors__/lukeWork/FirstPerson/Maps/1stFloorDone/B/53/G4SWI7GZ1I2QTENEE9LZ27.uasset" 8025
"../../../../../../Users/win11/Documents/GitHub/the-last-check-in/Content/__ExternalActors__/lukeWork/FirstPerson/Maps/1stFloorDone/B/5F/HTQ5S6C6AC0YRIQ8LSUMNI.uasset" 8026
"../../../../../../Users/win11/Documents/GitHub/the-last-check-in/Content/__ExternalActors__/lukeWork/FirstPerson/Maps/1stFloorDone/B/6Y/CGGGE7HXHY2MBG21QTK7ZC.uasset" 8027
"../../../../../../Users/win11/Documents/GitHub/the-last-check-in/Content/__ExternalActors__/lukeWork/FirstPerson/Maps/1stFloorDone/B/7C/WUWYIGQ0MFO2FF5CZLBLCE.uasset" 8028
"../../../../../../Users/win11/Documents/GitHub/the-last-check-in/Content/__ExternalActors__/lukeWork/FirstPerson/Maps/1stFloorDone/B/8K/83T4BJ0FXT6K2QNFVHZ2KN.uasset" 8029
"../../../../../../Users/win11/Documents/GitHub/the-last-check-in/Content/__ExternalActors__/lukeWork/FirstPerson/Maps/1stFloorDone/B/A2/3AE8A1SS51OY54J9T4P1B7.uasset" 8030
"../../../../../../Users/win11/Documents/GitHub/the-last-check-in/Content/__ExternalActors__/lukeWork/FirstPerson/Maps/1stFloorDone/B/CQ/URBOYS0FTGLWAE633GXX37.uasset" 8031
"../../../../../../Users/win11/Documents/GitHub/the-last-check-in/Content/__ExternalActors__/lukeWork/FirstPerson/Maps/1stFloorDone/B/CV/8T27NZBJ4KRXAY4DSO2UKK.uasset" 8032
"../../../../../../Users/win11/Documents/GitHub/the-last-check-in/Content/__ExternalActors__/lukeWork/FirstPerson/Maps/1stFloorDone/B/CY/X8434GP2YO7AV1R3Z3CD2V.uasset" 8033
"../../../../../../Users/win11/Documents/GitHub/the-last-check-in/Content/__ExternalActors__/lukeWork/FirstPerson/Maps/1stFloorDone/B/HK/1IE5EXIVVELK81NW1QYIVV.uasset" 8034
"../../../../../../Users/win11/Documents/GitHub/the-last-check-in/Content/__ExternalActors__/lukeWork/FirstPerson/Maps/1stFloorDone/B/HU/8CQM91AS2A46HX6SRCE264.uasset" 8035
"../../../../../../Users/win11/Documents/GitHub/the-last-check-in/Content/__ExternalActors__/lukeWork/FirstPerson/Maps/1stFloorDone/B/I4/B3NJLCSXEWT37UAVCS20YL.uasset" 8036
"../../../../../../Users/win11/Documents/GitHub/the-last-check-in/Content/__ExternalActors__/lukeWork/FirstPerson/Maps/1stFloorDone/B/IV/SGGUGG9Z9H71N6ST9E9KVQ.uasset" 8037
"../../../../../../Users/win11/Documents/GitHub/the-last-check-in/Content/__ExternalActors__/lukeWork/FirstPerson/Maps/1stFloorDone/B/KC/YTONAWUJ6XLH0XRM7J8Y9C.uasset" 8038
"../../../../../../Users/win11/Documents/GitHub/the-last-check-in/Content/__ExternalActors__/lukeWork/FirstPerson/Maps/1stFloorDone/B/KF/SZHYQKDV40I1PUGCVVGKJX.uasset" 8039
"../../../../../../Users/win11/Documents/GitHub/the-last-check-in/Content/__ExternalActors__/lukeWork/FirstPerson/Maps/1stFloorDone/B/KX/CF36A7JIQA5RN7DEMT91T4.uasset" 8040
"../../../../../../Users/win11/Documents/GitHub/the-last-check-in/Content/__ExternalActors__/lukeWork/FirstPerson/Maps/1stFloorDone/B/O8/RAKWII69UE1KJKETE36UTP.uasset" 8041
"../../../../../../Users/win11/Documents/GitHub/the-last-check-in/Content/__ExternalActors__/lukeWork/FirstPerson/Maps/1stFloorDone/B/OI/BWWBG61T3H9WCA43MBJF8B.uasset" 8042
"../../../../../../Users/win11/Documents/GitHub/the-last-check-in/Content/__ExternalActors__/lukeWork/FirstPerson/Maps/1stFloorDone/B/OJ/R90JW2N7LLZVLTW1TG9ZYT.uasset" 8043
"../../../../../../Users/win11/Documents/GitHub/the-last-check-in/Content/__ExternalActors__/lukeWork/FirstPerson/Maps/1stFloorDone/B/P3/RK9PR02UFRBA3ACRRZFNWM.uasset" 8044
"../../../../../../Users/win11/Documents/GitHub/the-last-check-in/Content/__ExternalActors__/lukeWork/FirstPerson/Maps/1stFloorDone/B/Q8/JSVNMXME2YT475CBDW3OMQ.uasset" 8045
"../../../../../../Users/win11/Documents/GitHub/the-last-check-in/Content/__ExternalActors__/lukeWork/FirstPerson/Maps/1stFloorDone/B/RF/4JSJ7AZ92ZGYZBJOT7J8HG.uasset" 8046
"../../../../../../Users/win11/Documents/GitHub/the-last-check-in/Content/__ExternalActors__/lukeWork/FirstPerson/Maps/1stFloorDone/B/RV/AGTV3VNPYFXBPWV090Q4E4.uasset" 8047
"../../../../../../Users/win11/Documents/GitHub/the-last-check-in/Content/__ExternalActors__/lukeWork/FirstPerson/Maps/1stFloorDone/B/UG/RDJMXA23NLUPWWAU045ZKB.uasset" 8048
"../../../../../../Users/win11/Documents/GitHub/the-last-check-in/Content/__ExternalActors__/lukeWork/FirstPerson/Maps/1stFloorDone/B/V6/MSWQC2YO2FE71AWL8RT5MT.uasset" 8049
"../../../../../../Users/win11/Documents/GitHub/the-last-check-in/Content/__ExternalActors__/lukeWork/FirstPerson/Maps/1stFloorDone/B/VB/B4JXBL8T01SBA9JFPRL7VB.uasset" 8050
"../../../../../../Users/win11/Documents/GitHub/the-last-check-in/Content/__ExternalActors__/lukeWork/FirstPerson/Maps/1stFloorDone/B/XD/RBIEUR79RPPPSRBV8PD4M8.uasset" 8051
"../../../../../../Users/win11/Documents/GitHub/the-last-check-in/Content/__ExternalActors__/lukeWork/FirstPerson/Maps/1stFloorDone/B/XL/NX1298O2Q5Z4YN8J3O7FKZ.uasset" 8052
"../../../../../../Users/win11/Documents/GitHub/the-last-check-in/Content/__ExternalActors__/lukeWork/FirstPerson/Maps/1stFloorDone/B/YA/RBMJ5HUFKVQDQRBAJ8WQHT.uasset" 8053
"../../../../../../Users/win11/Documents/GitHub/the-last-check-in/Content/__ExternalActors__/lukeWork/FirstPerson/Maps/1stFloorDone/B/YI/9U7DNVC24KBNJ6XIB30RDI.uasset" 8054
"../../../../../../Users/win11/Documents/GitHub/the-last-check-in/Content/__ExternalActors__/lukeWork/FirstPerson/Maps/1stFloorDone/B/ZL/9LUWLHBXGGD8LV3X70231R.uasset" 8055
"../../../../../../Users/win11/Documents/GitHub/the-last-check-in/Content/__ExternalActors__/lukeWork/FirstPerson/Maps/1stFloorDone/C/08/TFD6UEXDQ4LWAD3KE4TBII.uasset" 8056
"../../../../../../Users/win11/Documents/GitHub/the-last-check-in/Content/__ExternalActors__/lukeWork/FirstPerson/Maps/1stFloorDone/C/1X/UJLDYUTWY8MBDECF6YD8ZP.uasset" 8057
"../../../../../../Users/win11/Documents/GitHub/the-last-check-in/Content/__ExternalActors__/lukeWork/FirstPerson/Maps/1stFloorDone/C/2M/M769XL7TC1JFXV4GVN5CLL.uasset" 8058
"../../../../../../Users/win11/Documents/GitHub/the-last-check-in/Content/__ExternalActors__/lukeWork/FirstPerson/Maps/1stFloorDone/C/30/RI9SNWSNDGXKOHFDDXII1U.uasset" 8059
"../../../../../../Users/win11/Documents/GitHub/the-last-check-in/Content/__ExternalActors__/lukeWork/FirstPerson/Maps/1stFloorDone/C/3J/5WXLGBVLO3IRF6RPPHKX7Y.uasset" 8060
"../../../../../../Users/win11/Documents/GitHub/the-last-check-in/Content/__ExternalActors__/lukeWork/FirstPerson/Maps/1stFloorDone/C/3U/QUCTCVX7AQ19UNJZCW0M8C.uasset" 8061
"../../../../../../Users/win11/Documents/GitHub/the-last-check-in/Content/__ExternalActors__/lukeWork/FirstPerson/Maps/1stFloorDone/C/3X/MPJTA44YUNS9RHL36DWEF3.uasset" 8062
"../../../../../../Users/win11/Documents/GitHub/the-last-check-in/Content/__ExternalActors__/lukeWork/FirstPerson/Maps/1stFloorDone/C/4V/BGU13ITLI52O45YL55THYC.uasset" 8063
"../../../../../../Users/win11/Documents/GitHub/the-last-check-in/Content/__ExternalActors__/lukeWork/FirstPerson/Maps/1stFloorDone/C/9E/YDH2NJFILXI4BF9ICMN16T.uasset" 8064
"../../../../../../Users/win11/Documents/GitHub/the-last-check-in/Content/__ExternalActors__/lukeWork/FirstPerson/Maps/1stFloorDone/C/DK/NXHUYX1FZ72A86F88RI205.uasset" 8065
"../../../../../../Users/win11/Documents/GitHub/the-last-check-in/Content/__ExternalActors__/lukeWork/FirstPerson/Maps/1stFloorDone/C/E4/ZEWBME7LRM0FT61Q5S0OCH.uasset" 8066
"../../../../../../Users/win11/Documents/GitHub/the-last-check-in/Content/__ExternalActors__/lukeWork/FirstPerson/Maps/1stFloorDone/C/E5/6C86YG3SOX1ACXVYOMRGOV.uasset" 8067
"../../../../../../Users/win11/Documents/GitHub/the-last-check-in/Content/__ExternalActors__/lukeWork/FirstPerson/Maps/1stFloorDone/C/E6/7917K33S5PB5PW24Y48GQY.uasset" 8068
"../../../../../../Users/win11/Documents/GitHub/the-last-check-in/Content/__ExternalActors__/lukeWork/FirstPerson/Maps/1stFloorDone/C/HE/E4NDBIOSP5THXH23QMRHLQ.uasset" 8069
"../../../../../../Users/win11/Documents/GitHub/the-last-check-in/Content/__ExternalActors__/lukeWork/FirstPerson/Maps/1stFloorDone/C/HR/ROKH3EBQGZVDXMYDDDYPOE.uasset" 8070
"../../../../../../Users/win11/Documents/GitHub/the-last-check-in/Content/__ExternalActors__/lukeWork/FirstPerson/Maps/1stFloorDone/C/IB/JXDSR9UCMD3PNW0W70IQLK.uasset" 8071
"../../../../../../Users/win11/Documents/GitHub/the-last-check-in/Content/__ExternalActors__/lukeWork/FirstPerson/Maps/1stFloorDone/C/J9/C0A4WOYIFPFBF54GQW1JL5.uasset" 8072
"../../../../../../Users/win11/Documents/GitHub/the-last-check-in/Content/__ExternalActors__/lukeWork/FirstPerson/Maps/1stFloorDone/C/JI/65AY3TG1325YH225KPB9Q3.uasset" 8073
"../../../../../../Users/win11/Documents/GitHub/the-last-check-in/Content/__ExternalActors__/lukeWork/FirstPerson/Maps/1stFloorDone/C/JN/LB6QQBR9RP0EBSKL1233FI.uasset" 8074
"../../../../../../Users/win11/Documents/GitHub/the-last-check-in/Content/__ExternalActors__/lukeWork/FirstPerson/Maps/1stFloorDone/C/KU/AUFWYTXSN4B9LHMTBNV3SM.uasset" 8075
"../../../../../../Users/win11/Documents/GitHub/the-last-check-in/Content/__ExternalActors__/lukeWork/FirstPerson/Maps/1stFloorDone/C/M3/18AFAMXMHY6YS8I4851YPN.uasset" 8076
"../../../../../../Users/win11/Documents/GitHub/the-last-check-in/Content/__ExternalActors__/lukeWork/FirstPerson/Maps/1stFloorDone/C/NZ/R0NZ0H7MFUCHCQMZD7GPL7.uasset" 8077
"../../../../../../Users/win11/Documents/GitHub/the-last-check-in/Content/__ExternalActors__/lukeWork/FirstPerson/Maps/1stFloorDone/C/PE/W0INH7Z6U9Y3W4J5QX4VEZ.uasset" 8078
"../../../../../../Users/win11/Documents/GitHub/the-last-check-in/Content/__ExternalActors__/lukeWork/FirstPerson/Maps/1stFloorDone/C/QT/1M8OSSSPHY58EBGPIX6I9U.uasset" 8079
"../../../../../../Users/win11/Documents/GitHub/the-last-check-in/Content/__ExternalActors__/lukeWork/FirstPerson/Maps/1stFloorDone/C/RQ/UVLYKOCY8DJAPI4ESJWKRU.uasset" 8080
"../../../../../../Users/win11/Documents/GitHub/the-last-check-in/Content/__ExternalActors__/lukeWork/FirstPerson/Maps/1stFloorDone/C/TD/RU8M0EPLKM4U6ZAGKRYV80.uasset" 8081
"../../../../../../Users/win11/Documents/GitHub/the-last-check-in/Content/__ExternalActors__/lukeWork/FirstPerson/Maps/1stFloorDone/C/TP/G0GGOQAL32X2DOQP7O7OTM.uasset" 8082
"../../../../../../Users/win11/Documents/GitHub/the-last-check-in/Content/__ExternalActors__/lukeWork/FirstPerson/Maps/1stFloorDone/C/U9/TE1WD4Q17EFP06DIZMP6LJ.uasset" 8083
"../../../../../../Users/win11/Documents/GitHub/the-last-check-in/Content/__ExternalActors__/lukeWork/FirstPerson/Maps/1stFloorDone/C/UB/0C6AX3OSZF36RG4NQ668D2.uasset" 8084
"../../../../../../Users/win11/Documents/GitHub/the-last-check-in/Content/__ExternalActors__/lukeWork/FirstPerson/Maps/1stFloorDone/C/UJ/BN0DLE9JMS7KHQA4VNUXIF.uasset" 8085
"../../../../../../Users/win11/Documents/GitHub/the-last-check-in/Content/__ExternalActors__/lukeWork/FirstPerson/Maps/1stFloorDone/C/VW/5QA6WA9V8QS4T0OLFAD55J.uasset" 8086
"../../../../../../Users/win11/Documents/GitHub/the-last-check-in/Content/__ExternalActors__/lukeWork/FirstPerson/Maps/1stFloorDone/C/WW/400UHNBSGRUVKP4I16H8DO.uasset" 8087
"../../../../../../Users/win11/Documents/GitHub/the-last-check-in/Content/__ExternalActors__/lukeWork/FirstPerson/Maps/1stFloorDone/D/06/44CCWDHPNNVDJJ0G71CBGG.uasset" 8088
"../../../../../../Users/win11/Documents/GitHub/the-last-check-in/Content/__ExternalActors__/lukeWork/FirstPerson/Maps/1stFloorDone/D/0A/84X8GX0YDV4NKNMJOHCFTS.uasset" 8089
"../../../../../../Users/win11/Documents/GitHub/the-last-check-in/Content/__ExternalActors__/lukeWork/FirstPerson/Maps/1stFloorDone/D/1F/9YCB72D8JZ2I9HBXJVMXH4.uasset" 8090
"../../../../../../Users/win11/Documents/GitHub/the-last-check-in/Content/__ExternalActors__/lukeWork/FirstPerson/Maps/1stFloorDone/D/3H/69ABSL0QE9BKZTDNA2M5QT.uasset" 8091
"../../../../../../Users/win11/Documents/GitHub/the-last-check-in/Content/__ExternalActors__/lukeWork/FirstPerson/Maps/1stFloorDone/D/5Q/SEW9WNBEBIIAMJ12RJS7VS.uasset" 8092
"../../../../../../Users/win11/Documents/GitHub/the-last-check-in/Content/__ExternalActors__/lukeWork/FirstPerson/Maps/1stFloorDone/D/5U/AJ8V7DRULYPDSJNY29VXI7.uasset" 8093
"../../../../../../Users/win11/Documents/GitHub/the-last-check-in/Content/__ExternalActors__/lukeWork/FirstPerson/Maps/1stFloorDone/D/60/TDCOG4YG0T4AJHWDFLJJND.uasset" 8094
"../../../../../../Users/win11/Documents/GitHub/the-last-check-in/Content/__ExternalActors__/lukeWork/FirstPerson/Maps/1stFloorDone/D/7C/AUSULMHMCE1Y9BFT6X7KAN.uasset" 8095
"../../../../../../Users/win11/Documents/GitHub/the-last-check-in/Content/__ExternalActors__/lukeWork/FirstPerson/Maps/1stFloorDone/D/8W/X54YLXX9E5XMXTN5KN2OGL.uasset" 8096
"../../../../../../Users/win11/Documents/GitHub/the-last-check-in/Content/__ExternalActors__/lukeWork/FirstPerson/Maps/1stFloorDone/D/AV/SZLASP2RIA9M545QCWEXC9.uasset" 8097
"../../../../../../Users/win11/Documents/GitHub/the-last-check-in/Content/__ExternalActors__/lukeWork/FirstPerson/Maps/1stFloorDone/D/BH/G187JQLKAK6CFDSV2J97TK.uasset" 8098
"../../../../../../Users/win11/Documents/GitHub/the-last-check-in/Content/__ExternalActors__/lukeWork/FirstPerson/Maps/1stFloorDone/D/CB/AW7X977QE1YVDO3G0B79KA.uasset" 8099
"../../../../../../Users/win11/Documents/GitHub/the-last-check-in/Content/__ExternalActors__/lukeWork/FirstPerson/Maps/1stFloorDone/D/CY/HE66ISUGBH4I07ZB4Y7KBG.uasset" 8100
"../../../../../../Users/win11/Documents/GitHub/the-last-check-in/Content/__ExternalActors__/lukeWork/FirstPerson/Maps/1stFloorDone/D/FZ/FX3O8JSKHX64QY83RPWC3A.uasset" 8101
"../../../../../../Users/win11/Documents/GitHub/the-last-check-in/Content/__ExternalActors__/lukeWork/FirstPerson/Maps/1stFloorDone/D/GH/VV4EOK7PA65T9V12RSW6G7.uasset" 8102
"../../../../../../Users/win11/Documents/GitHub/the-last-check-in/Content/__ExternalActors__/lukeWork/FirstPerson/Maps/1stFloorDone/D/H7/ZPUQBIT689UY0EG86RVPPK.uasset" 8103
"../../../../../../Users/win11/Documents/GitHub/the-last-check-in/Content/__ExternalActors__/lukeWork/FirstPerson/Maps/1stFloorDone/D/HQ/0XHHQTB96IX1UF4MALT5H1.uasset" 8104
"../../../../../../Users/win11/Documents/GitHub/the-last-check-in/Content/__ExternalActors__/lukeWork/FirstPerson/Maps/1stFloorDone/D/JL/RZYA9CESIDAL2HHBDDZWP3.uasset" 8105
"../../../../../../Users/win11/Documents/GitHub/the-last-check-in/Content/__ExternalActors__/lukeWork/FirstPerson/Maps/1stFloorDone/D/K5/ABMLCSM9YIGDR6JSVMFZ7D.uasset" 8106
"../../../../../../Users/win11/Documents/GitHub/the-last-check-in/Content/__ExternalActors__/lukeWork/FirstPerson/Maps/1stFloorDone/D/N4/W8MGBS2XVYPAXZ2PZZ5VWU.uasset" 8107
"../../../../../../Users/win11/Documents/GitHub/the-last-check-in/Content/__ExternalActors__/lukeWork/FirstPerson/Maps/1stFloorDone/D/PE/PG5PQWHB9NVWNSA7GOBODV.uasset" 8108
"../../../../../../Users/win11/Documents/GitHub/the-last-check-in/Content/__ExternalActors__/lukeWork/FirstPerson/Maps/1stFloorDone/D/PO/6EOPKE4LD7QH7UQGL6YJIJ.uasset" 8109
"../../../../../../Users/win11/Documents/GitHub/the-last-check-in/Content/__ExternalActors__/lukeWork/FirstPerson/Maps/1stFloorDone/D/R8/9B4GR0NUNFWQRJQKVS8J1G.uasset" 8110
"../../../../../../Users/win11/Documents/GitHub/the-last-check-in/Content/__ExternalActors__/lukeWork/FirstPerson/Maps/1stFloorDone/D/RZ/BB2X3PWDY1HI3JUBES2A8N.uasset" 8111
"../../../../../../Users/win11/Documents/GitHub/the-last-check-in/Content/__ExternalActors__/lukeWork/FirstPerson/Maps/1stFloorDone/D/SM/104EK4B35K0927BVFB4QIV.uasset" 8112
"../../../../../../Users/win11/Documents/GitHub/the-last-check-in/Content/__ExternalActors__/lukeWork/FirstPerson/Maps/1stFloorDone/D/SO/MOCMPEIB1J0ZVH3E6ZFJ57.uasset" 8113
"../../../../../../Users/win11/Documents/GitHub/the-last-check-in/Content/__ExternalActors__/lukeWork/FirstPerson/Maps/1stFloorDone/D/TN/6BAHZOHL6XPKO6LD9EOG10.uasset" 8114
"../../../../../../Users/win11/Documents/GitHub/the-last-check-in/Content/__ExternalActors__/lukeWork/FirstPerson/Maps/1stFloorDone/D/TP/3X2BSSLBBLMAENKVX1I6KF.uasset" 8115
"../../../../../../Users/win11/Documents/GitHub/the-last-check-in/Content/__ExternalActors__/lukeWork/FirstPerson/Maps/1stFloorDone/D/TX/V6YCLSL2ZZOUOP9ES71HNV.uasset" 8116
"../../../../../../Users/win11/Documents/GitHub/the-last-check-in/Content/__ExternalActors__/lukeWork/FirstPerson/Maps/1stFloorDone/D/U7/WHIG9M6KCB9V4LD4EGOVKL.uasset" 8117
"../../../../../../Users/win11/Documents/GitHub/the-last-check-in/Content/__ExternalActors__/lukeWork/FirstPerson/Maps/1stFloorDone/D/VP/3Z03ISLEFAKCUA7N36H8QT.uasset" 8118
"../../../../../../Users/win11/Documents/GitHub/the-last-check-in/Content/__ExternalActors__/lukeWork/FirstPerson/Maps/1stFloorDone/D/X9/BEU82KW4BJGUL7UY5UF8QL.uasset" 8119
"../../../../../../Users/win11/Documents/GitHub/the-last-check-in/Content/__ExternalActors__/lukeWork/FirstPerson/Maps/1stFloorDone/D/XW/5QWYJTKW5K8G4MN1H5IVIG.uasset" 8120
"../../../../../../Users/win11/Documents/GitHub/the-last-check-in/Content/__ExternalActors__/lukeWork/FirstPerson/Maps/1stFloorDone/D/YL/EYUOILU47KIFW1TX8YROLJ.uasset" 8121
"../../../../../../Users/win11/Documents/GitHub/the-last-check-in/Content/__ExternalActors__/lukeWork/FirstPerson/Maps/1stFloorDone/D/Z6/DKBJ1IGNC4N5GZ7HOBIR48.uasset" 8122
"../../../../../../Users/win11/Documents/GitHub/the-last-check-in/Content/__ExternalActors__/lukeWork/FirstPerson/Maps/1stFloorDone/D/Z8/TMJEOPJ1N8VB831CWI2FZ7.uasset" 8123
"../../../../../../Users/win11/Documents/GitHub/the-last-check-in/Content/__ExternalActors__/lukeWork/FirstPerson/Maps/1stFloorDone/E/0R/KSPTAW02G9J8UKJ14BTWAB.uasset" 8124
"../../../../../../Users/win11/Documents/GitHub/the-last-check-in/Content/__ExternalActors__/lukeWork/FirstPerson/Maps/1stFloorDone/E/0S/E7ASK1DO8RERI6IVJ4AMN4.uasset" 8125
"../../../../../../Users/win11/Documents/GitHub/the-last-check-in/Content/__ExternalActors__/lukeWork/FirstPerson/Maps/1stFloorDone/E/1D/QGXWN02C8LMA208866NTQN.uasset" 8126
"../../../../../../Users/win11/Documents/GitHub/the-last-check-in/Content/__ExternalActors__/lukeWork/FirstPerson/Maps/1stFloorDone/E/29/KTLLGUACS1SN7TX8FB6CT9.uasset" 8127
"../../../../../../Users/win11/Documents/GitHub/the-last-check-in/Content/__ExternalActors__/lukeWork/FirstPerson/Maps/1stFloorDone/E/2F/7CR3E8A4XTGSWCB5799K31.uasset" 8128
"../../../../../../Users/win11/Documents/GitHub/the-last-check-in/Content/__ExternalActors__/lukeWork/FirstPerson/Maps/1stFloorDone/E/2F/YOJJRV75LO3OUGCG5S8Z4J.uasset" 8129
"../../../../../../Users/win11/Documents/GitHub/the-last-check-in/Content/__ExternalActors__/lukeWork/FirstPerson/Maps/1stFloorDone/E/2W/RLKALF3RWX8X5DK1UVSRRW.uasset" 8130
"../../../../../../Users/win11/Documents/GitHub/the-last-check-in/Content/__ExternalActors__/lukeWork/FirstPerson/Maps/1stFloorDone/E/36/OFD8K26WJBBC38M2RQY66C.uasset" 8131
"../../../../../../Users/win11/Documents/GitHub/the-last-check-in/Content/__ExternalActors__/lukeWork/FirstPerson/Maps/1stFloorDone/E/45/VOJ8E06GTV37J0B5MMQ1F9.uasset" 8132
"../../../../../../Users/win11/Documents/GitHub/the-last-check-in/Content/__ExternalActors__/lukeWork/FirstPerson/Maps/1stFloorDone/E/4F/0HLK1RSSIPQDGBS5I2IS39.uasset" 8133
"../../../../../../Users/win11/Documents/GitHub/the-last-check-in/Content/__ExternalActors__/lukeWork/FirstPerson/Maps/1stFloorDone/E/4T/NAZV5PPSQS7CM1KHL6WP8B.uasset" 8134
"../../../../../../Users/win11/Documents/GitHub/the-last-check-in/Content/__ExternalActors__/lukeWork/FirstPerson/Maps/1stFloorDone/E/61/B2N8QKUJD8X0HHXL66B7ZX.uasset" 8135
"../../../../../../Users/win11/Documents/GitHub/the-last-check-in/Content/__ExternalActors__/lukeWork/FirstPerson/Maps/1stFloorDone/E/6E/SLDAPUM0C9C1UWQDLMXHGT.uasset" 8136
"../../../../../../Users/win11/Documents/GitHub/the-last-check-in/Content/__ExternalActors__/lukeWork/FirstPerson/Maps/1stFloorDone/E/8C/0BIRBIGLM21C4WJM193UXY.uasset" 8137
"../../../../../../Users/win11/Documents/GitHub/the-last-check-in/Content/__ExternalActors__/lukeWork/FirstPerson/Maps/1stFloorDone/E/95/AXH3KDZBQ6QVOCXES3WPAD.uasset" 8138
"../../../../../../Users/win11/Documents/GitHub/the-last-check-in/Content/__ExternalActors__/lukeWork/FirstPerson/Maps/1stFloorDone/E/9E/LBDEPTM2ATLGKB24QZ6EA1.uasset" 8139
"../../../../../../Users/win11/Documents/GitHub/the-last-check-in/Content/__ExternalActors__/lukeWork/FirstPerson/Maps/1stFloorDone/E/A2/IRCS75GIUDNS5L73O72OCU.uasset" 8140
"../../../../../../Users/win11/Documents/GitHub/the-last-check-in/Content/__ExternalActors__/lukeWork/FirstPerson/Maps/1stFloorDone/E/AA/VZ83PYUY8COTKJ60OPGOWQ.uasset" 8141
"../../../../../../Users/win11/Documents/GitHub/the-last-check-in/Content/__ExternalActors__/lukeWork/FirstPerson/Maps/1stFloorDone/E/B0/NSIYZ3WJE7Z6O14RRZF4X0.uasset" 8142
"../../../../../../Users/win11/Documents/GitHub/the-last-check-in/Content/__ExternalActors__/lukeWork/FirstPerson/Maps/1stFloorDone/E/B8/LTQNT0J56WY3KIABFD14CB.uasset" 8143
"../../../../../../Users/win11/Documents/GitHub/the-last-check-in/Content/__ExternalActors__/lukeWork/FirstPerson/Maps/1stFloorDone/E/CN/WJB83I0WJ7MWJ5I1XJV9TP.uasset" 8144
"../../../../../../Users/win11/Documents/GitHub/the-last-check-in/Content/__ExternalActors__/lukeWork/FirstPerson/Maps/1stFloorDone/E/FA/TMI4KGTQNDN4C1ER58MWK8.uasset" 8145
"../../../../../../Users/win11/Documents/GitHub/the-last-check-in/Content/__ExternalActors__/lukeWork/FirstPerson/Maps/1stFloorDone/E/IB/3PJRTR5O3TKDU7O0JYP0ZM.uasset" 8146
"../../../../../../Users/win11/Documents/GitHub/the-last-check-in/Content/__ExternalActors__/lukeWork/FirstPerson/Maps/1stFloorDone/E/IK/24GTB3MOM66IP98GIMR244.uasset" 8147
"../../../../../../Users/win11/Documents/GitHub/the-last-check-in/Content/__ExternalActors__/lukeWork/FirstPerson/Maps/1stFloorDone/E/JZ/M0T329GC7TOV2M5CZN5457.uasset" 8148
"../../../../../../Users/win11/Documents/GitHub/the-last-check-in/Content/__ExternalActors__/lukeWork/FirstPerson/Maps/1stFloorDone/E/K7/XMG4NNLO8GEVZ0A08ZK3A8.uasset" 8149
"../../../../../../Users/win11/Documents/GitHub/the-last-check-in/Content/__ExternalActors__/lukeWork/FirstPerson/Maps/1stFloorDone/E/KO/WW81PG5CG3HYKASYA993FT.uasset" 8150
"../../../../../../Users/win11/Documents/GitHub/the-last-check-in/Content/__ExternalActors__/lukeWork/FirstPerson/Maps/1stFloorDone/E/L4/FIV090JEHEOTOA0RGO60TQ.uasset" 8151
"../../../../../../Users/win11/Documents/GitHub/the-last-check-in/Content/__ExternalActors__/lukeWork/FirstPerson/Maps/1stFloorDone/E/OG/940RCAMQG5630ASTUM3CKT.uasset" 8152
"../../../../../../Users/win11/Documents/GitHub/the-last-check-in/Content/__ExternalActors__/lukeWork/FirstPerson/Maps/1stFloorDone/E/P4/FC98U2TNJ40L3OA4OICQ2G.uasset" 8153
"../../../../../../Users/win11/Documents/GitHub/the-last-check-in/Content/__ExternalActors__/lukeWork/FirstPerson/Maps/1stFloorDone/E/PO/Y8N998JDEVGVHAO8KML61N.uasset" 8154
"../../../../../../Users/win11/Documents/GitHub/the-last-check-in/Content/__ExternalActors__/lukeWork/FirstPerson/Maps/1stFloorDone/E/Q0/TSNAKDAVH86NMDVCR83V5P.uasset" 8155
"../../../../../../Users/win11/Documents/GitHub/the-last-check-in/Content/__ExternalActors__/lukeWork/FirstPerson/Maps/1stFloorDone/E/RH/TAE762NF1OKUURTFBQF37G.uasset" 8156
"../../../../../../Users/win11/Documents/GitHub/the-last-check-in/Content/__ExternalActors__/lukeWork/FirstPerson/Maps/1stFloorDone/E/RI/IL32RD8BGL7VSNS8BRDMU4.uasset" 8157
"../../../../../../Users/win11/Documents/GitHub/the-last-check-in/Content/__ExternalActors__/lukeWork/FirstPerson/Maps/1stFloorDone/E/SS/9C4ZIC2AWN64MQ90VNNNY5.uasset" 8158
"../../../../../../Users/win11/Documents/GitHub/the-last-check-in/Content/__ExternalActors__/lukeWork/FirstPerson/Maps/1stFloorDone/E/TD/VQY8OXUYQO2K1ZR136UKDV.uasset" 8159
"../../../../../../Users/win11/Documents/GitHub/the-last-check-in/Content/__ExternalActors__/lukeWork/FirstPerson/Maps/1stFloorDone/E/TY/45DJ6GOZ26NEOL4NLUDM6U.uasset" 8160
"../../../../../../Users/win11/Documents/GitHub/the-last-check-in/Content/__ExternalActors__/lukeWork/FirstPerson/Maps/1stFloorDone/E/ZS/6LXT8KB3WTRCS4NOQRQTEZ.uasset" 8161
"../../../../../../Users/win11/Documents/GitHub/the-last-check-in/Content/__ExternalActors__/lukeWork/FirstPerson/Maps/1stFloorDone/E/ZV/ZMW62N6HPXH9ZUND32K97H.uasset" 8162
"../../../../../../Users/win11/Documents/GitHub/the-last-check-in/Content/__ExternalActors__/lukeWork/FirstPerson/Maps/1stFloorDone/F/11/MSJ1M0XTZ3Y89QQHWF35W4.uasset" 8163
"../../../../../../Users/win11/Documents/GitHub/the-last-check-in/Content/__ExternalActors__/lukeWork/FirstPerson/Maps/1stFloorDone/F/1S/Z0ZNZLBG23SY5DB6WKW9GK.uasset" 8164
"../../../../../../Users/win11/Documents/GitHub/the-last-check-in/Content/__ExternalActors__/lukeWork/FirstPerson/Maps/1stFloorDone/F/3N/F0AK02OP8HW1HVGI66BKXH.uasset" 8165
"../../../../../../Users/win11/Documents/GitHub/the-last-check-in/Content/__ExternalActors__/lukeWork/FirstPerson/Maps/1stFloorDone/F/51/6WWY6QA3CLRULA2LF1PK7Z.uasset" 8166
"../../../Engine/Content/EditorResources/LightIcons/S_LightError.uasset" 8167
"C:/Users/win11/Documents/GitHub/the-last-check-in/Content/__ExternalObjects__/lukeWork/FirstPerson/Maps/1stFloorDone/A/VI/7MBC0A0BX1JOVL1FABD0D7.uasset" 8168
"C:/Users/win11/Documents/GitHub/the-last-check-in/Content/__ExternalObjects__/lukeWork/FirstPerson/Maps/1stFloorDone/0/YY/0W9N7SBOELOZR4BGE0CJJ0.uasset" 8169
"C:/Users/win11/Documents/GitHub/the-last-check-in/Content/tomWork/TemplateContent/LevelPrototyping/Meshes/SM_Cube.uasset" 8170
"C:/Users/win11/Documents/GitHub/the-last-check-in/Content/__ExternalObjects__/lukeWork/FirstPerson/Maps/1stFloorDone/2/6G/XEED3QK839YNYDTTEDNL2I.uasset" 8171
"C:/Users/win11/Documents/GitHub/the-last-check-in/Content/__ExternalObjects__/lukeWork/FirstPerson/Maps/1stFloorDone/E/EE/5CHWUNSIYBHLT4T3QGRU5M.uasset" 8172
"C:/Users/win11/Documents/GitHub/the-last-check-in/Content/tomWork/TemplateContent/LevelPrototyping/Meshes/SM_Ramp.uasset" 8173
"C:/Users/win11/Documents/GitHub/the-last-check-in/Content/tomWork/TemplateContent/LevelPrototyping/Meshes/SM_QuarterCylinder.uasset" 8174
"C:/Users/win11/Documents/GitHub/the-last-check-in/Content/tomWork/TemplateContent/LevelPrototyping/Meshes/SM_Cylinder.uasset" 8175
"C:/Users/win11/Documents/GitHub/the-last-check-in/Content/__ExternalObjects__/lukeWork/FirstPerson/Maps/1stFloorDone/5/Q2/GIJTKLFU97EZ7KP77WXS3W.uasset" 8176
"C:/Users/win11/Documents/GitHub/the-last-check-in/Content/__ExternalObjects__/lukeWork/FirstPerson/Maps/1stFloorDone/8/CS/VWICA1VY81VEGU5PXWXPZC.uasset" 8177
"C:/Users/win11/Documents/GitHub/the-last-check-in/Content/TemplateContent/LevelPrototyping/Meshes/SM_Ramp.uasset" 8178
"C:/Users/win11/Documents/GitHub/the-last-check-in/Content/TemplateContent/LevelPrototyping/Meshes/SM_QuarterCylinder.uasset" 8179
"C:/Users/win11/Documents/GitHub/the-last-check-in/Content/TemplateContent/LevelPrototyping/Meshes/SM_Cylinder.uasset" 8180
"../../../../../../Users/win11/Documents/GitHub/the-last-check-in/Content/StarterContent/Maps/StarterMap.umap" 8181
"C:/Users/win11/Documents/GitHub/the-last-check-in/Content/lukeWork/LevelPrototyping/Meshes/SM_Ramp.uasset" 8182
"C:/Users/win11/Documents/GitHub/the-last-check-in/Content/lukeWork/LevelPrototyping/Meshes/SM_QuarterCylinder.uasset" 8183
"C:/Users/win11/Documents/GitHub/the-last-check-in/Content/lukeWork/LevelPrototyping/Meshes/SM_Cylinder.uasset" 8184
"C:/Users/win11/Documents/GitHub/the-last-check-in/Content/lukeWork/SM_MariansStairs.uasset" 8185
"../../../Engine/Plugins/Interchange/Runtime/Content/gltf/MaterialInstances/MI_SpecularGlossiness_Blend_DS.uasset" 8186
"../../../Engine/Plugins/Interchange/Runtime/Content/gltf/MaterialInstances/MI_SpecularGlossiness_Mask_DS.uasset" 8187
"../../../Engine/Plugins/Interchange/Runtime/Content/gltf/MaterialInstances/MI_SpecularGlossiness_Opaque_DS.uasset" 8188
"../../../Engine/Plugins/Interchange/Runtime/Content/gltf/MaterialInstances/MI_SpecularGlossiness_Blend.uasset" 8189
"../../../Engine/Plugins/Interchange/Runtime/Content/gltf/MaterialInstances/MI_SpecularGlossiness_Mask.uasset" 8190
"../../../Engine/Plugins/Interchange/Runtime/Content/gltf/MaterialInstances/MI_SpecularGlossiness_Opaque.uasset" 8191
"../../../Engine/Content/EditorResources/AudioIcons/S_AudioComponent.uasset" 8192
"../../../Engine/Plugins/Interchange/Runtime/Content/gltf/MaterialInstances/MI_Transmission_DS.uasset" 8193
"../../../Engine/Plugins/Interchange/Runtime/Content/gltf/MaterialInstances/MI_Transmission.uasset" 8194
"../../../Engine/Plugins/Interchange/Runtime/Content/gltf/MaterialInstances/MI_Sheen_Blend_DS.uasset" 8195
"../../../Engine/Plugins/Interchange/Runtime/Content/gltf/MaterialInstances/MI_Sheen_Mask_DS.uasset" 8196
"../../../Engine/Plugins/Interchange/Runtime/Content/gltf/MaterialInstances/MI_Sheen_Opaque_DS.uasset" 8197
"../../../Engine/Plugins/Interchange/Runtime/Content/gltf/MaterialInstances/MI_Sheen_Blend.uasset" 8198
"../../../Engine/Plugins/Interchange/Runtime/Content/gltf/MaterialInstances/MI_Sheen_Mask.uasset" 8199
"../../../Engine/Plugins/Interchange/Runtime/Content/gltf/MaterialInstances/MI_Sheen_Opaque.uasset" 8200
"../../../Engine/Plugins/Interchange/Runtime/Content/gltf/MaterialInstances/MI_ClearCoat_Blend_DS.uasset" 8201
"../../../Engine/Plugins/Interchange/Runtime/Content/gltf/MaterialInstances/MI_ClearCoat_Mask_DS.uasset" 8202
"../../../Engine/Plugins/Interchange/Runtime/Content/gltf/MaterialInstances/MI_ClearCoat_Opaque_DS.uasset" 8203
"../../../Engine/Plugins/Interchange/Runtime/Content/gltf/MaterialInstances/MI_ClearCoat_Blend.uasset" 8204
"../../../Engine/Plugins/Interchange/Runtime/Content/gltf/MaterialInstances/MI_ClearCoat_Mask.uasset" 8205
"../../../Engine/Plugins/Interchange/Runtime/Content/gltf/MaterialInstances/MI_ClearCoat_Opaque.uasset" 8206
"../../../Engine/Plugins/Interchange/Runtime/Content/gltf/MaterialInstances/MI_Default_Blend_DS.uasset" 8207
"../../../Engine/Plugins/Interchange/Runtime/Content/gltf/MaterialInstances/MI_Default_Mask_DS.uasset" 8208
"../../../Engine/Plugins/Interchange/Runtime/Content/gltf/MaterialInstances/MI_Default_Opaque_DS.uasset" 8209
"../../../Engine/Plugins/Interchange/Runtime/Content/gltf/MaterialInstances/MI_Default_Blend.uasset" 8210
"../../../Engine/Plugins/Interchange/Runtime/Content/gltf/MaterialInstances/MI_Default_Mask.uasset" 8211
"../../../Engine/Plugins/Interchange/Runtime/Content/gltf/MaterialInstances/MI_Default_Opaque.uasset" 8212
"C:/Users/win11/Documents/GitHub/the-last-check-in/Content/StarterContent/Maps/Advanced_Lighting.umap" 8213
"C:/Users/win11/Documents/GitHub/the-last-check-in/Content/TemplateContent/FirstPersonArms/Character/Mesh/SK_Mannequin_Arms.uasset" 8214
"../../../Engine/Content/EngineSounds/Submixes/MasterEQSubmixDefault.uasset" 8215
"../../../Engine/Content/EngineSounds/Submixes/MasterSubmixDefault.uasset" 8216
"../../../Engine/Content/EngineSounds/Submixes/MasterReverbSubmixDefault.uasset" 8217
"C:/Users/win11/Documents/GitHub/the-last-check-in/Content/tomWork/TemplateContent/FirstPerson/Blueprints/BP_FirstPersonPlayerController.uasset" 8218
"../../../../../../Users/win11/Documents/GitHub/the-last-check-in/Content/StarterContent/Maps/Advanced_Lighting.umap" 8219
"C:/Users/win11/Documents/GitHub/the-last-check-in/Content/ollieWork/Slot_Machine/BP_Lever.uasset" 8220
"C:/Users/win11/Documents/GitHub/the-last-check-in/Content/ollieWork/Slot_Machine/BP_Reward.uasset" 8221
"C:/Users/win11/Documents/GitHub/the-last-check-in/Content/ollieWork/FirstPerson/Blueprints/BP_FirstPersonPlayerOllieController.uasset" 8222
"C:/Users/win11/Documents/GitHub/the-last-check-in/Content/Eben_Work/BP_FirstPersonCharacterEben.uasset" 8223
"C:/Users/win11/Documents/GitHub/the-last-check-in/Content/tomWork/TemplateContent/FirstPerson/Blueprints/BP_FirstPersonGameMode.uasset" 8224
"C:/Users/win11/Documents/GitHub/the-last-check-in/Content/ollieWork/Elevator_System/BP_Buttons.uasset" 8225
"C:/Users/win11/Documents/GitHub/the-last-check-in/Content/ollieWork/Elevator_System/BP_Platform.uasset" 8226
"C:/Users/win11/Documents/GitHub/the-last-check-in/Content/ollieWork/Slot_Machine/BP_EvidenceTable.uasset" 8227
"C:/Users/win11/Documents/GitHub/the-last-check-in/Content/ollieWork/Slot_Machine/BP_SlotMachine.uasset" 8228
"C:/Users/win11/Documents/GitHub/the-last-check-in/Content/Eben_Work/Default__BP_Interactable_C.uasset" 8229
"C:/Users/win11/Documents/GitHub/the-last-check-in/Content/tomWork/TemplateContent/FirstPerson/Maps/DevRoom.umap" 8230
"C:/Users/win11/Documents/GitHub/the-last-check-in/Content/Eben_Work/BP_Interactable_C.uasset" 8231
"C:/Users/win11/Documents/GitHub/the-last-check-in/Content/Eben_Work/BP_Interactable.uasset" 8232
"C:/Users/win11/Documents/GitHub/the-last-check-in/Content/tomWork/TemplateContent/FirstPerson/Maps/FirstPersonMap.umap" 8233
"C:/Users/win11/Documents/GitHub/the-last-check-in/Content/__ExternalObjects__/tomWork/TemplateContent/FirstPerson/Maps/DevRoom/D/ZR/OKBF0O5GKP6XDQI1YFZHDL.uasset" 8234
"C:/Users/win11/Documents/GitHub/the-last-check-in/Content/__ExternalObjects__/tomWork/TemplateContent/FirstPerson/Maps/DevRoom/9/IF/JFE4N8L858YQAU6RXR5D1F.uasset" 8235
"C:/Users/win11/Documents/GitHub/the-last-check-in/Content/__ExternalObjects__/tomWork/TemplateContent/FirstPerson/Maps/DevRoom/7/V0/2GP45TDAXZXL6FGLPT1HA8.uasset" 8236
"C:/Users/win11/Documents/GitHub/the-last-check-in/Content/Eben_Work/BP_JournalTest.uasset" 8237
"C:/Users/win11/Documents/GitHub/the-last-check-in/Content/__ExternalObjects__/tomWork/TemplateContent/FirstPerson/Maps/DevRoom/5/DG/BQSVFQPE6MWEZW0V6BPSYQ.uasset" 8238
"C:/Users/win11/Documents/GitHub/the-last-check-in/Content/__ExternalObjects__/tomWork/TemplateContent/FirstPerson/Maps/DevRoom/4/9A/6ITODGM6E3C8RS4TE6YP1M.uasset" 8239
"C:/Users/win11/Documents/GitHub/the-last-check-in/Content/__ExternalObjects__/tomWork/TemplateContent/FirstPerson/Maps/DevRoom/3/XZ/66E0L64ZHE81H5DMEPCHS0.uasset" 8240
"C:/Users/win11/Documents/GitHub/the-last-check-in/Content/__ExternalObjects__/tomWork/TemplateContent/FirstPerson/Maps/DevRoom/4/S2/YD6MCOTHKRTOOV78TQSDBU.uasset" 8241
"C:/Users/win11/Documents/GitHub/the-last-check-in/Content/__ExternalObjects__/tomWork/TemplateContent/FirstPerson/Maps/DevRoom/0/H2/NPS302B8PGOT4SCE2WYOD2.uasset" 8242
"C:/Users/win11/Documents/GitHub/the-last-check-in/Content/__ExternalObjects__/tomWork/TemplateContent/FirstPerson/Maps/FirstPersonMap/C/TF/OCMBI7RFSABCLU4ASNKXKT.uasset" 8243
"C:/Users/win11/Documents/GitHub/the-last-check-in/Content/__ExternalObjects__/tomWork/TemplateContent/FirstPerson/Maps/FirstPersonMap/B/WH/7BCU2H9EUX3E4RHQ6A58YD.uasset" 8244
"C:/Users/win11/Documents/GitHub/the-last-check-in/Content/__ExternalObjects__/tomWork/TemplateContent/FirstPerson/Maps/FirstPersonMap/A/C5/7B2Y0CT77O024CDUIUJSY0.uasset" 8245
"C:/Users/win11/Documents/GitHub/the-last-check-in/Content/__ExternalObjects__/tomWork/TemplateContent/FirstPerson/Maps/FirstPersonMap/B/VE/Y451OI0F5CFJ5D6RSCSZKA.uasset" 8246
"C:/Users/win11/Documents/GitHub/the-last-check-in/Content/__ExternalObjects__/tomWork/TemplateContent/FirstPerson/Maps/FirstPersonMap/8/3C/UVKJFM73Z63XAVYBEC6X06.uasset" 8247
"C:/Users/win11/Documents/GitHub/the-last-check-in/Content/ollieWork/FirstPerson/Blueprints/BP_FirstPersonPlayerController.uasset" 8248
"C:/Users/win11/Documents/GitHub/the-last-check-in/Content/__ExternalObjects__/tomWork/TemplateContent/FirstPerson/Maps/FirstPersonMap/7/BD/EPYOHXH0HPEHDN2TU88OLU.uasset" 8249
"../../../../../../Users/win11/Documents/GitHub/the-last-check-in/Content/__ExternalActors__/tomWork/TemplateContent/FirstPerson/Maps/DevRoom/5/ZK/EWVZ693WJ9XKX31DJ79YWB.uasset" 8250
"../../../../../../Users/win11/Documents/GitHub/the-last-check-in/Content/__ExternalActors__/tomWork/TemplateContent/FirstPerson/Maps/DevRoom/0/66/BKQO6MD5XWRBCHVU4LQ5GZ.uasset" 8251
"../../../../../../Users/win11/Documents/GitHub/the-last-check-in/Content/__ExternalActors__/tomWork/TemplateContent/FirstPerson/Maps/DevRoom/0/8F/ARDBX0TISU905PBKXKOT3D.uasset" 8252
"../../../../../../Users/win11/Documents/GitHub/the-last-check-in/Content/__ExternalActors__/tomWork/TemplateContent/FirstPerson/Maps/DevRoom/0/DF/H9PL9CBG5M1OLBNS3EJEHM.uasset" 8253
"../../../../../../Users/win11/Documents/GitHub/the-last-check-in/Content/__ExternalActors__/tomWork/TemplateContent/FirstPerson/Maps/DevRoom/0/FM/IFM1OHCLOGYEP29MGVDU0V.uasset" 8254
"../../../../../../Users/win11/Documents/GitHub/the-last-check-in/Content/__ExternalActors__/tomWork/TemplateContent/FirstPerson/Maps/DevRoom/0/UV/59YB1HP9SYMT8DJMXOTXIK.uasset" 8255
"../../../../../../Users/win11/Documents/GitHub/the-last-check-in/Content/__ExternalActors__/tomWork/TemplateContent/FirstPerson/Maps/DevRoom/1/0N/AKR56RRQDVIT9SX7QFARC2.uasset" 8256
"../../../../../../Users/win11/Documents/GitHub/the-last-check-in/Content/__ExternalActors__/tomWork/TemplateContent/FirstPerson/Maps/DevRoom/1/4T/2YX8RZ8FEI76J7CDTKZMZ7.uasset" 8257
"../../../../../../Users/win11/Documents/GitHub/the-last-check-in/Content/__ExternalActors__/tomWork/TemplateContent/FirstPerson/Maps/DevRoom/1/F2/VXD91UEWPG4AF6J4I15OVI.uasset" 8258
"../../../../../../Users/win11/Documents/GitHub/the-last-check-in/Content/__ExternalActors__/tomWork/TemplateContent/FirstPerson/Maps/DevRoom/1/KI/EYFHKJK8OJA944YKEUB823.uasset" 8259
"../../../../../../Users/win11/Documents/GitHub/the-last-check-in/Content/__ExternalActors__/tomWork/TemplateContent/FirstPerson/Maps/DevRoom/1/RM/3FK7BOBEDANJRFUHUYQU9I.uasset" 8260
"../../../../../../Users/win11/Documents/GitHub/the-last-check-in/Content/__ExternalActors__/tomWork/TemplateContent/FirstPerson/Maps/DevRoom/2/60/VYC775NJTX6Q16VDD1T5L1.uasset" 8261
"../../../../../../Users/win11/Documents/GitHub/the-last-check-in/Content/__ExternalActors__/tomWork/TemplateContent/FirstPerson/Maps/DevRoom/2/GJ/OM1W6WYS8OGLEGJL2ERRXA.uasset" 8262
"../../../../../../Users/win11/Documents/GitHub/the-last-check-in/Content/__ExternalActors__/tomWork/TemplateContent/FirstPerson/Maps/DevRoom/2/L5/0VTBF7OMFETLY99YVVO0OO.uasset" 8263
"../../../../../../Users/win11/Documents/GitHub/the-last-check-in/Content/__ExternalActors__/tomWork/TemplateContent/FirstPerson/Maps/DevRoom/2/L9/398PPCPZMVD941XMF74A50.uasset" 8264
"../../../../../../Users/win11/Documents/GitHub/the-last-check-in/Content/__ExternalActors__/tomWork/TemplateContent/FirstPerson/Maps/DevRoom/3/45/J7A0E4TKZT6O4CCIML8GB3.uasset" 8265
"../../../../../../Users/win11/Documents/GitHub/the-last-check-in/Content/__ExternalActors__/tomWork/TemplateContent/FirstPerson/Maps/DevRoom/3/FY/R4K91KO22CS2S0BSHYJ8U5.uasset" 8266
"../../../../../../Users/win11/Documents/GitHub/the-last-check-in/Content/__ExternalActors__/tomWork/TemplateContent/FirstPerson/Maps/DevRoom/3/HU/NTJXXV4LHZ2UPQ1X605YNQ.uasset" 8267
"../../../../../../Users/win11/Documents/GitHub/the-last-check-in/Content/__ExternalActors__/tomWork/TemplateContent/FirstPerson/Maps/DevRoom/4/75/YBID3E3EOKSK80EF1L7V4Y.uasset" 8268
"../../../../../../Users/win11/Documents/GitHub/the-last-check-in/Content/__ExternalActors__/tomWork/TemplateContent/FirstPerson/Maps/DevRoom/4/7K/6KRHR55MW6EGFT3PBWB1MP.uasset" 8269
"../../../../../../Users/win11/Documents/GitHub/the-last-check-in/Content/__ExternalActors__/tomWork/TemplateContent/FirstPerson/Maps/DevRoom/4/PZ/IHJHVZ4FA06J7KYK4VOZMN.uasset" 8270
"../../../../../../Users/win11/Documents/GitHub/the-last-check-in/Content/__ExternalActors__/tomWork/TemplateContent/FirstPerson/Maps/DevRoom/4/V8/6WLZ6ZX1FUGGBWRGSK2RUW.uasset" 8271
"../../../../../../Users/win11/Documents/GitHub/the-last-check-in/Content/__ExternalActors__/tomWork/TemplateContent/FirstPerson/Maps/DevRoom/4/VV/60YMUWNSIMTULSK5PZ13N6.uasset" 8272
"../../../../../../Users/win11/Documents/GitHub/the-last-check-in/Content/__ExternalActors__/tomWork/TemplateContent/FirstPerson/Maps/DevRoom/4/X6/GC4WXJNQ54ERRQ65ZF1W25.uasset" 8273
"../../../../../../Users/win11/Documents/GitHub/the-last-check-in/Content/__ExternalActors__/tomWork/TemplateContent/FirstPerson/Maps/DevRoom/4/XH/LV0TKPZEP5537REVWY6563.uasset" 8274
"../../../../../../Users/win11/Documents/GitHub/the-last-check-in/Content/__ExternalActors__/tomWork/TemplateContent/FirstPerson/Maps/DevRoom/4/ZZ/ZXH2EEKZ3NR22NPVHPKPXE.uasset" 8275
"../../../../../../Users/win11/Documents/GitHub/the-last-check-in/Content/__ExternalActors__/tomWork/TemplateContent/FirstPerson/Maps/DevRoom/5/9U/SH3BMWKOWT00PVNKN4HIBT.uasset" 8276
"../../../../../../Users/win11/Documents/GitHub/the-last-check-in/Content/__ExternalActors__/tomWork/TemplateContent/FirstPerson/Maps/DevRoom/5/J8/IKYNZGYOQR6GZI2HZSDJXX.uasset" 8277
"../../../../../../Users/win11/Documents/GitHub/the-last-check-in/Content/__ExternalActors__/tomWork/TemplateContent/FirstPerson/Maps/DevRoom/5/PL/9F86XG3QZ7WR3JGCHB96PT.uasset" 8278
"../../../../../../Users/win11/Documents/GitHub/the-last-check-in/Content/__ExternalActors__/tomWork/TemplateContent/FirstPerson/Maps/DevRoom/5/QA/VMJ43O10WI76TQ1HD5VQUI.uasset" 8279
"../../../../../../Users/win11/Documents/GitHub/the-last-check-in/Content/__ExternalActors__/tomWork/TemplateContent/FirstPerson/Maps/DevRoom/5/RR/MZW3XGWCB18M1GB47GARXP.uasset" 8280
"../../../../../../Users/win11/Documents/GitHub/the-last-check-in/Content/__ExternalActors__/tomWork/TemplateContent/FirstPerson/Maps/DevRoom/5/YM/3B67G2J5QPLNURG8D1K14X.uasset" 8281
"../../../../../../Users/win11/Documents/GitHub/the-last-check-in/Content/__ExternalActors__/tomWork/TemplateContent/FirstPerson/Maps/DevRoom/6/7S/STRSPWDZCYXHPM1DWXV70S.uasset" 8282
"../../../../../../Users/win11/Documents/GitHub/the-last-check-in/Content/__ExternalActors__/tomWork/TemplateContent/FirstPerson/Maps/DevRoom/6/G8/C9Z94L8IP3AOUXT0ALXURD.uasset" 8283
"../../../../../../Users/win11/Documents/GitHub/the-last-check-in/Content/__ExternalActors__/tomWork/TemplateContent/FirstPerson/Maps/DevRoom/6/K8/N9V1KNQFORY11QM64GH83T.uasset" 8284
"../../../../../../Users/win11/Documents/GitHub/the-last-check-in/Content/__ExternalActors__/tomWork/TemplateContent/FirstPerson/Maps/DevRoom/6/OH/K1Q3B6S600Z2KYA5H369IT.uasset" 8285
"../../../../../../Users/win11/Documents/GitHub/the-last-check-in/Content/__ExternalActors__/tomWork/TemplateContent/FirstPerson/Maps/DevRoom/6/Y2/MN0B4OBGNNSI874JMIMQ5X.uasset" 8286
"../../../../../../Users/win11/Documents/GitHub/the-last-check-in/Content/__ExternalActors__/tomWork/TemplateContent/FirstPerson/Maps/DevRoom/7/4Y/E8Z6UBLMY79G0S0U3TX606.uasset" 8287
"../../../../../../Users/win11/Documents/GitHub/the-last-check-in/Content/__ExternalActors__/tomWork/TemplateContent/FirstPerson/Maps/DevRoom/7/5N/QVQFJUKNMRBLAQNVQ0ERXV.uasset" 8288
"../../../../../../Users/win11/Documents/GitHub/the-last-check-in/Content/__ExternalActors__/tomWork/TemplateContent/FirstPerson/Maps/DevRoom/7/6X/V7Z77I4H2YN23HELEN2NER.uasset" 8289
"../../../../../../Users/win11/Documents/GitHub/the-last-check-in/Content/__ExternalActors__/tomWork/TemplateContent/FirstPerson/Maps/DevRoom/7/FH/ZOGYTTPOW7FGJRLTUVZLI5.uasset" 8290
"../../../../../../Users/win11/Documents/GitHub/the-last-check-in/Content/__ExternalActors__/tomWork/TemplateContent/FirstPerson/Maps/DevRoom/7/J9/TCBDJ7A4QVZDGHJ3Y1PUO3.uasset" 8291
"../../../../../../Users/win11/Documents/GitHub/the-last-check-in/Content/__ExternalActors__/tomWork/TemplateContent/FirstPerson/Maps/DevRoom/7/KK/91K8KMFVHLYXOGS5YWMWQN.uasset" 8292
"../../../../../../Users/win11/Documents/GitHub/the-last-check-in/Content/__ExternalActors__/tomWork/TemplateContent/FirstPerson/Maps/DevRoom/7/TK/2I16N0J0V9KQW8G5ZJB739.uasset" 8293
"../../../../../../Users/win11/Documents/GitHub/the-last-check-in/Content/__ExternalActors__/tomWork/TemplateContent/FirstPerson/Maps/DevRoom/7/X9/Y9JAAO7FT4M7NGETDDUWXV.uasset" 8294
"../../../../../../Users/win11/Documents/GitHub/the-last-check-in/Content/__ExternalActors__/tomWork/TemplateContent/FirstPerson/Maps/DevRoom/8/CS/VNZTH1QM2F8MMBDKAJUBJ7.uasset" 8295
"../../../../../../Users/win11/Documents/GitHub/the-last-check-in/Content/__ExternalActors__/tomWork/TemplateContent/FirstPerson/Maps/DevRoom/8/FG/AD4ZN3X52RK3QV6629XIY3.uasset" 8296
"../../../../../../Users/win11/Documents/GitHub/the-last-check-in/Content/__ExternalActors__/tomWork/TemplateContent/FirstPerson/Maps/DevRoom/8/OP/5WIWJLPOELXSE5P1RIGW7R.uasset" 8297
"../../../../../../Users/win11/Documents/GitHub/the-last-check-in/Content/__ExternalActors__/tomWork/TemplateContent/FirstPerson/Maps/DevRoom/8/ZL/SBRZ04QCLIDYL0N9DKB4PS.uasset" 8298
"../../../../../../Users/win11/Documents/GitHub/the-last-check-in/Content/__ExternalActors__/tomWork/TemplateContent/FirstPerson/Maps/DevRoom/9/6Q/50FA61Y6SURF4HBEMOEVO4.uasset" 8299
"../../../../../../Users/win11/Documents/GitHub/the-last-check-in/Content/__ExternalActors__/tomWork/TemplateContent/FirstPerson/Maps/DevRoom/9/9I/3L3UWTQX6SR0Q1GA0ZHQFH.uasset" 8300
"../../../../../../Users/win11/Documents/GitHub/the-last-check-in/Content/__ExternalActors__/tomWork/TemplateContent/FirstPerson/Maps/DevRoom/9/AH/K8IY2V60IKABZB0EFEU14F.uasset" 8301
"../../../../../../Users/win11/Documents/GitHub/the-last-check-in/Content/__ExternalActors__/tomWork/TemplateContent/FirstPerson/Maps/DevRoom/9/LA/NMZVVVZ23HWIH47X5TXWO7.uasset" 8302
"../../../../../../Users/win11/Documents/GitHub/the-last-check-in/Content/__ExternalActors__/tomWork/TemplateContent/FirstPerson/Maps/DevRoom/9/MP/LLIG71Z7C8TCLNL2DSOMHA.uasset" 8303
"../../../../../../Users/win11/Documents/GitHub/the-last-check-in/Content/__ExternalActors__/tomWork/TemplateContent/FirstPerson/Maps/DevRoom/9/OB/TXWUE11J93JB0YQTTQLTXG.uasset" 8304
"../../../../../../Users/win11/Documents/GitHub/the-last-check-in/Content/__ExternalActors__/tomWork/TemplateContent/FirstPerson/Maps/DevRoom/9/Q0/M1ROPUI8HAT3V21WYF5GCQ.uasset" 8305
"../../../../../../Users/win11/Documents/GitHub/the-last-check-in/Content/__ExternalActors__/tomWork/TemplateContent/FirstPerson/Maps/DevRoom/9/WZ/PF0CYZXB696SFOEJKJ9IUZ.uasset" 8306
"../../../../../../Users/win11/Documents/GitHub/the-last-check-in/Content/__ExternalActors__/tomWork/TemplateContent/FirstPerson/Maps/DevRoom/A/3R/IC7STDVWTYNDR8GNFXCWVV.uasset" 8307
"../../../../../../Users/win11/Documents/GitHub/the-last-check-in/Content/__ExternalActors__/tomWork/TemplateContent/FirstPerson/Maps/DevRoom/A/LT/BMJFGLWQ11V25NEM480BZK.uasset" 8308
"../../../../../../Users/win11/Documents/GitHub/the-last-check-in/Content/__ExternalActors__/tomWork/TemplateContent/FirstPerson/Maps/DevRoom/A/SX/KYJURSBB85MP983DSRMZ6B.uasset" 8309
"../../../../../../Users/win11/Documents/GitHub/the-last-check-in/Content/__ExternalActors__/tomWork/TemplateContent/FirstPerson/Maps/DevRoom/A/WY/XFR2N618TV7P00SG3DFPR0.uasset" 8310
"../../../../../../Users/win11/Documents/GitHub/the-last-check-in/Content/__ExternalActors__/tomWork/TemplateContent/FirstPerson/Maps/DevRoom/A/ZU/1G926JQY90JUXXF43QOI5V.uasset" 8311
"../../../../../../Users/win11/Documents/GitHub/the-last-check-in/Content/__ExternalActors__/tomWork/TemplateContent/FirstPerson/Maps/DevRoom/B/2T/97QDP9P6FW6GP5AIEWYBSL.uasset" 8312
"../../../../../../Users/win11/Documents/GitHub/the-last-check-in/Content/__ExternalActors__/tomWork/TemplateContent/FirstPerson/Maps/DevRoom/B/A0/PJIYRXKB6MS0XBZHECZSFE.uasset" 8313
"../../../../../../Users/win11/Documents/GitHub/the-last-check-in/Content/__ExternalActors__/tomWork/TemplateContent/FirstPerson/Maps/DevRoom/B/F7/Y6JJG9V3L7IQ6PFSV24HPO.uasset" 8314
"../../../../../../Users/win11/Documents/GitHub/the-last-check-in/Content/__ExternalActors__/tomWork/TemplateContent/FirstPerson/Maps/DevRoom/B/GZ/62ORM1S9M3ZG5H81QG3QZ4.uasset" 8315
"../../../../../../Users/win11/Documents/GitHub/the-last-check-in/Content/__ExternalActors__/tomWork/TemplateContent/FirstPerson/Maps/DevRoom/B/Q0/RSO80KU0SVOTXCPKC8XHV0.uasset" 8316
"../../../../../../Users/win11/Documents/GitHub/the-last-check-in/Content/__ExternalActors__/tomWork/TemplateContent/FirstPerson/Maps/DevRoom/C/24/MUM0USKLC5C0KYAU2402I4.uasset" 8317
"../../../../../../Users/win11/Documents/GitHub/the-last-check-in/Content/__ExternalActors__/tomWork/TemplateContent/FirstPerson/Maps/DevRoom/C/CW/AWAC5YU12605SF6PZW2JSK.uasset" 8318
"../../../../../../Users/win11/Documents/GitHub/the-last-check-in/Content/__ExternalActors__/tomWork/TemplateContent/FirstPerson/Maps/DevRoom/C/GE/UZ151IHSUHMTNUV14UBDH0.uasset" 8319
"../../../../../../Users/win11/Documents/GitHub/the-last-check-in/Content/__ExternalActors__/tomWork/TemplateContent/FirstPerson/Maps/DevRoom/C/VQ/66GK6QQXDN3K4KF2QRPRT3.uasset" 8320
"../../../../../../Users/win11/Documents/GitHub/the-last-check-in/Content/__ExternalActors__/tomWork/TemplateContent/FirstPerson/Maps/DevRoom/D/1Q/E3647IVEXOLGMUPZKXFS6O.uasset" 8321
"../../../../../../Users/win11/Documents/GitHub/the-last-check-in/Content/__ExternalActors__/tomWork/TemplateContent/FirstPerson/Maps/DevRoom/D/70/D02H2N9Q5GYLS3V50TMFPP.uasset" 8322
"../../../../../../Users/win11/Documents/GitHub/the-last-check-in/Content/__ExternalActors__/tomWork/TemplateContent/FirstPerson/Maps/DevRoom/D/MK/9FIGMT26LZJL3791AM1PL5.uasset" 8323
"../../../../../../Users/win11/Documents/GitHub/the-last-check-in/Content/__ExternalActors__/tomWork/TemplateContent/FirstPerson/Maps/DevRoom/E/12/TSGAXY6HNEX0K0M8EHLQQF.uasset" 8324
"../../../../../../Users/win11/Documents/GitHub/the-last-check-in/Content/__ExternalActors__/tomWork/TemplateContent/FirstPerson/Maps/DevRoom/E/CI/XNER3Q8OC6GHEFKYCWVBTV.uasset" 8325
"../../../../../../Users/win11/Documents/GitHub/the-last-check-in/Content/__ExternalActors__/tomWork/TemplateContent/FirstPerson/Maps/DevRoom/E/LU/QFDU6WSXRPV572BN42BOTI.uasset" 8326
"../../../../../../Users/win11/Documents/GitHub/the-last-check-in/Content/__ExternalActors__/tomWork/TemplateContent/FirstPerson/Maps/DevRoom/E/M6/G7KP0W7AXZT8WA7DK3QU9P.uasset" 8327
"../../../../../../Users/win11/Documents/GitHub/the-last-check-in/Content/__ExternalActors__/tomWork/TemplateContent/FirstPerson/Maps/DevRoom/E/QQ/U0GK3ZZ6LAWJ3TLAA64JOH.uasset" 8328
"../../../../../../Users/win11/Documents/GitHub/the-last-check-in/Content/__ExternalActors__/tomWork/TemplateContent/FirstPerson/Maps/DevRoom/E/ZO/A0ZXVWN0ZF1CXWOAKSD18W.uasset" 8329
"../../../../../../Users/win11/Documents/GitHub/the-last-check-in/Content/__ExternalActors__/tomWork/TemplateContent/FirstPerson/Maps/DevRoom/F/1K/3X8LIVF3D1WF8U02VCBAHM.uasset" 8330
"../../../../../../Users/win11/Documents/GitHub/the-last-check-in/Content/__ExternalActors__/tomWork/TemplateContent/FirstPerson/Maps/DevRoom/F/1X/A21K222GIVEDHJY5YOK9Q7.uasset" 8331
"C:/Users/win11/Documents/GitHub/the-last-check-in/Content/__ExternalObjects__/tomWork/TemplateContent/FirstPerson/Maps/FirstPersonMap/3/KW/4JNVP2VDYCF80QMXZ5NUEC.uasset" 8332
"C:/Users/win11/Documents/GitHub/the-last-check-in/Content/__ExternalObjects__/tomWork/TemplateContent/FirstPerson/Maps/FirstPersonMap/1/F2/AVA0YMMOHIWSXEBY673UVM.uasset" 8333
